ISO-10303-21;
HEADER;
FILE_DESCRIPTION (( 'STEP AP214' ),
    '1' );
FILE_NAME ('KF301-5.0-2P.STEP',
    '2025-02-20T12:57:44',
    ( 'LENOVO' ),
    ( '' ),
    'SwSTEP 2.0',
    'SolidWorks 2021',
    '' );
FILE_SCHEMA (( 'AUTOMOTIVE_DESIGN' ));
ENDSEC;

DATA;
#1 = DIRECTION ( 'NONE',  ( 0.000000000000000000, 0.000000000000000000, -1.000000000000000000 ) ) ;
#2 = ORIENTED_EDGE ( 'NONE', *, *, #593, .T. ) ;
#3 = EDGE_CURVE ( 'NONE', #563, #2985, #3367, .T. ) ;
#4 = VECTOR ( 'NONE', #1165, 1000.000000000000000 ) ;
#5 = VERTEX_POINT ( 'NONE', #3587 ) ;
#6 = CARTESIAN_POINT ( 'NONE',  ( -2.499999999999999112, 9.500000000000000000, 0.2000000000000005107 ) ) ;
#7 = DIRECTION ( 'NONE',  ( 1.000000000000000000, 0.000000000000000000, 0.000000000000000000 ) ) ;
#8 = EDGE_CURVE ( 'NONE', #2816, #616, #1998, .T. ) ;
#9 = VECTOR ( 'NONE', #920, 1000.000000000000000 ) ;
#10 = VERTEX_POINT ( 'NONE', #727 ) ;
#11 = LINE ( 'NONE', #2163, #1419 ) ;
#12 = DIRECTION ( 'NONE',  ( 1.112002228190260952E-16, -1.000000000000000000, 0.000000000000000000 ) ) ;
#13 = EDGE_LOOP ( 'NONE', ( #163, #177 ) ) ;
#14 = ADVANCED_FACE ( 'NONE', ( #3275 ), #3641, .F. ) ;
#15 = MANIFOLD_SOLID_BREP ( 'Fillet2', #2292 ) ;
#16 = ORIENTED_EDGE ( 'NONE', *, *, #347, .F. ) ;
#17 = CARTESIAN_POINT ( 'NONE',  ( 2.500000000000000000, 10.00000000000000178, -2.649999999999999467 ) ) ;
#18 = EDGE_LOOP ( 'NONE', ( #3245, #1848, #1611, #864, #1828, #861, #282, #3290, #3628, #1941, #1819, #3646 ) ) ;
#19 = EDGE_LOOP ( 'NONE', ( #3025, #1772, #1714, #1751 ) ) ;
#20 = VECTOR ( 'NONE', #3313, 1000.000000000000000 ) ;
#21 = ORIENTED_EDGE ( 'NONE', *, *, #1106, .T. ) ;
#22 = CARTESIAN_POINT ( 'NONE',  ( -2.124999999999998668, 9.199999999999999289, -0.9499999999999990674 ) ) ;
#23 = CARTESIAN_POINT ( 'NONE',  ( -4.299999999999999822, 5.900000000000000355, 2.299999999999999822 ) ) ;
#24 = DIRECTION ( 'NONE',  ( -0.000000000000000000, -1.000000000000000000, -0.000000000000000000 ) ) ;
#25 = ORIENTED_EDGE ( 'NONE', *, *, #1699, .T. ) ;
#26 = VERTEX_POINT ( 'NONE', #1970 ) ;
#27 = VECTOR ( 'NONE', #3351, 1000.000000000000000 ) ;
#28 = DIRECTION ( 'NONE',  ( 0.000000000000000000, 0.000000000000000000, 1.000000000000000000 ) ) ;
#29 = ORIENTED_EDGE ( 'NONE', *, *, #301, .F. ) ;
#30 = DIRECTION ( 'NONE',  ( -0.000000000000000000, 1.000000000000000000, -0.000000000000000000 ) ) ;
#31 = VERTEX_POINT ( 'NONE', #1669 ) ;
#32 = VERTEX_POINT ( 'NONE', #2350 ) ;
#33 = DIRECTION ( 'NONE',  ( 1.000000000000000000, 0.000000000000000000, 0.000000000000000000 ) ) ;
#34 = VERTEX_POINT ( 'NONE', #3562 ) ;
#35 = VECTOR ( 'NONE', #3895, 1000.000000000000000 ) ;
#36 = AXIS2_PLACEMENT_3D ( 'NONE', #2079, #1334, #3422 ) ;
#37 = DIRECTION ( 'NONE',  ( 0.000000000000000000, -1.000000000000000000, 0.000000000000000000 ) ) ;
#38 = ORIENTED_EDGE ( 'NONE', *, *, #3383, .T. ) ;
#39 = CARTESIAN_POINT ( 'NONE',  ( 4.299999999999999822, 5.900000000000001243, -3.020000000000000018 ) ) ;
#40 = ORIENTED_EDGE ( 'NONE', *, *, #363, .T. ) ;
#41 = EDGE_CURVE ( 'NONE', #289, #419, #1891, .T. ) ;
#42 = AXIS2_PLACEMENT_3D ( 'NONE', #1339, #3570, #2614 ) ;
#43 = ORIENTED_EDGE ( 'NONE', *, *, #1070, .T. ) ;
#44 = ORIENTED_EDGE ( 'NONE', *, *, #792, .T. ) ;
#45 = VECTOR ( 'NONE', #1693, 1000.000000000000000 ) ;
#46 = DIRECTION ( 'NONE',  ( -1.000000000000000000, 1.269183751937411383E-15, 0.000000000000000000 ) ) ;
#47 = EDGE_CURVE ( 'NONE', #2992, #2472, #3293, .T. ) ;
#48 = CARTESIAN_POINT ( 'NONE',  ( -2.499999999999999112, 9.199999999999999289, 0.2000000000000005107 ) ) ;
#49 = ORIENTED_EDGE ( 'NONE', *, *, #4099, .F. ) ;
#50 = ORIENTED_EDGE ( 'NONE', *, *, #2149, .T. ) ;
#51 = EDGE_CURVE ( 'NONE', #2548, #1439, #698, .T. ) ;
#52 = DIRECTION ( 'NONE',  ( -0.000000000000000000, -0.000000000000000000, -1.000000000000000000 ) ) ;
#53 = ORIENTED_EDGE ( 'NONE', *, *, #414, .T. ) ;
#54 = VERTEX_POINT ( 'NONE', #2636 ) ;
#55 = FACE_OUTER_BOUND ( 'NONE', #2750, .T. ) ;
#56 = VERTEX_POINT ( 'NONE', #2995 ) ;
#57 = ADVANCED_FACE ( 'NONE', ( #706 ), #3716, .F. ) ;
#58 = EDGE_CURVE ( 'NONE', #2992, #2548, #741, .T. ) ;
#59 = EDGE_LOOP ( 'NONE', ( #2238, #1873, #384, #3252 ) ) ;
#60 = CARTESIAN_POINT ( 'NONE',  ( 2.500000000000000000, 1.000000000000000000, -0.3999999999999993006 ) ) ;
#61 = DIRECTION ( 'NONE',  ( -0.000000000000000000, 1.000000000000000000, -0.000000000000000000 ) ) ;
#63 = ORIENTED_EDGE ( 'NONE', *, *, #2105, .T. ) ;
#62 = AXIS2_PLACEMENT_3D ( 'NONE', #1900, #4095, #952 ) ;
#64 = ORIENTED_EDGE ( 'NONE', *, *, #3752, .T. ) ;
#65 = CIRCLE ( 'NONE', #2946, 2.000000000000000000 ) ;
#66 = ORIENTED_EDGE ( 'NONE', *, *, #4171, .T. ) ;
#67 = DIRECTION ( 'NONE',  ( 0.000000000000000000, 0.000000000000000000, 1.000000000000000000 ) ) ;
#68 = ADVANCED_FACE ( 'NONE', ( #2125 ), #3948, .T. ) ;
#69 = ORIENTED_EDGE ( 'NONE', *, *, #848, .F. ) ;
#70 = DIRECTION ( 'NONE',  ( 0.000000000000000000, -0.000000000000000000, -1.000000000000000000 ) ) ;
#71 = EDGE_LOOP ( 'NONE', ( #3398, #116, #4104, #87 ) ) ;
#72 = CARTESIAN_POINT ( 'NONE',  ( 0.6325150603016909123, 9.500000000000000000, -0.1499999999999994393 ) ) ;
#73 = ORIENTED_EDGE ( 'NONE', *, *, #1145, .F. ) ;
#74 = EDGE_CURVE ( 'NONE', #2822, #2990, #649, .T. ) ;
#75 = LINE ( 'NONE', #1573, #1524 ) ;
#76 = CARTESIAN_POINT ( 'NONE',  ( 2.125000000000001332, 9.500000000000000000, -0.1499999999999994671 ) ) ;
#77 = SURFACE_STYLE_USAGE ( .BOTH. , #3000 ) ;
#78 = VERTEX_POINT ( 'NONE', #780 ) ;
#79 = DIRECTION ( 'NONE',  ( 1.204669080539449344E-16, -1.000000000000000000, 0.000000000000000000 ) ) ;
#80 = ORIENTED_EDGE ( 'NONE', *, *, #1025, .T. ) ;
#81 = VERTEX_POINT ( 'NONE', #1053 ) ;
#82 = FACE_OUTER_BOUND ( 'NONE', #1191, .T. ) ;
#83 = VERTEX_POINT ( 'NONE', #3734 ) ;
#84 = CARTESIAN_POINT ( 'NONE',  ( 3.100000000000000089, 5.368065933568310300, 0.2000000000000005107 ) ) ;
#85 = DIRECTION ( 'NONE',  ( -0.000000000000000000, -1.000000000000000000, -0.000000000000000000 ) ) ;
#86 = ORIENTED_EDGE ( 'NONE', *, *, #2131, .F. ) ;
#87 = ORIENTED_EDGE ( 'NONE', *, *, #4008, .T. ) ;
#88 = VECTOR ( 'NONE', #359, 1000.000000000000000 ) ;
#89 = ORIENTED_EDGE ( 'NONE', *, *, #3394, .F. ) ;
#90 = ORIENTED_EDGE ( 'NONE', *, *, #2780, .F. ) ;
#91 = DIRECTION ( 'NONE',  ( 0.000000000000000000, 0.000000000000000000, 1.000000000000000000 ) ) ;
#92 = CARTESIAN_POINT ( 'NONE',  ( 5.000000000000000000, 9.199999999999999289, 0.000000000000000000 ) ) ;
#93 = VERTEX_POINT ( 'NONE', #1034 ) ;
#94 = ORIENTED_EDGE ( 'NONE', *, *, #1284, .T. ) ;
#95 = CARTESIAN_POINT ( 'NONE',  ( 5.000000000000000000, 0.000000000000000000, 2.800000000000000266 ) ) ;
#96 = LINE ( 'NONE', #2683, #45 ) ;
#97 = AXIS2_PLACEMENT_3D ( 'NONE', #3711, #164, #1441 ) ;
#98 = VERTEX_POINT ( 'NONE', #463 ) ;
#99 = ADVANCED_FACE ( 'NONE', ( #752 ), #3447, .F. ) ;
#100 = VERTEX_POINT ( 'NONE', #491 ) ;
#101 = DIRECTION ( 'NONE',  ( 0.000000000000000000, 0.000000000000000000, 1.000000000000000000 ) ) ;
#102 = AXIS2_PLACEMENT_3D ( 'NONE', #2999, #2107, #1330 ) ;
#103 = EDGE_CURVE ( 'NONE', #3912, #2880, #3489, .T. ) ;
#104 = ORIENTED_EDGE ( 'NONE', *, *, #2318, .F. ) ;
#105 = DIRECTION ( 'NONE',  ( 1.000000000000000000, 0.000000000000000000, 0.000000000000000000 ) ) ;
#106 = EDGE_LOOP ( 'NONE', ( #251, #3818, #1548, #3185 ) ) ;
#107 = CYLINDRICAL_SURFACE ( 'NONE', #3740, 1.899999999999999911 ) ;
#108 = DIRECTION ( 'NONE',  ( -0.000000000000000000, 1.000000000000000000, -0.000000000000000000 ) ) ;
#109 = EDGE_CURVE ( 'NONE', #2879, #1156, #617, .T. ) ;
#110 = EDGE_LOOP ( 'NONE', ( #4036, #357, #1529, #3136, #2842, #1624 ) ) ;
#111 = ADVANCED_FACE ( 'NONE', ( #3453 ), #2204, .F. ) ;
#112 = CARTESIAN_POINT ( 'NONE',  ( -4.299999999999998934, 0.9999999999999995559, 2.299999999999999822 ) ) ;
#113 = DIRECTION ( 'NONE',  ( 0.000000000000000000, 1.000000000000000000, 0.000000000000000000 ) ) ;
#114 = ORIENTED_EDGE ( 'NONE', *, *, #2491, .F. ) ;
#115 = EDGE_CURVE ( 'NONE', #2816, #1673, #2084, .T. ) ;
#116 = ORIENTED_EDGE ( 'NONE', *, *, #1459, .T. ) ;
#117 = VECTOR ( 'NONE', #2155, 1000.000000000000000 ) ;
#118 = EDGE_CURVE ( 'NONE', #153, #1632, #719, .T. ) ;
#119 = DIRECTION ( 'NONE',  ( 0.000000000000000000, -1.000000000000000000, 0.000000000000000000 ) ) ;
#120 = ORIENTED_EDGE ( 'NONE', *, *, #2085, .F. ) ;
#121 = VERTEX_POINT ( 'NONE', #1762 ) ;
#122 = CARTESIAN_POINT ( 'NONE',  ( -4.299999999999999822, 5.900000000000000355, 2.800000000000000266 ) ) ;
#123 = DIRECTION ( 'NONE',  ( -1.327594496921025224E-16, 1.000000000000000000, 0.000000000000000000 ) ) ;
#124 = ORIENTED_EDGE ( 'NONE', *, *, #2446, .T. ) ;
#125 = ORIENTED_EDGE ( 'NONE', *, *, #2388, .T. ) ;
#126 = EDGE_CURVE ( 'NONE', #1908, #100, #2101, .T. ) ;
#127 = LINE ( 'NONE', #3942, #2938 ) ;
#128 = VERTEX_POINT ( 'NONE', #2251 ) ;
#129 = PLANE ( 'NONE',  #3591 ) ;
#130 = ORIENTED_EDGE ( 'NONE', *, *, #3799, .T. ) ;
#131 = CARTESIAN_POINT ( 'NONE',  ( 0.7000000000000009548, 5.045748461694008924, 2.800000000000000266 ) ) ;
#132 = ORIENTED_EDGE ( 'NONE', *, *, #3, .F. ) ;
#133 = EDGE_LOOP ( 'NONE', ( #1314, #4154, #2760, #1250, #4169, #4073, #2748, #4090 ) ) ;
#134 = LINE ( 'NONE', #4092, #1505 ) ;
#135 = ORIENTED_EDGE ( 'NONE', *, *, #750, .T. ) ;
#136 = DIRECTION ( 'NONE',  ( 1.000000000000000000, 0.000000000000000000, 0.000000000000000000 ) ) ;
#137 = EDGE_LOOP ( 'NONE', ( #2604, #1823 ) ) ;
#138 = DIRECTION ( 'NONE',  ( 0.000000000000000000, -1.000000000000000000, 0.000000000000000000 ) ) ;
#139 = ORIENTED_EDGE ( 'NONE', *, *, #1777, .T. ) ;
#140 = PLANE ( 'NONE',  #3919 ) ;
#141 = ORIENTED_EDGE ( 'NONE', *, *, #707, .T. ) ;
#142 = FACE_OUTER_BOUND ( 'NONE', #454, .T. ) ;
#143 = EDGE_LOOP ( 'NONE', ( #2067, #3235, #3469, #2280 ) ) ;
#144 = CARTESIAN_POINT ( 'NONE',  ( -2.499999999999999112, 8.500000000000000000, 0.2000000000000005107 ) ) ;
#145 = EDGE_LOOP ( 'NONE', ( #390, #2792, #1401, #1811 ) ) ;
#146 = EDGE_LOOP ( 'NONE', ( #2900, #2298, #2863, #1184, #2658 ) ) ;
#147 = VERTEX_POINT ( 'NONE', #3962 ) ;
#148 = LINE ( 'NONE', #1973, #1489 ) ;
#149 = DIRECTION ( 'NONE',  ( 0.000000000000000000, 0.000000000000000000, 1.000000000000000000 ) ) ;
#150 = ORIENTED_EDGE ( 'NONE', *, *, #2388, .F. ) ;
#151 = DIRECTION ( 'NONE',  ( -0.000000000000000000, -1.000000000000000000, -0.000000000000000000 ) ) ;
#152 = ADVANCED_FACE ( 'NONE', ( #2158 ), #129, .F. ) ;
#153 = VERTEX_POINT ( 'NONE', #513 ) ;
#154 = CARTESIAN_POINT ( 'NONE',  ( 0.7000000000000000666, 5.900000000000000355, -3.020000000000000018 ) ) ;
#155 = DIRECTION ( 'NONE',  ( -1.112002228190260952E-16, 1.000000000000000000, -0.000000000000000000 ) ) ;
#156 = ORIENTED_EDGE ( 'NONE', *, *, #1045, .T. ) ;
#157 = ORIENTED_EDGE ( 'NONE', *, *, #3752, .F. ) ;
#158 = LINE ( 'NONE', #1113, #2931 ) ;
#159 = AXIS2_PLACEMENT_3D ( 'NONE', #95, #1201, #674 ) ;
#160 = EDGE_CURVE ( 'NONE', #429, #93, #676, .T. ) ;
#161 = EDGE_LOOP ( 'NONE', ( #2041, #2476, #668, #3194 ) ) ;
#162 = DIRECTION ( 'NONE',  ( 0.000000000000000000, 0.000000000000000000, 1.000000000000000000 ) ) ;
#163 = ORIENTED_EDGE ( 'NONE', *, *, #3815, .T. ) ;
#164 = DIRECTION ( 'NONE',  ( 1.204669080539449344E-16, -1.000000000000000000, 0.000000000000000000 ) ) ;
#165 = PLANE ( 'NONE',  #1101 ) ;
#166 = EDGE_CURVE ( 'NONE', #3945, #1920, #3501, .T. ) ;
#167 = EDGE_LOOP ( 'NONE', ( #1818, #1901, #4150, #2803 ) ) ;
#168 = EDGE_LOOP ( 'NONE', ( #1455, #2935, #2835, #1980 ) ) ;
#169 = CIRCLE ( 'NONE', #3427, 1.450000000000000400 ) ;
#170 = AXIS2_PLACEMENT_3D ( 'NONE', #3347, #1321, #755 ) ;
#171 = EDGE_CURVE ( 'NONE', #2287, #1346, #2170, .T. ) ;
#172 = ORIENTED_EDGE ( 'NONE', *, *, #2010, .F. ) ;
#173 = ORIENTED_EDGE ( 'NONE', *, *, #1231, .T. ) ;
#174 = EDGE_CURVE ( 'NONE', #403, #98, #682, .T. ) ;
#175 = CARTESIAN_POINT ( 'NONE',  ( 1.900000000000000133, 5.368065933568310300, 3.800000000000000266 ) ) ;
#176 = EDGE_CURVE ( 'NONE', #859, #3147, #2108, .T. ) ;
#177 = ORIENTED_EDGE ( 'NONE', *, *, #998, .T. ) ;
#178 = DIRECTION ( 'NONE',  ( -0.5372996083468184469, -0.8433914458128891622, 0.000000000000000000 ) ) ;
#179 = CIRCLE ( 'NONE', #4054, 1.899999999999999911 ) ;
#180 = ORIENTED_EDGE ( 'NONE', *, *, #1407, .F. ) ;
#181 = EDGE_CURVE ( 'NONE', #2964, #32, #622, .T. ) ;
#182 = CARTESIAN_POINT ( 'NONE',  ( -0.7000000000000009548, 5.045748461694009812, 2.800000000000000266 ) ) ;
#183 = CARTESIAN_POINT ( 'NONE',  ( 1.500000000000000444, 2.640000000000001013, -0.5199999999999995737 ) ) ;
#184 = VECTOR ( 'NONE', #3190, 1000.000000000000000 ) ;
#185 = AXIS2_PLACEMENT_3D ( 'NONE', #2278, #3792, #1937 ) ;
#186 = EDGE_LOOP ( 'NONE', ( #4113, #4085, #3865, #2258 ) ) ;
#187 = FACE_OUTER_BOUND ( 'NONE', #287, .T. ) ;
#188 = DIRECTION ( 'NONE',  ( 0.000000000000000000, 0.000000000000000000, -1.000000000000000000 ) ) ;
#189 = VERTEX_POINT ( 'NONE', #3172 ) ;
#190 = DIRECTION ( 'NONE',  ( 0.000000000000000000, -0.4817536741017101609, 0.8763066800438664705 ) ) ;
#191 = FACE_BOUND ( 'NONE', #1946, .T. ) ;
#192 = PLANE ( 'NONE',  #2141 ) ;
#193 = ORIENTED_EDGE ( 'NONE', *, *, #41, .T. ) ;
#194 = CIRCLE ( 'NONE', #2781, 0.2999999999999999334 ) ;
#195 = VERTEX_POINT ( 'NONE', #1110 ) ;
#196 = CARTESIAN_POINT ( 'NONE',  ( 2.875000000000001332, 9.199999999999999289, 0.5500000000000004885 ) ) ;
#197 = FACE_OUTER_BOUND ( 'NONE', #2591, .T. ) ;
#198 = CARTESIAN_POINT ( 'NONE',  ( -1.949999999999999734, 8.817654389267289616, -2.649999999999999467 ) ) ;
#199 = ORIENTED_EDGE ( 'NONE', *, *, #2094, .F. ) ;
#200 = VECTOR ( 'NONE', #2581, 1000.000000000000000 ) ;
#201 = ORIENTED_EDGE ( 'NONE', *, *, #2967, .F. ) ;
#202 = LINE ( 'NONE', #3753, #329 ) ;
#203 = DIRECTION ( 'NONE',  ( 0.000000000000000000, -1.000000000000000000, 0.000000000000000000 ) ) ;
#204 = ORIENTED_EDGE ( 'NONE', *, *, #2448, .F. ) ;
#205 = LINE ( 'NONE', #1483, #3026 ) ;
#206 = PLANE ( 'NONE',  #1302 ) ;
#207 = ORIENTED_EDGE ( 'NONE', *, *, #4022, .F. ) ;
#208 = DIRECTION ( 'NONE',  ( 0.000000000000000000, 0.000000000000000000, 1.000000000000000000 ) ) ;
#209 = DIRECTION ( 'NONE',  ( -0.000000000000000000, -1.000000000000000000, -0.000000000000000000 ) ) ;
#210 = ORIENTED_EDGE ( 'NONE', *, *, #1229, .T. ) ;
#211 = LINE ( 'NONE', #1646, #219 ) ;
#212 = DIRECTION ( 'NONE',  ( 0.000000000000000000, 0.000000000000000000, 1.000000000000000000 ) ) ;
#213 = ORIENTED_EDGE ( 'NONE', *, *, #3073, .F. ) ;
#214 = CIRCLE ( 'NONE', #3522, 1.450000000000000400 ) ;
#215 = AXIS2_PLACEMENT_3D ( 'NONE', #1575, #1975, #2297 ) ;
#216 = EDGE_CURVE ( 'NONE', #31, #3424, #3496, .T. ) ;
#217 = DIRECTION ( 'NONE',  ( -1.112002228190260952E-16, 1.000000000000000000, -0.000000000000000000 ) ) ;
#218 = VERTEX_POINT ( 'NONE', #2179 ) ;
#219 = VECTOR ( 'NONE', #1266, 1000.000000000000000 ) ;
#220 = DIRECTION ( 'NONE',  ( 1.000000000000000000, 0.000000000000000000, -1.224646799147353207E-16 ) ) ;
#221 = EDGE_CURVE ( 'NONE', #1273, #1328, #693, .T. ) ;
#222 = ORIENTED_EDGE ( 'NONE', *, *, #540, .F. ) ;
#223 = AXIS2_PLACEMENT_3D ( 'NONE', #1982, #1681, #2301 ) ;
#224 = FACE_OUTER_BOUND ( 'NONE', #2634, .T. ) ;
#225 = DIRECTION ( 'NONE',  ( -1.000000000000000000, 1.269183751937411383E-15, 0.000000000000000000 ) ) ;
#226 = CARTESIAN_POINT ( 'NONE',  ( 2.875000000000001332, 9.199999999999999289, -0.9499999999999990674 ) ) ;
#227 = EDGE_LOOP ( 'NONE', ( #4096, #2766, #2730, #2783, #4093, #1410, #2807, #1976 ) ) ;
#228 = EDGE_CURVE ( 'NONE', #2754, #1957, #3441, .T. ) ;
#229 = EDGE_LOOP ( 'NONE', ( #482, #3346, #3269, #1879 ) ) ;
#230 = VECTOR ( 'NONE', #1013, 1000.000000000000000 ) ;
#231 = CARTESIAN_POINT ( 'NONE',  ( 3.500000000000000000, 3.790000000000000924, 2.300000000000000266 ) ) ;
#232 = ORIENTED_EDGE ( 'NONE', *, *, #160, .F. ) ;
#233 = EDGE_CURVE ( 'NONE', #1421, #2287, #630, .T. ) ;
#234 = FACE_OUTER_BOUND ( 'NONE', #1748, .T. ) ;
#235 = ORIENTED_EDGE ( 'NONE', *, *, #842, .F. ) ;
#236 = ORIENTED_EDGE ( 'NONE', *, *, #1109, .T. ) ;
#237 = DIRECTION ( 'NONE',  ( -0.000000000000000000, 1.000000000000000000, -0.000000000000000000 ) ) ;
#238 = DIRECTION ( 'NONE',  ( -1.000000000000000000, -2.409338161078898687E-16, 0.000000000000000000 ) ) ;
#239 = LINE ( 'NONE', #3061, #305 ) ;
#240 = ORIENTED_EDGE ( 'NONE', *, *, #3134, .F. ) ;
#241 = ORIENTED_EDGE ( 'NONE', *, *, #3965, .T. ) ;
#242 = EDGE_CURVE ( 'NONE', #1532, #1425, #3506, .T. ) ;
#243 = SURFACE_STYLE_USAGE ( .BOTH. , #2572 ) ;
#244 = ORIENTED_EDGE ( 'NONE', *, *, #703, .T. ) ;
#245 = DIRECTION ( 'NONE',  ( -0.000000000000000000, 1.000000000000000000, -0.000000000000000000 ) ) ;
#246 = VECTOR ( 'NONE', #3527, 1000.000000000000000 ) ;
#247 = ADVANCED_FACE ( 'NONE', ( #669 ), #1438, .F. ) ;
#248 = DIRECTION ( 'NONE',  ( 0.000000000000000000, 0.000000000000000000, 1.000000000000000000 ) ) ;
#249 = ORIENTED_EDGE ( 'NONE', *, *, #1362, .T. ) ;
#250 = VECTOR ( 'NONE', #1844, 1000.000000000000000 ) ;
#251 = ORIENTED_EDGE ( 'NONE', *, *, #1002, .F. ) ;
#252 = DIRECTION ( 'NONE',  ( 2.224004456380522396E-16, -1.000000000000000000, 0.000000000000000000 ) ) ;
#253 = VERTEX_POINT ( 'NONE', #2524 ) ;
#254 = DIRECTION ( 'NONE',  ( 0.000000000000000000, 1.000000000000000000, 0.000000000000000000 ) ) ;
#255 = FACE_OUTER_BOUND ( 'NONE', #1520, .T. ) ;
#256 = CARTESIAN_POINT ( 'NONE',  ( -2.499999999999999112, 9.500000000000000000, 0.2000000000000005107 ) ) ;
#257 = DIRECTION ( 'NONE',  ( 0.000000000000000000, 0.000000000000000000, -1.000000000000000000 ) ) ;
#258 = ORIENTED_EDGE ( 'NONE', *, *, #3479, .T. ) ;
#259 = CIRCLE ( 'NONE', #3613, 1.450000000000000400 ) ;
#260 = VERTEX_POINT ( 'NONE', #1929 ) ;
#261 = ORIENTED_EDGE ( 'NONE', *, *, #2184, .T. ) ;
#262 = FACE_OUTER_BOUND ( 'NONE', #3316, .T. ) ;
#263 = DIRECTION ( 'NONE',  ( -1.112002228190260952E-16, 1.000000000000000000, -0.000000000000000000 ) ) ;
#264 = VERTEX_POINT ( 'NONE', #667 ) ;
#265 = CIRCLE ( 'NONE', #417, 0.5999999999999998668 ) ;
#266 = ORIENTED_EDGE ( 'NONE', *, *, #3803, .F. ) ;
#267 = ORIENTED_EDGE ( 'NONE', *, *, #2027, .T. ) ;
#268 = LINE ( 'NONE', #3365, #3024 ) ;
#269 = DIRECTION ( 'NONE',  ( 0.000000000000000000, 0.9755345439458581458, -0.2198462043528308096 ) ) ;
#270 = PLANE ( 'NONE',  #4004 ) ;
#271 = DIRECTION ( 'NONE',  ( 0.000000000000000000, 0.000000000000000000, -1.000000000000000000 ) ) ;
#272 = ORIENTED_EDGE ( 'NONE', *, *, #2629, .F. ) ;
#273 = ORIENTED_EDGE ( 'NONE', *, *, #109, .T. ) ;
#274 = PRESENTATION_LAYER_ASSIGNMENT (  '', '', ( #746 ) ) ;
#275 = ORIENTED_EDGE ( 'NONE', *, *, #2484, .T. ) ;
#276 = DIRECTION ( 'NONE',  ( -0.000000000000000000, -0.000000000000000000, 1.000000000000000000 ) ) ;
#277 = PRESENTATION_STYLE_ASSIGNMENT (( #1369 ) ) ;
#278 = DIRECTION ( 'NONE',  ( 0.000000000000000000, 0.000000000000000000, -1.000000000000000000 ) ) ;
#279 = ORIENTED_EDGE ( 'NONE', *, *, #4158, .T. ) ;
#280 = VERTEX_POINT ( 'NONE', #1500 ) ;
#281 = CARTESIAN_POINT ( 'NONE',  ( -0.6999999999999992895, 1.000000000000000000, 2.299999999999999822 ) ) ;
#282 = ORIENTED_EDGE ( 'NONE', *, *, #2377, .T. ) ;
#283 = EDGE_CURVE ( 'NONE', #653, #1531, #2135, .T. ) ;
#284 = FACE_OUTER_BOUND ( 'NONE', #1050, .T. ) ;
#285 = ADVANCED_FACE ( 'NONE', ( #712 ), #735, .T. ) ;
#286 = DIRECTION ( 'NONE',  ( -1.000000000000000000, 0.000000000000000000, 0.000000000000000000 ) ) ;
#287 = EDGE_LOOP ( 'NONE', ( #3111, #2, #1163, #3104 ) ) ;
#288 = VECTOR ( 'NONE', #3642, 1000.000000000000000 ) ;
#289 = VERTEX_POINT ( 'NONE', #3238 ) ;
#290 = ADVANCED_FACE ( 'NONE', ( #2050 ), #945, .F. ) ;
#291 = ORIENTED_EDGE ( 'NONE', *, *, #1100, .T. ) ;
#292 = DIRECTION ( 'NONE',  ( -1.112002228190260952E-16, 1.000000000000000000, -0.000000000000000000 ) ) ;
#293 = ORIENTED_EDGE ( 'NONE', *, *, #4114, .F. ) ;
#294 = EDGE_CURVE ( 'NONE', #195, #315, #3534, .T. ) ;
#295 = DIRECTION ( 'NONE',  ( 0.000000000000000000, 0.000000000000000000, -1.000000000000000000 ) ) ;
#296 = ORIENTED_EDGE ( 'NONE', *, *, #3015, .T. ) ;
#297 = DIRECTION ( 'NONE',  ( 1.000000000000000000, 0.000000000000000000, 0.000000000000000000 ) ) ;
#298 = VECTOR ( 'NONE', #915, 1000.000000000000000 ) ;
#299 = ORIENTED_EDGE ( 'NONE', *, *, #3434, .T. ) ;
#300 = VERTEX_POINT ( 'NONE', #2483 ) ;
#301 = EDGE_CURVE ( 'NONE', #2801, #2226, #640, .T. ) ;
#302 = EDGE_LOOP ( 'NONE', ( #1277, #2774, #1168, #3128 ) ) ;
#303 = CARTESIAN_POINT ( 'NONE',  ( -4.299999999999999822, 5.900000000000000355, 2.800000000000000266 ) ) ;
#304 = CARTESIAN_POINT ( 'NONE',  ( -3.499999999999999556, 3.790000000000000924, 2.800000000000000266 ) ) ;
#305 = VECTOR ( 'NONE', #237, 1000.000000000000000 ) ;
#306 = CARTESIAN_POINT ( 'NONE',  ( -2.500000000000000000, 5.368065933568310300, 0.2000000000000005107 ) ) ;
#307 = CARTESIAN_POINT ( 'NONE',  ( 2.500000000000000888, -3.700000000000000178, 0.2000000000000005107 ) ) ;
#308 = ORIENTED_EDGE ( 'NONE', *, *, #927, .F. ) ;
#309 = VERTEX_POINT ( 'NONE', #2272 ) ;
#310 = ORIENTED_EDGE ( 'NONE', *, *, #1643, .T. ) ;
#311 = DIRECTION ( 'NONE',  ( 0.000000000000000000, 0.000000000000000000, 1.000000000000000000 ) ) ;
#312 = ORIENTED_EDGE ( 'NONE', *, *, #363, .F. ) ;
#313 = CARTESIAN_POINT ( 'NONE',  ( 2.500000000000000888, 8.500000000000000000, 0.2000000000000005107 ) ) ;
#314 = VECTOR ( 'NONE', #2009, 1000.000000000000000 ) ;
#315 = VERTEX_POINT ( 'NONE', #3537 ) ;
#316 = LINE ( 'NONE', #2779, #1602 ) ;
#317 = ORIENTED_EDGE ( 'NONE', *, *, #1777, .F. ) ;
#318 = ORIENTED_EDGE ( 'NONE', *, *, #3566, .T. ) ;
#319 = DIRECTION ( 'NONE',  ( -0.4999999999999951705, 0.000000000000000000, -0.8660254037844413721 ) ) ;
#320 = ORIENTED_EDGE ( 'NONE', *, *, #634, .F. ) ;
#321 = FACE_BOUND ( 'NONE', #1095, .T. ) ;
#322 = DIRECTION ( 'NONE',  ( 1.777380610631974876E-17, 0.000000000000000000, -1.000000000000000000 ) ) ;
#323 = DIRECTION ( 'NONE',  ( -0.000000000000000000, 0.000000000000000000, -1.000000000000000000 ) ) ;
#324 = ORIENTED_EDGE ( 'NONE', *, *, #1956, .F. ) ;
#325 = ORIENTED_EDGE ( 'NONE', *, *, #3894, .F. ) ;
#326 = EDGE_LOOP ( 'NONE', ( #1838, #372 ) ) ;
#327 = CARTESIAN_POINT ( 'NONE',  ( 1.500000000000000444, 3.215000000000000746, 1.900000000000000577 ) ) ;
#328 = ORIENTED_EDGE ( 'NONE', *, *, #4171, .F. ) ;
#329 = VECTOR ( 'NONE', #2474, 1000.000000000000000 ) ;
#330 = ADVANCED_FACE ( 'NONE', ( #3543, #2059 ), #2858, .F. ) ;
#331 = CARTESIAN_POINT ( 'NONE',  ( -5.000000000000000888, 6.700000000000000178, 3.750000000000000444 ) ) ;
#332 = ORIENTED_EDGE ( 'NONE', *, *, #242, .T. ) ;
#333 = CYLINDRICAL_SURFACE ( 'NONE', #3308, 0.5500000000000001554 ) ;
#334 = VERTEX_POINT ( 'NONE', #3807 ) ;
#335 = EDGE_LOOP ( 'NONE', ( #1628, #349 ) ) ;
#336 = ORIENTED_EDGE ( 'NONE', *, *, #3713, .T. ) ;
#337 = AXIS2_PLACEMENT_3D ( 'NONE', #3712, #3731, #1114 ) ;
#338 = CARTESIAN_POINT ( 'NONE',  ( -3.050000000000000266, 10.00000000000000178, -2.649999999999999467 ) ) ;
#339 = PLANE ( 'NONE',  #397 ) ;
#340 = CARTESIAN_POINT ( 'NONE',  ( -3.499999999999999556, 2.640000000000001013, 2.000000000000000444 ) ) ;
#341 = AXIS2_PLACEMENT_3D ( 'NONE', #1064, #2398, #2672 ) ;
#342 = ORIENTED_EDGE ( 'NONE', *, *, #2269, .T. ) ;
#343 = FACE_OUTER_BOUND ( 'NONE', #1556, .T. ) ;
#344 = ORIENTED_EDGE ( 'NONE', *, *, #47, .T. ) ;
#345 = DIRECTION ( 'NONE',  ( -0.000000000000000000, 1.000000000000000000, -0.000000000000000000 ) ) ;
#346 = CARTESIAN_POINT ( 'NONE',  ( -2.124999999999998668, 9.199999999999999289, 0.5500000000000004885 ) ) ;
#347 = EDGE_CURVE ( 'NONE', #2880, #1352, #2765, .T. ) ;
#348 = DIRECTION ( 'NONE',  ( -0.000000000000000000, -0.000000000000000000, 1.000000000000000000 ) ) ;
#349 = ORIENTED_EDGE ( 'NONE', *, *, #3442, .T. ) ;
#350 = CARTESIAN_POINT ( 'NONE',  ( 0.7000000000000009548, 0.9999999999999995559, 9.880296045424104889 ) ) ;
#351 = EDGE_CURVE ( 'NONE', #3424, #121, #2698, .T. ) ;
#352 = LINE ( 'NONE', #2413, #184 ) ;
#353 = DIRECTION ( 'NONE',  ( 1.000000000000000000, 0.000000000000000000, -1.224646799147353207E-16 ) ) ;
#354 = ORIENTED_EDGE ( 'NONE', *, *, #957, .T. ) ;
#355 = VECTOR ( 'NONE', #3736, 1000.000000000000000 ) ;
#356 = ORIENTED_EDGE ( 'NONE', *, *, #2623, .T. ) ;
#357 = ORIENTED_EDGE ( 'NONE', *, *, #788, .T. ) ;
#358 = FACE_OUTER_BOUND ( 'NONE', #2234, .T. ) ;
#359 = DIRECTION ( 'NONE',  ( 1.770125995894700463E-16, -1.000000000000000000, 0.000000000000000000 ) ) ;
#360 = ORIENTED_EDGE ( 'NONE', *, *, #2414, .F. ) ;
#361 = LINE ( 'NONE', #175, #1625 ) ;
#362 = VERTEX_POINT ( 'NONE', #3560 ) ;
#363 = EDGE_CURVE ( 'NONE', #570, #563, #4086, .T. ) ;
#364 = PLANE ( 'NONE',  #633 ) ;
#365 = DIRECTION ( 'NONE',  ( -0.000000000000000000, -0.000000000000000000, -1.000000000000000000 ) ) ;
#366 = ORIENTED_EDGE ( 'NONE', *, *, #2785, .T. ) ;
#367 = VECTOR ( 'NONE', #902, 1000.000000000000000 ) ;
#368 = DIRECTION ( 'NONE',  ( 3.771137991253928573E-16, 1.000000000000000000, 0.000000000000000000 ) ) ;
#369 = ORIENTED_EDGE ( 'NONE', *, *, #3542, .F. ) ;
#370 = CARTESIAN_POINT ( 'NONE',  ( -1.900000000000000133, 5.368065933568310300, 3.800000000000000266 ) ) ;
#371 = CIRCLE ( 'NONE', #1062, 0.5000000000000000000 ) ;
#372 = ORIENTED_EDGE ( 'NONE', *, *, #845, .T. ) ;
#373 = ORIENTED_EDGE ( 'NONE', *, *, #1158, .T. ) ;
#374 = CARTESIAN_POINT ( 'NONE',  ( -4.330000000000000071, -3.899999999999999023, -2.409585481156657494 ) ) ;
#375 = CARTESIAN_POINT ( 'NONE',  ( 1.050000000000000044, 2.999999999999999112, -3.799999999999998934 ) ) ;
#376 = LINE ( 'NONE', #1590, #521 ) ;
#377 = ADVANCED_FACE ( 'NONE', ( #2759 ), #637, .F. ) ;
#378 = ORIENTED_EDGE ( 'NONE', *, *, #2744, .T. ) ;
#379 = VECTOR ( 'NONE', #1234, 1000.000000000000000 ) ;
#380 = EDGE_LOOP ( 'NONE', ( #3139, #2647, #1297, #1803 ) ) ;
#381 = CARTESIAN_POINT ( 'NONE',  ( -2.874999999999998668, 9.500000000000000000, 0.5500000000000004885 ) ) ;
#382 = ADVANCED_FACE ( 'NONE', ( #2751 ), #1312, .T. ) ;
#383 = CARTESIAN_POINT ( 'NONE',  ( 2.125000000000001332, 9.500000000000000000, 0.5500000000000004885 ) ) ;
#384 = ORIENTED_EDGE ( 'NONE', *, *, #2612, .T. ) ;
#385 = DIRECTION ( 'NONE',  ( 0.000000000000000000, 0.000000000000000000, 1.000000000000000000 ) ) ;
#386 = VECTOR ( 'NONE', #2915, 1000.000000000000000 ) ;
#387 = CARTESIAN_POINT ( 'NONE',  ( 4.299999999999998934, 5.045748461694009812, 2.800000000000000266 ) ) ;
#388 = VERTEX_POINT ( 'NONE', #2893 ) ;
#389 = CIRCLE ( 'NONE', #991, 0.5000000000000000000 ) ;
#390 = ORIENTED_EDGE ( 'NONE', *, *, #2242, .T. ) ;
#391 = VERTEX_POINT ( 'NONE', #892 ) ;
#392 = CARTESIAN_POINT ( 'NONE',  ( -4.367484939698309532, 9.500000000000000000, 0.5500000000000004885 ) ) ;
#393 = VERTEX_POINT ( 'NONE', #2507 ) ;
#394 = FACE_BOUND ( 'NONE', #335, .T. ) ;
#395 = EDGE_LOOP ( 'NONE', ( #2625, #3959 ) ) ;
#396 = DIRECTION ( 'NONE',  ( 1.000000000000000000, 0.000000000000000000, 0.000000000000000000 ) ) ;
#397 = AXIS2_PLACEMENT_3D ( 'NONE', #2514, #714, #1239 ) ;
#398 = DIRECTION ( 'NONE',  ( 0.000000000000000000, 0.000000000000000000, -1.000000000000000000 ) ) ;
#399 = ORIENTED_EDGE ( 'NONE', *, *, #3067, .T. ) ;
#400 = FACE_OUTER_BOUND ( 'NONE', #888, .T. ) ;
#401 = CARTESIAN_POINT ( 'NONE',  ( 4.999999999999999112, 6.700000000000000178, 3.750000000000000444 ) ) ;
#402 = EDGE_CURVE ( 'NONE', #280, #2726, #1355, .T. ) ;
#403 = VERTEX_POINT ( 'NONE', #1864 ) ;
#404 = AXIS2_PLACEMENT_3D ( 'NONE', #1167, #3770, #3533 ) ;
#405 = CARTESIAN_POINT ( 'NONE',  ( 0.000000000000000000, 9.500000000000000000, 0.000000000000000000 ) ) ;
#406 = CYLINDRICAL_SURFACE ( 'NONE', #1701, 0.7999999999999999334 ) ;
#407 = VERTEX_POINT ( 'NONE', #2464 ) ;
#408 = VERTEX_POINT ( 'NONE', #2767 ) ;
#409 = DIRECTION ( 'NONE',  ( -1.000000000000000000, 0.000000000000000000, -0.000000000000000000 ) ) ;
#410 = DIRECTION ( 'NONE',  ( 0.000000000000000000, -0.000000000000000000, 1.000000000000000000 ) ) ;
#411 = FACE_OUTER_BOUND ( 'NONE', #2818, .T. ) ;
#412 = EDGE_CURVE ( 'NONE', #362, #1256, #2821, .T. ) ;
#413 = EDGE_LOOP ( 'NONE', ( #2542, #1423, #2868, #3244 ) ) ;
#414 = EDGE_CURVE ( 'NONE', #1357, #470, #4137, .T. ) ;
#415 = VECTOR ( 'NONE', #3166, 1000.000000000000000 ) ;
#416 = ORIENTED_EDGE ( 'NONE', *, *, #2484, .F. ) ;
#417 = AXIS2_PLACEMENT_3D ( 'NONE', #3389, #2969, #3900 ) ;
#418 = CARTESIAN_POINT ( 'NONE',  ( -0.6999999999999998446, 5.900000000000001243, 3.800000000000000266 ) ) ;
#419 = VERTEX_POINT ( 'NONE', #758 ) ;
#420 = LINE ( 'NONE', #1435, #3246 ) ;
#421 = EDGE_CURVE ( 'NONE', #3228, #1479, #1400, .T. ) ;
#422 = DIRECTION ( 'NONE',  ( -0.000000000000000000, 1.000000000000000000, -0.000000000000000000 ) ) ;
#423 = ORIENTED_EDGE ( 'NONE', *, *, #1587, .T. ) ;
#424 = MECHANICAL_DESIGN_GEOMETRIC_PRESENTATION_REPRESENTATION (  '', ( #3584 ), #1850 ) ;
#425 = FACE_OUTER_BOUND ( 'NONE', #229, .T. ) ;
#426 = ORIENTED_EDGE ( 'NONE', *, *, #4022, .T. ) ;
#427 = ADVANCED_FACE ( 'NONE', ( #1394 ), #2127, .F. ) ;
#428 = CARTESIAN_POINT ( 'NONE',  ( -4.367484939698309532, 9.199999999999999289, -0.1499999999999994393 ) ) ;
#429 = VERTEX_POINT ( 'NONE', #428 ) ;
#430 = VECTOR ( 'NONE', #1756, 1000.000000000000000 ) ;
#431 = DIRECTION ( 'NONE',  ( -0.000000000000000000, 0.000000000000000000, 1.000000000000000000 ) ) ;
#432 = DIRECTION ( 'NONE',  ( -1.000000000000000000, 0.000000000000000000, -0.000000000000000000 ) ) ;
#433 = VERTEX_POINT ( 'NONE', #1032 ) ;
#434 = VERTEX_POINT ( 'NONE', #2602 ) ;
#435 = AXIS2_PLACEMENT_3D ( 'NONE', #3775, #1219, #929 ) ;
#436 = ADVANCED_FACE ( 'NONE', ( #4069 ), #3733, .F. ) ;
#437 = DIRECTION ( 'NONE',  ( -1.000000000000000000, 0.000000000000000000, 0.000000000000000000 ) ) ;
#438 = CARTESIAN_POINT ( 'NONE',  ( 3.499999999999999556, 3.440000000000000835, 2.800000000000000266 ) ) ;
#439 = ORIENTED_EDGE ( 'NONE', *, *, #3582, .F. ) ;
#440 = PLANE ( 'NONE',  #2667 ) ;
#441 = ORIENTED_EDGE ( 'NONE', *, *, #3195, .T. ) ;
#442 = CARTESIAN_POINT ( 'NONE',  ( -3.499999999999999556, 3.215000000000000746, -5.101015377165675879 ) ) ;
#443 = FACE_OUTER_BOUND ( 'NONE', #143, .T. ) ;
#444 = EDGE_LOOP ( 'NONE', ( #1265, #261 ) ) ;
#445 = PRESENTATION_LAYER_ASSIGNMENT (  '', '', ( #2470 ) ) ;
#446 = VERTEX_POINT ( 'NONE', #832 ) ;
#447 = EDGE_LOOP ( 'NONE', ( #1398, #3234, #135, #2015 ) ) ;
#448 = DIRECTION ( 'NONE',  ( 0.000000000000000000, -1.000000000000000000, 0.000000000000000000 ) ) ;
#449 = LINE ( 'NONE', #3575, #3256 ) ;
#450 = ORIENTED_EDGE ( 'NONE', *, *, #488, .F. ) ;
#451 = LINE ( 'NONE', #1014, #1855 ) ;
#452 = PLANE ( 'NONE',  #1584 ) ;
#453 = CARTESIAN_POINT ( 'NONE',  ( 2.125000000000001332, 9.199999999999999289, 1.350000000000000977 ) ) ;
#454 = EDGE_LOOP ( 'NONE', ( #1808, #1179, #1251, #3074, #3987, #441, #4007, #3084 ) ) ;
#455 = EDGE_LOOP ( 'NONE', ( #825, #3632, #1502, #2908 ) ) ;
#456 = CARTESIAN_POINT ( 'NONE',  ( -4.299999999999998934, 0.9999999999999995559, 2.299999999999999822 ) ) ;
#457 = VECTOR ( 'NONE', #238, 1000.000000000000000 ) ;
#458 = ORIENTED_EDGE ( 'NONE', *, *, #4105, .T. ) ;
#459 = LINE ( 'NONE', #2013, #3200 ) ;
#460 = DIRECTION ( 'NONE',  ( 0.000000000000000000, 0.000000000000000000, 1.000000000000000000 ) ) ;
#461 = VERTEX_POINT ( 'NONE', #3878 ) ;
#462 = VERTEX_POINT ( 'NONE', #1702 ) ;
#463 = CARTESIAN_POINT ( 'NONE',  ( 2.875000000000001332, 9.500000000000000000, 0.5500000000000004885 ) ) ;
#464 = CARTESIAN_POINT ( 'NONE',  ( -3.950000000000000178, 2.999999999999999112, 2.300000000000000266 ) ) ;
#465 = CARTESIAN_POINT ( 'NONE',  ( -2.499999999999999112, -3.700000000000000178, 0.7000000000000003997 ) ) ;
#466 = VERTEX_POINT ( 'NONE', #1077 ) ;
#467 = CARTESIAN_POINT ( 'NONE',  ( -2.499999999999999112, 8.500000000000000000, 2.200000000000000622 ) ) ;
#468 = CARTESIAN_POINT ( 'NONE',  ( -1.900000000000000133, 0.000000000000000000, 0.2000000000000005107 ) ) ;
#469 = DIRECTION ( 'NONE',  ( 0.000000000000000000, 1.000000000000000000, 0.000000000000000000 ) ) ;
#470 = VERTEX_POINT ( 'NONE', #3639 ) ;
#471 = EDGE_CURVE ( 'NONE', #4102, #334, #1286, .T. ) ;
#472 = STYLED_ITEM ( 'NONE', ( #856 ), #2073 ) ;
#473 = ORIENTED_EDGE ( 'NONE', *, *, #3195, .F. ) ;
#474 = PLANE ( 'NONE',  #341 ) ;
#475 = VERTEX_POINT ( 'NONE', #1008 ) ;
#476 = ORIENTED_EDGE ( 'NONE', *, *, #2231, .T. ) ;
#477 = DIRECTION ( 'NONE',  ( 0.000000000000000000, 1.000000000000000000, 0.000000000000000000 ) ) ;
#478 = LINE ( 'NONE', #3765, #367 ) ;
#479 = ORIENTED_EDGE ( 'NONE', *, *, #216, .F. ) ;
#480 = EDGE_CURVE ( 'NONE', #1888, #1910, #1409, .T. ) ;
#481 = VERTEX_POINT ( 'NONE', #779 ) ;
#482 = ORIENTED_EDGE ( 'NONE', *, *, #946, .T. ) ;
#483 = CARTESIAN_POINT ( 'NONE',  ( -0.6999999999999998446, 5.900000000000001243, -3.020000000000000018 ) ) ;
#484 = FACE_OUTER_BOUND ( 'NONE', #2737, .T. ) ;
#485 =( GEOMETRIC_REPRESENTATION_CONTEXT ( 3 ) GLOBAL_UNCERTAINTY_ASSIGNED_CONTEXT ( ( #2369 ) ) GLOBAL_UNIT_ASSIGNED_CONTEXT ( ( #813, #598, #1058 ) ) REPRESENTATION_CONTEXT ( 'NONE', 'WORKASPACE' ) );
#486 = ORIENTED_EDGE ( 'NONE', *, *, #2336, .F. ) ;
#487 = DIRECTION ( 'NONE',  ( 0.000000000000000000, 0.000000000000000000, -1.000000000000000000 ) ) ;
#488 = EDGE_CURVE ( 'NONE', #2717, #407, #1374, .T. ) ;
#489 = VERTEX_POINT ( 'NONE', #1288 ) ;
#490 = VERTEX_POINT ( 'NONE', #2159 ) ;
#491 = CARTESIAN_POINT ( 'NONE',  ( 4.367484939698311308, 9.199999999999999289, 0.5500000000000004885 ) ) ;
#492 = ORIENTED_EDGE ( 'NONE', *, *, #1836, .F. ) ;
#493 = CIRCLE ( 'NONE', #2348, 0.4999999999999998890 ) ;
#494 = CARTESIAN_POINT ( 'NONE',  ( -1.500000000000000222, 3.215000000000000746, -0.5199999999999995737 ) ) ;
#495 = EDGE_CURVE ( 'NONE', #1788, #1673, #1259, .T. ) ;
#496 = ORIENTED_EDGE ( 'NONE', *, *, #1467, .T. ) ;
#497 = ORIENTED_EDGE ( 'NONE', *, *, #2618, .F. ) ;
#498 = DIRECTION ( 'NONE',  ( 0.000000000000000000, -0.000000000000000000, 1.000000000000000000 ) ) ;
#499 = VERTEX_POINT ( 'NONE', #3053 ) ;
#500 = ORIENTED_EDGE ( 'NONE', *, *, #1452, .T. ) ;
#501 = ORIENTED_EDGE ( 'NONE', *, *, #3189, .T. ) ;
#502 = FACE_OUTER_BOUND ( 'NONE', #146, .T. ) ;
#503 = ORIENTED_EDGE ( 'NONE', *, *, #3582, .T. ) ;
#504 = DIRECTION ( 'NONE',  ( 1.000000000000000000, 0.000000000000000000, 0.000000000000000000 ) ) ;
#505 = ORIENTED_EDGE ( 'NONE', *, *, #3493, .T. ) ;
#506 = ORIENTED_EDGE ( 'NONE', *, *, #2313, .T. ) ;
#507 = ORIENTED_EDGE ( 'NONE', *, *, #115, .F. ) ;
#508 = ORIENTED_EDGE ( 'NONE', *, *, #1887, .F. ) ;
#509 = CARTESIAN_POINT ( 'NONE',  ( 2.875000000000001332, 9.199999999999999289, 1.350000000000000977 ) ) ;
#510 = CARTESIAN_POINT ( 'NONE',  ( 1.500000000000000444, 2.640000000000001013, -0.5199999999999995737 ) ) ;
#511 = VECTOR ( 'NONE', #3014, 1000.000000000000000 ) ;
#512 = ORIENTED_EDGE ( 'NONE', *, *, #3621, .T. ) ;
#513 = CARTESIAN_POINT ( 'NONE',  ( 0.7000000000000000666, 5.900000000000000355, 3.800000000000000266 ) ) ;
#514 = EDGE_LOOP ( 'NONE', ( #426, #2723, #3210, #2585 ) ) ;
#515 = ADVANCED_FACE ( 'NONE', ( #1340 ), #3444, .F. ) ;
#516 = CARTESIAN_POINT ( 'NONE',  ( -3.100000000000000089, 5.368065933568310300, 3.800000000000000266 ) ) ;
#517 = ORIENTED_EDGE ( 'NONE', *, *, #1293, .T. ) ;
#518 = ORIENTED_EDGE ( 'NONE', *, *, #4117, .T. ) ;
#519 = CARTESIAN_POINT ( 'NONE',  ( 2.500000000000000888, 5.900000000000000355, -2.649999999999999467 ) ) ;
#520 = ORIENTED_EDGE ( 'NONE', *, *, #1887, .T. ) ;
#521 = VECTOR ( 'NONE', #1952, 1000.000000000000000 ) ;
#522 = CARTESIAN_POINT ( 'NONE',  ( 3.950000000000000178, 2.999999999999999112, -3.799999999999998934 ) ) ;
#523 = ORIENTED_EDGE ( 'NONE', *, *, #1245, .F. ) ;
#524 = AXIS2_PLACEMENT_3D ( 'NONE', #2504, #751, #3197 ) ;
#525 = ORIENTED_EDGE ( 'NONE', *, *, #3914, .F. ) ;
#526 = ORIENTED_EDGE ( 'NONE', *, *, #879, .T. ) ;
#527 = ORIENTED_EDGE ( 'NONE', *, *, #3479, .F. ) ;
#528 = AXIS2_PLACEMENT_3D ( 'NONE', #984, #3823, #1458 ) ;
#529 = ORIENTED_EDGE ( 'NONE', *, *, #4019, .T. ) ;
#530 = FACE_OUTER_BOUND ( 'NONE', #2532, .T. ) ;
#531 = CARTESIAN_POINT ( 'NONE',  ( 2.875000000000001332, 9.199999999999999289, 1.350000000000000977 ) ) ;
#532 = EDGE_CURVE ( 'NONE', #1363, #466, #1304, .T. ) ;
#533 = VERTEX_POINT ( 'NONE', #3694 ) ;
#534 = EDGE_CURVE ( 'NONE', #2048, #2717, #2722, .T. ) ;
#535 = VERTEX_POINT ( 'NONE', #1356 ) ;
#536 = VECTOR ( 'NONE', #368, 1000.000000000000000 ) ;
#537 = ORIENTED_EDGE ( 'NONE', *, *, #801, .T. ) ;
#538 = EDGE_LOOP ( 'NONE', ( #104, #1919, #2012, #3062 ) ) ;
#539 = FACE_OUTER_BOUND ( 'NONE', #13, .T. ) ;
#540 = EDGE_CURVE ( 'NONE', #816, #1055, #1322, .T. ) ;
#541 = VERTEX_POINT ( 'NONE', #1630 ) ;
#542 = VERTEX_POINT ( 'NONE', #3669 ) ;
#543 = DIRECTION ( 'NONE',  ( 1.000000000000000000, 0.000000000000000000, 0.000000000000000000 ) ) ;
#544 = LINE ( 'NONE', #2791, #3167 ) ;
#545 = EDGE_LOOP ( 'NONE', ( #89, #2907, #1461, #537, #526, #53, #1453, #1912 ) ) ;
#546 = ORIENTED_EDGE ( 'NONE', *, *, #1943, .T. ) ;
#547 = DIRECTION ( 'NONE',  ( -1.000000000000000000, 0.000000000000000000, 0.000000000000000000 ) ) ;
#548 = LINE ( 'NONE', #2371, #1950 ) ;
#549 = EDGE_LOOP ( 'NONE', ( #621, #3876, #2500, #2026, #2466, #1881, #1893 ) ) ;
#550 = CARTESIAN_POINT ( 'NONE',  ( 4.299999999999999822, 5.900000000000001243, -3.020000000000000018 ) ) ;
#551 = EDGE_LOOP ( 'NONE', ( #3997, #2873, #2616, #1657 ) ) ;
#552 = VECTOR ( 'NONE', #2815, 1000.000000000000000 ) ;
#553 = ORIENTED_EDGE ( 'NONE', *, *, #2014, .F. ) ;
#554 = ORIENTED_EDGE ( 'NONE', *, *, #2342, .T. ) ;
#555 = ORIENTED_EDGE ( 'NONE', *, *, #1715, .T. ) ;
#556 = CARTESIAN_POINT ( 'NONE',  ( 3.500000000000000000, 3.790000000000000924, 2.300000000000000266 ) ) ;
#557 = AXIS2_PLACEMENT_3D ( 'NONE', #2394, #3416, #1078 ) ;
#558 = LINE ( 'NONE', #2588, #379 ) ;
#559 = ORIENTED_EDGE ( 'NONE', *, *, #1796, .T. ) ;
#560 = CYLINDRICAL_SURFACE ( 'NONE', #2099, 0.5000000000000000000 ) ;
#561 = DIRECTION ( 'NONE',  ( 0.000000000000000000, 1.000000000000000000, 0.000000000000000000 ) ) ;
#562 = EDGE_LOOP ( 'NONE', ( #2827, #172 ) ) ;
#563 = VERTEX_POINT ( 'NONE', #2036 ) ;
#564 = DIRECTION ( 'NONE',  ( -0.000000000000000000, -0.000000000000000000, -1.000000000000000000 ) ) ;
#565 = CARTESIAN_POINT ( 'NONE',  ( -2.874999999999998668, 9.199999999999999289, 0.5500000000000004885 ) ) ;
#566 = CARTESIAN_POINT ( 'NONE',  ( -4.530000000000000249, 0.000000000000000000, -2.409585481156657938 ) ) ;
#567 = LINE ( 'NONE', #2244, #2006 ) ;
#568 = VERTEX_POINT ( 'NONE', #2331 ) ;
#569 = LINE ( 'NONE', #1835, #3414 ) ;
#570 = VERTEX_POINT ( 'NONE', #3899 ) ;
#571 = DIRECTION ( 'NONE',  ( 0.000000000000000000, 0.000000000000000000, 1.000000000000000000 ) ) ;
#572 = VERTEX_POINT ( 'NONE', #2186 ) ;
#573 = CARTESIAN_POINT ( 'NONE',  ( 2.500000000000000000, 0.9999999999999997780, 0.2000000000000005107 ) ) ;
#574 = FACE_OUTER_BOUND ( 'NONE', #1866, .T. ) ;
#575 = ORIENTED_EDGE ( 'NONE', *, *, #74, .T. ) ;
#576 = DIRECTION ( 'NONE',  ( 0.000000000000000000, 0.000000000000000000, 1.000000000000000000 ) ) ;
#577 = FACE_OUTER_BOUND ( 'NONE', #1708, .T. ) ;
#578 = ORIENTED_EDGE ( 'NONE', *, *, #166, .F. ) ;
#579 = DIRECTION ( 'NONE',  ( 1.000000000000000000, 0.000000000000000000, 0.000000000000000000 ) ) ;
#580 = ORIENTED_EDGE ( 'NONE', *, *, #1002, .T. ) ;
#581 = VECTOR ( 'NONE', #1718, 1000.000000000000000 ) ;
#582 = ORIENTED_EDGE ( 'NONE', *, *, #3184, .F. ) ;
#583 = CYLINDRICAL_SURFACE ( 'NONE', #2535, 1.899999999999999911 ) ;
#584 = AXIS2_PLACEMENT_3D ( 'NONE', #2544, #1248, #2851 ) ;
#585 = ORIENTED_EDGE ( 'NONE', *, *, #2533, .T. ) ;
#586 = EDGE_CURVE ( 'NONE', #2487, #2897, #2713, .T. ) ;
#587 = ORIENTED_EDGE ( 'NONE', *, *, #3662, .F. ) ;
#588 = LINE ( 'NONE', #679, #1863 ) ;
#589 = EDGE_CURVE ( 'NONE', #3283, #2662, #1366, .T. ) ;
#590 = VERTEX_POINT ( 'NONE', #858 ) ;
#591 = CIRCLE ( 'NONE', #1720, 0.2999999999999999334 ) ;
#592 = CARTESIAN_POINT ( 'NONE',  ( -4.299999999999998934, 0.9999999999999991118, 3.800000000000000266 ) ) ;
#593 = EDGE_CURVE ( 'NONE', #32, #4102, #2806, .T. ) ;
#594 = ORIENTED_EDGE ( 'NONE', *, *, #3394, .T. ) ;
#595 = EDGE_LOOP ( 'NONE', ( #1723, #1638, #49, #1336 ) ) ;
#596 = ADVANCED_FACE ( 'NONE', ( #2705 ), #3088, .F. ) ;
#597 = CARTESIAN_POINT ( 'NONE',  ( 2.875000000000001332, 9.199999999999999289, 0.5500000000000004885 ) ) ;
#598 =( NAMED_UNIT ( * ) PLANE_ANGLE_UNIT ( ) SI_UNIT ( $, .RADIAN. ) );
#599 = VECTOR ( 'NONE', #276, 1000.000000000000000 ) ;
#600 = CARTESIAN_POINT ( 'NONE',  ( 2.500000000000000888, 8.500000000000000000, -1.699999999999999512 ) ) ;
#601 = LINE ( 'NONE', #3151, #687 ) ;
#602 = ORIENTED_EDGE ( 'NONE', *, *, #3961, .T. ) ;
#603 = CARTESIAN_POINT ( 'NONE',  ( -1.500000000000000222, 3.440000000000000835, 2.000000000000000444 ) ) ;
#604 = COLOUR_RGB ( '',0.7921568627450980005, 0.8196078431372548767, 0.9333333333333333481 ) ;
#605 = CARTESIAN_POINT ( 'NONE',  ( -1.500000000000000444, 2.640000000000001013, 2.800000000000000266 ) ) ;
#606 = EDGE_CURVE ( 'NONE', #3337, #2487, #2685, .T. ) ;
#607 = CYLINDRICAL_SURFACE ( 'NONE', #2890, 0.5999999999999998668 ) ;
#608 = DIRECTION ( 'NONE',  ( 1.000000000000000000, 0.000000000000000000, 0.000000000000000000 ) ) ;
#609 = AXIS2_PLACEMENT_3D ( 'NONE', #3971, #2993, #3384 ) ;
#610 = VERTEX_POINT ( 'NONE', #1907 ) ;
#611 = SURFACE_STYLE_FILL_AREA ( #948 ) ;
#612 = CARTESIAN_POINT ( 'NONE',  ( 3.499999999999999556, 3.440000000000000835, 2.000000000000000444 ) ) ;
#613 = CIRCLE ( 'NONE', #1285, 1.899999999999999689 ) ;
#614 = ADVANCED_FACE ( 'NONE', ( #1295 ), #1416, .F. ) ;
#615 = VECTOR ( 'NONE', #1544, 1000.000000000000000 ) ;
#616 = VERTEX_POINT ( 'NONE', #2475 ) ;
#617 = CIRCLE ( 'NONE', #557, 0.5999999999999998668 ) ;
#618 = VECTOR ( 'NONE', #2358, 1000.000000000000114 ) ;
#619 = LINE ( 'NONE', #2745, #2080 ) ;
#620 = PLANE ( 'NONE',  #2443 ) ;
#621 = ORIENTED_EDGE ( 'NONE', *, *, #2340, .T. ) ;
#622 = CIRCLE ( 'NONE', #1860, 0.1999999999999996503 ) ;
#623 = DIRECTION ( 'NONE',  ( 1.000000000000000000, 0.000000000000000000, 0.000000000000000000 ) ) ;
#624 = CARTESIAN_POINT ( 'NONE',  ( -5.000000000000000888, 6.700000000000000178, 3.800000000000000266 ) ) ;
#625 = LINE ( 'NONE', #1049, #2181 ) ;
#626 = DIRECTION ( 'NONE',  ( -0.000000000000000000, 1.000000000000000000, -0.000000000000000000 ) ) ;
#627 = FACE_OUTER_BOUND ( 'NONE', #1992, .T. ) ;
#628 = ORIENTED_EDGE ( 'NONE', *, *, #283, .F. ) ;
#629 = CARTESIAN_POINT ( 'NONE',  ( 2.125000000000001332, 9.500000000000000000, -0.9499999999999990674 ) ) ;
#630 = LINE ( 'NONE', #1380, #2113 ) ;
#631 = CARTESIAN_POINT ( 'NONE',  ( -5.000000000000000888, -3.899999999999999023, -2.949999999999929567 ) ) ;
#632 = VECTOR ( 'NONE', #2124, 1000.000000000000000 ) ;
#633 = AXIS2_PLACEMENT_3D ( 'NONE', #2299, #2531, #3594 ) ;
#634 = EDGE_CURVE ( 'NONE', #2933, #3361, #2811, .T. ) ;
#635 = PLANE ( 'NONE',  #1102 ) ;
#636 = LINE ( 'NONE', #1138, #3450 ) ;
#637 = PLANE ( 'NONE',  #435 ) ;
#638 = ORIENTED_EDGE ( 'NONE', *, *, #3961, .F. ) ;
#639 = EDGE_CURVE ( 'NONE', #2075, #391, #1387, .T. ) ;
#640 = CIRCLE ( 'NONE', #3814, 0.5500000000000001554 ) ;
#641 = AXIS2_PLACEMENT_3D ( 'NONE', #3741, #190, #4003 ) ;
#642 = DIRECTION ( 'NONE',  ( 0.000000000000000000, -1.000000000000000000, 0.000000000000000000 ) ) ;
#643 = LINE ( 'NONE', #131, #632 ) ;
#644 =( GEOMETRIC_REPRESENTATION_CONTEXT ( 3 ) GLOBAL_UNCERTAINTY_ASSIGNED_CONTEXT ( ( #1081 ) ) GLOBAL_UNIT_ASSIGNED_CONTEXT ( ( #2268, #2850, #1921 ) ) REPRESENTATION_CONTEXT ( 'NONE', 'WORKASPACE' ) );
#645 = DIRECTION ( 'NONE',  ( 1.000000000000000000, 1.204669080539449344E-16, -0.000000000000000000 ) ) ;
#646 = CIRCLE ( 'NONE', #894, 0.3999999999999999667 ) ;
#647 = EDGE_CURVE ( 'NONE', #475, #3054, #1382, .T. ) ;
#648 = ORIENTED_EDGE ( 'NONE', *, *, #2094, .T. ) ;
#649 = LINE ( 'NONE', #806, #3518 ) ;
#650 = LINE ( 'NONE', #3873, #3502 ) ;
#651 = VECTOR ( 'NONE', #731, 1000.000000000000114 ) ;
#652 = SURFACE_SIDE_STYLE ('',( #3004 ) ) ;
#653 = VERTEX_POINT ( 'NONE', #3477 ) ;
#654 = AXIS2_PLACEMENT_3D ( 'NONE', #17, #2360, #2844 ) ;
#655 = CARTESIAN_POINT ( 'NONE',  ( 0.000000000000000000, 0.000000000000000000, 2.800000000000000266 ) ) ;
#656 = DIRECTION ( 'NONE',  ( 0.000000000000000000, 0.000000000000000000, -1.000000000000000000 ) ) ;
#657 = LINE ( 'NONE', #631, #2128 ) ;
#658 = DIRECTION ( 'NONE',  ( -1.327594496921025224E-16, 1.000000000000000000, -0.000000000000000000 ) ) ;
#659 = SURFACE_STYLE_FILL_AREA ( #2117 ) ;
#660 = MANIFOLD_SOLID_BREP ( 'LPattern2[1]', #2952 ) ;
#661 = VERTEX_POINT ( 'NONE', #1365 ) ;
#662 = FILL_AREA_STYLE_COLOUR ( '', #4040 ) ;
#663 = VECTOR ( 'NONE', #2367, 1000.000000000000000 ) ;
#664 = LINE ( 'NONE', #827, #2145 ) ;
#665 = CARTESIAN_POINT ( 'NONE',  ( 2.500000000000001332, 8.500000000000000000, 2.100000000000000533 ) ) ;
#666 = CYLINDRICAL_SURFACE ( 'NONE', #62, 2.000000000000000000 ) ;
#667 = CARTESIAN_POINT ( 'NONE',  ( 0.7000000000000000666, 5.900000000000000355, 2.800000000000000266 ) ) ;
#668 = ORIENTED_EDGE ( 'NONE', *, *, #3772, .F. ) ;
#669 = FACE_OUTER_BOUND ( 'NONE', #3188, .T. ) ;
#670 = CARTESIAN_POINT ( 'NONE',  ( -2.499999999999999112, -3.899999999999999911, -0.09999999999999939493 ) ) ;
#671 = VECTOR ( 'NONE', #4145, 1000.000000000000000 ) ;
#672 = DIRECTION ( 'NONE',  ( 0.000000000000000000, -0.000000000000000000, -1.000000000000000000 ) ) ;
#673 = VECTOR ( 'NONE', #3720, 1000.000000000000000 ) ;
#674 = DIRECTION ( 'NONE',  ( -1.000000000000000000, 0.000000000000000000, -0.000000000000000000 ) ) ;
#675 = ORIENTED_EDGE ( 'NONE', *, *, #3030, .F. ) ;
#676 = LINE ( 'NONE', #2465, #2042 ) ;
#677 = VECTOR ( 'NONE', #800, 1000.000000000000000 ) ;
#678 = FACE_OUTER_BOUND ( 'NONE', #2920, .T. ) ;
#679 = CARTESIAN_POINT ( 'NONE',  ( -1.500000000000000000, 3.790000000000000924, 2.800000000000000266 ) ) ;
#680 = CARTESIAN_POINT ( 'NONE',  ( 1.500000000000000444, 3.790000000000000924, 2.800000000000000266 ) ) ;
#681 = ORIENTED_EDGE ( 'NONE', *, *, #3488, .F. ) ;
#682 = LINE ( 'NONE', #1896, #3432 ) ;
#683 = CARTESIAN_POINT ( 'NONE',  ( 1.950000000000000178, 10.81854696127649085, -1.550000000000000044 ) ) ;
#684 = DIRECTION ( 'NONE',  ( -0.000000000000000000, 1.000000000000000000, -0.000000000000000000 ) ) ;
#685 = DIRECTION ( 'NONE',  ( 0.000000000000000000, -1.000000000000000000, 0.000000000000000000 ) ) ;
#686 = VECTOR ( 'NONE', #2958, 1000.000000000000000 ) ;
#687 = VECTOR ( 'NONE', #2528, 1000.000000000000000 ) ;
#688 = DIRECTION ( 'NONE',  ( 1.000000000000000000, 1.204669080539449344E-16, 0.000000000000000000 ) ) ;
#689 = ADVANCED_FACE ( 'NONE', ( #2693, #484 ), #3784, .F. ) ;
#690 = EDGE_LOOP ( 'NONE', ( #354, #2926, #1300, #3055, #3240, #3332, #486, #3310 ) ) ;
#691 = EDGE_CURVE ( 'NONE', #26, #3325, #3178, .T. ) ;
#692 = PLANE ( 'NONE',  #2525 ) ;
#693 = LINE ( 'NONE', #4067, #3547 ) ;
#694 = DIRECTION ( 'NONE',  ( 0.000000000000000000, -0.000000000000000000, -1.000000000000000000 ) ) ;
#695 = VECTOR ( 'NONE', #2885, 1000.000000000000000 ) ;
#696 = AXIS2_PLACEMENT_3D ( 'NONE', #3913, #2362, #3372 ) ;
#697 = CARTESIAN_POINT ( 'NONE',  ( -5.000000000000000888, 10.00000000000000000, 2.300000000000000266 ) ) ;
#698 = LINE ( 'NONE', #2161, #3467 ) ;
#699 = EDGE_CURVE ( 'NONE', #1352, #2462, #3271, .T. ) ;
#700 = CARTESIAN_POINT ( 'NONE',  ( 1.900000000000000133, 0.000000000000000000, 3.800000000000000266 ) ) ;
#701 = FACE_OUTER_BOUND ( 'NONE', #1697, .T. ) ;
#702 = EDGE_CURVE ( 'NONE', #533, #2929, #1821, .T. ) ;
#703 = EDGE_CURVE ( 'NONE', #2548, #590, #478, .T. ) ;
#704 = CARTESIAN_POINT ( 'NONE',  ( -1.500000000000000000, 3.615000000000001101, 2.300000000000000266 ) ) ;
#705 = CARTESIAN_POINT ( 'NONE',  ( 2.500000000000000888, 8.500000000000000000, 0.2000000000000005107 ) ) ;
#706 = FACE_OUTER_BOUND ( 'NONE', #1324, .T. ) ;
#707 = EDGE_CURVE ( 'NONE', #3357, #816, #1842, .T. ) ;
#708 = VECTOR ( 'NONE', #2599, 1000.000000000000000 ) ;
#709 = LINE ( 'NONE', #1185, #724 ) ;
#710 = PLANE ( 'NONE',  #223 ) ;
#711 = DIRECTION ( 'NONE',  ( -1.000000000000000000, 0.000000000000000000, -1.777380610631974876E-17 ) ) ;
#712 = FACE_OUTER_BOUND ( 'NONE', #1333, .T. ) ;
#713 = DIRECTION ( 'NONE',  ( -1.000000000000000000, -1.327594496921025224E-16, 0.000000000000000000 ) ) ;
#714 = DIRECTION ( 'NONE',  ( 1.000000000000000000, 1.015347001549929225E-15, -0.000000000000000000 ) ) ;
#715 = LINE ( 'NONE', #3342, #2110 ) ;
#716 = VECTOR ( 'NONE', #3552, 1000.000000000000000 ) ;
#717 =( NAMED_UNIT ( * ) PLANE_ANGLE_UNIT ( ) SI_UNIT ( $, .RADIAN. ) );
#718 = DIRECTION ( 'NONE',  ( 1.000000000000000000, 0.000000000000000000, 1.777380610631974876E-17 ) ) ;
#719 = LINE ( 'NONE', #4037, #3461 ) ;
#720 = CARTESIAN_POINT ( 'NONE',  ( -0.6999999999999992895, 1.000000000000000000, 9.880296045424104889 ) ) ;
#721 = ADVANCED_FACE ( 'NONE', ( #3170 ), #3868, .F. ) ;
#722 = PRODUCT_DEFINITION_CONTEXT ( 'detailed design', #2595, 'design' ) ;
#723 = DIRECTION ( 'NONE',  ( -0.000000000000000000, -0.000000000000000000, -1.000000000000000000 ) ) ;
#724 = VECTOR ( 'NONE', #2515, 1000.000000000000000 ) ;
#725 = ADVANCED_FACE ( 'NONE', ( #3237 ), #1018, .T. ) ;
#726 = CARTESIAN_POINT ( 'NONE',  ( 2.125000000000001332, 9.199999999999999289, 0.5500000000000004885 ) ) ;
#727 = CARTESIAN_POINT ( 'NONE',  ( -2.000000000000000000, 0.9999999999999997780, 0.2000000000000005662 ) ) ;
#728 = VECTOR ( 'NONE', #3516, 1000.000000000000000 ) ;
#729 = CARTESIAN_POINT ( 'NONE',  ( -3.100000000000000089, 0.000000000000000000, 0.2000000000000005107 ) ) ;
#730 = VECTOR ( 'NONE', #872, 1000.000000000000000 ) ;
#731 = DIRECTION ( 'NONE',  ( 0.5372996083468188910, -0.8433914458128888292, -0.000000000000000000 ) ) ;
#732 = LINE ( 'NONE', #1990, #3565 ) ;
#733 = DIRECTION ( 'NONE',  ( 0.000000000000000000, 1.000000000000000000, 0.000000000000000000 ) ) ;
#734 = CARTESIAN_POINT ( 'NONE',  ( 4.299999999999999822, 5.900000000000001243, 3.800000000000000266 ) ) ;
#735 = CYLINDRICAL_SURFACE ( 'NONE', #2922, 0.7999999999999999334 ) ;
#736 = LINE ( 'NONE', #3689, #3507 ) ;
#737 = AXIS2_PLACEMENT_3D ( 'NONE', #655, #935, #409 ) ;
#738 = VECTOR ( 'NONE', #3023, 1000.000000000000000 ) ;
#739 = CARTESIAN_POINT ( 'NONE',  ( 2.500000000000000000, 0.000000000000000000, 0.2000000000000005107 ) ) ;
#740 = DIRECTION ( 'NONE',  ( 0.8660254037844413721, 0.000000000000000000, -0.4999999999999951705 ) ) ;
#741 = LINE ( 'NONE', #3445, #2119 ) ;
#742 = AXIS2_PLACEMENT_3D ( 'NONE', #1155, #3541, #972 ) ;
#743 = DIRECTION ( 'NONE',  ( 0.000000000000000000, 0.000000000000000000, -1.000000000000000000 ) ) ;
#744 = CARTESIAN_POINT ( 'NONE',  ( 2.500000000000000888, 9.500000000000000000, 0.2000000000000005107 ) ) ;
#745 = FACE_OUTER_BOUND ( 'NONE', #1504, .T. ) ;
#746 = STYLED_ITEM ( 'NONE', ( #277 ), #1806 ) ;
#747 = VECTOR ( 'NONE', #3812, 1000.000000000000000 ) ;
#748 = CARTESIAN_POINT ( 'NONE',  ( 0.000000000000000000, 0.000000000000000000, 0.000000000000000000 ) ) ;
#749 = DIRECTION ( 'NONE',  ( 0.000000000000000000, 0.000000000000000000, 1.000000000000000000 ) ) ;
#750 = EDGE_CURVE ( 'NONE', #1531, #3386, #376, .T. ) ;
#751 = DIRECTION ( 'NONE',  ( -1.777380610631973643E-17, 0.000000000000000000, -1.000000000000000000 ) ) ;
#752 = FACE_OUTER_BOUND ( 'NONE', #1418, .T. ) ;
#753 = DIRECTION ( 'NONE',  ( 0.000000000000000000, -1.000000000000000000, 0.000000000000000000 ) ) ;
#754 = CIRCLE ( 'NONE', #584, 1.899999999999999689 ) ;
#755 = DIRECTION ( 'NONE',  ( 0.000000000000000000, 0.000000000000000000, 1.000000000000000000 ) ) ;
#756 = LINE ( 'NONE', #2975, #2232 ) ;
#757 = EDGE_CURVE ( 'NONE', #3217, #1241, #3196, .T. ) ;
#758 = CARTESIAN_POINT ( 'NONE',  ( 2.500000000000000888, -3.700000000000000178, -0.2999999999999993783 ) ) ;
#759 = UNCERTAINTY_MEASURE_WITH_UNIT (LENGTH_MEASURE( 1.000000000000000082E-05 ), #1009, 'distance_accuracy_value', 'NONE');
#760 = VECTOR ( 'NONE', #2129, 1000.000000000000000 ) ;
#761 = CARTESIAN_POINT ( 'NONE',  ( 2.875000000000001332, 9.199999999999999289, 0.5500000000000004885 ) ) ;
#762 = CIRCLE ( 'NONE', #3065, 0.2999999999999999334 ) ;
#763 = VECTOR ( 'NONE', #564, 1000.000000000000000 ) ;
#764 = ADVANCED_FACE ( 'NONE', ( #1858 ), #3163, .T. ) ;
#765 = DIRECTION ( 'NONE',  ( 1.112002228190260952E-16, -1.000000000000000000, 0.000000000000000000 ) ) ;
#766 = DIRECTION ( 'NONE',  ( 0.000000000000000000, 0.000000000000000000, -1.000000000000000000 ) ) ;
#767 = VECTOR ( 'NONE', #4164, 1000.000000000000000 ) ;
#768 = EDGE_CURVE ( 'NONE', #1246, #1521, #3280, .T. ) ;
#769 = VECTOR ( 'NONE', #1640, 1000.000000000000000 ) ;
#770 = CARTESIAN_POINT ( 'NONE',  ( 2.500000000000000000, 0.000000000000000000, 0.2000000000000005107 ) ) ;
#771 = ADVANCED_FACE ( 'NONE', ( #3298 ), #3892, .T. ) ;
#772 = DIRECTION ( 'NONE',  ( 1.000000000000000000, 0.000000000000000000, 0.000000000000000000 ) ) ;
#773 = CARTESIAN_POINT ( 'NONE',  ( -0.6999999999999992895, 1.000000000000000000, -3.020000000000000018 ) ) ;
#774 = CIRCLE ( 'NONE', #3836, 1.899999999999999911 ) ;
#775 = CARTESIAN_POINT ( 'NONE',  ( -1.500000000000000222, 3.215000000000000746, 1.900000000000000577 ) ) ;
#776 = DIRECTION ( 'NONE',  ( 2.224004456380522396E-16, -1.000000000000000000, 0.000000000000000000 ) ) ;
#777 = CARTESIAN_POINT ( 'NONE',  ( -4.299999999999999822, 5.900000000000000355, -3.020000000000000018 ) ) ;
#778 = LINE ( 'NONE', #1227, #769 ) ;
#779 = CARTESIAN_POINT ( 'NONE',  ( -2.874999999999998668, 9.500000000000000000, 1.350000000000000977 ) ) ;
#780 = CARTESIAN_POINT ( 'NONE',  ( 1.050000000000000044, 2.999999999999999112, -3.020000000000000018 ) ) ;
#781 = CARTESIAN_POINT ( 'NONE',  ( 4.299999999999999822, 5.900000000000001243, -3.020000000000000018 ) ) ;
#782 = LINE ( 'NONE', #1047, #3559 ) ;
#783 = LINE ( 'NONE', #182, #763 ) ;
#784 = CARTESIAN_POINT ( 'NONE',  ( 0.6325150603016909123, 9.500000000000000000, 0.5500000000000004885 ) ) ;
#785 = LINE ( 'NONE', #1764, #2295 ) ;
#786 = LINE ( 'NONE', #522, #2168 ) ;
#787 = DIRECTION ( 'NONE',  ( -1.269183751937411383E-15, -1.000000000000000000, 0.000000000000000000 ) ) ;
#788 = EDGE_CURVE ( 'NONE', #2933, #2440, #3288, .T. ) ;
#789 = AXIS2_PLACEMENT_3D ( 'NONE', #1189, #2217, #1463 ) ;
#790 = CARTESIAN_POINT ( 'NONE',  ( -2.124999999999998668, 9.500000000000000000, 0.5500000000000004885 ) ) ;
#791 = ADVANCED_FACE ( 'NONE', ( #411 ), #2024, .F. ) ;
#792 = EDGE_CURVE ( 'NONE', #78, #2770, #3319, .T. ) ;
#793 = CARTESIAN_POINT ( 'NONE',  ( -0.6325150603016893580, 9.500000000000000000, 0.5500000000000004885 ) ) ;
#794 = DIRECTION ( 'NONE',  ( 0.000000000000000000, -0.000000000000000000, 1.000000000000000000 ) ) ;
#795 = LINE ( 'NONE', #3647, #3612 ) ;
#796 = EDGE_CURVE ( 'NONE', #3834, #78, #3264, .T. ) ;
#797 = EDGE_CURVE ( 'NONE', #1580, #1711, #493, .T. ) ;
#798 = DIRECTION ( 'NONE',  ( 0.000000000000000000, 0.000000000000000000, -1.000000000000000000 ) ) ;
#799 = CARTESIAN_POINT ( 'NONE',  ( -5.000000000000000888, 10.00000000000000000, 3.006312881110434709 ) ) ;
#800 = DIRECTION ( 'NONE',  ( -0.000000000000000000, -0.000000000000000000, -1.000000000000000000 ) ) ;
#801 = EDGE_CURVE ( 'NONE', #1451, #2937, #1831, .T. ) ;
#802 = FACE_OUTER_BOUND ( 'NONE', #1797, .T. ) ;
#803 = PLANE ( 'NONE',  #159 ) ;
#804 = CIRCLE ( 'NONE', #2609, 0.5999999999999998668 ) ;
#805 = AXIS2_PLACEMENT_3D ( 'NONE', #566, #2237, #3127 ) ;
#806 = CARTESIAN_POINT ( 'NONE',  ( -5.000000000000000888, 10.00000000000000000, -1.999999999999999556 ) ) ;
#807 = DIRECTION ( 'NONE',  ( -0.000000000000000000, 1.000000000000000000, -0.000000000000000000 ) ) ;
#808 = CIRCLE ( 'NONE', #696, 0.4999999999999998890 ) ;
#809 = ORIENTED_EDGE ( 'NONE', *, *, #3861, .T. ) ;
#810 = CARTESIAN_POINT ( 'NONE',  ( 2.125000000000001332, 9.500000000000000000, -0.9499999999999990674 ) ) ;
#811 = FACE_OUTER_BOUND ( 'NONE', #455, .T. ) ;
#812 = CARTESIAN_POINT ( 'NONE',  ( -2.124999999999998668, 9.199999999999999289, 0.5500000000000004885 ) ) ;
#813 =( LENGTH_UNIT ( ) NAMED_UNIT ( * ) SI_UNIT ( .MILLI., .METRE. ) );
#814 = AXIS2_PLACEMENT_3D ( 'NONE', #697, #4066, #2547 ) ;
#815 = CARTESIAN_POINT ( 'NONE',  ( -2.124999999999998668, 9.199999999999999289, 0.5500000000000004885 ) ) ;
#816 = VERTEX_POINT ( 'NONE', #2949 ) ;
#817 = DIRECTION ( 'NONE',  ( 0.8433914458128888292, 0.5372996083468188910, -0.000000000000000000 ) ) ;
#818 = AXIS2_PLACEMENT_3D ( 'NONE', #851, #1830, #162 ) ;
#819 = ORIENTED_EDGE ( 'NONE', *, *, #2503, .F. ) ;
#820 = CARTESIAN_POINT ( 'NONE',  ( -2.499999999999998668, -9.214213562373096522, 0.2000000000000005107 ) ) ;
#821 = VERTEX_POINT ( 'NONE', #3292 ) ;
#822 = FACE_OUTER_BOUND ( 'NONE', #1595, .T. ) ;
#823 = FILL_AREA_STYLE_COLOUR ( '', #2252 ) ;
#824 = ADVANCED_FACE ( 'NONE', ( #3229 ), #1897, .F. ) ;
#825 = ORIENTED_EDGE ( 'NONE', *, *, #2456, .F. ) ;
#826 = CARTESIAN_POINT ( 'NONE',  ( 0.000000000000000000, -3.899999999999999911, 0.000000000000000000 ) ) ;
#827 = CARTESIAN_POINT ( 'NONE',  ( 2.125000000000001332, 9.199999999999999289, -0.9499999999999990674 ) ) ;
#828 = VECTOR ( 'NONE', #3939, 1000.000000000000000 ) ;
#829 = AXIS2_PLACEMENT_3D ( 'NONE', #1589, #2843, #772 ) ;
#830 = ORIENTED_EDGE ( 'NONE', *, *, #757, .T. ) ;
#831 = CIRCLE ( 'NONE', #3368, 0.4999999999999998890 ) ;
#832 = CARTESIAN_POINT ( 'NONE',  ( -0.6999999999999998446, 5.900000000000001243, 2.800000000000000266 ) ) ;
#833 = ADVANCED_FACE ( 'NONE', ( #400 ), #1687, .T. ) ;
#834 = ORIENTED_EDGE ( 'NONE', *, *, #1152, .F. ) ;
#835 = CARTESIAN_POINT ( 'NONE',  ( -0.6999999999999998446, 5.900000000000001243, -3.020000000000000018 ) ) ;
#836 = DIRECTION ( 'NONE',  ( 0.000000000000000000, 0.000000000000000000, -1.000000000000000000 ) ) ;
#837 = ORIENTED_EDGE ( 'NONE', *, *, #1836, .T. ) ;
#838 = AXIS2_PLACEMENT_3D ( 'NONE', #1056, #1746, #2133 ) ;
#839 = FACE_OUTER_BOUND ( 'NONE', #2945, .T. ) ;
#840 = CARTESIAN_POINT ( 'NONE',  ( 3.500000000000000000, 3.615000000000001101, 1.900000000000000577 ) ) ;
#841 = ORIENTED_EDGE ( 'NONE', *, *, #882, .F. ) ;
#842 = EDGE_CURVE ( 'NONE', #470, #2901, #449, .T. ) ;
#843 = MECHANICAL_DESIGN_GEOMETRIC_PRESENTATION_REPRESENTATION (  '', ( #2826 ), #2016 ) ;
#844 = ORIENTED_EDGE ( 'NONE', *, *, #2184, .F. ) ;
#845 = EDGE_CURVE ( 'NONE', #3992, #362, #1914, .T. ) ;
#846 = CARTESIAN_POINT ( 'NONE',  ( -2.874999999999998668, 9.500000000000000000, -0.9499999999999990674 ) ) ;
#847 = ORIENTED_EDGE ( 'NONE', *, *, #2342, .F. ) ;
#848 = EDGE_CURVE ( 'NONE', #3006, #570, #1782, .T. ) ;
#849 = DIRECTION ( 'NONE',  ( 0.5372996083468188910, -0.8433914458128888292, -0.000000000000000000 ) ) ;
#850 = FACE_OUTER_BOUND ( 'NONE', #3811, .T. ) ;
#851 = CARTESIAN_POINT ( 'NONE',  ( 2.500000000000000888, 8.500000000000000000, 0.2000000000000005107 ) ) ;
#852 = EDGE_LOOP ( 'NONE', ( #3336, #241 ) ) ;
#853 = DIRECTION ( 'NONE',  ( -0.000000000000000000, 1.000000000000000000, -0.000000000000000000 ) ) ;
#854 = CARTESIAN_POINT ( 'NONE',  ( 4.300000000000000711, 1.000000000000000000, -3.020000000000000018 ) ) ;
#855 = AXIS2_PLACEMENT_3D ( 'NONE', #304, #1183, #2055 ) ;
#856 = PRESENTATION_STYLE_ASSIGNMENT (( #985 ) ) ;
#857 = ORIENTED_EDGE ( 'NONE', *, *, #2618, .T. ) ;
#858 = CARTESIAN_POINT ( 'NONE',  ( 3.100000000000000089, 0.000000000000000000, 0.2000000000000005107 ) ) ;
#859 = VERTEX_POINT ( 'NONE', #3076 ) ;
#860 = CARTESIAN_POINT ( 'NONE',  ( -4.530000000000000249, 6.599999999999999645, -2.409585481156657938 ) ) ;
#861 = ORIENTED_EDGE ( 'NONE', *, *, #3914, .T. ) ;
#862 = ADVANCED_FACE ( 'NONE', ( #502 ), #1814, .T. ) ;
#863 = CARTESIAN_POINT ( 'NONE',  ( -3.499999999999999556, 3.440000000000000835, 2.000000000000000444 ) ) ;
#864 = ORIENTED_EDGE ( 'NONE', *, *, #1299, .T. ) ;
#865 = DIRECTION ( 'NONE',  ( 0.000000000000000000, -0.000000000000000000, 1.000000000000000000 ) ) ;
#866 = CARTESIAN_POINT ( 'NONE',  ( 0.7000000000000009548, 0.9999999999999995559, -3.020000000000000018 ) ) ;
#867 = LINE ( 'NONE', #1683, #3645 ) ;
#868 = ORIENTED_EDGE ( 'NONE', *, *, #2411, .T. ) ;
#869 = DIRECTION ( 'NONE',  ( 3.771137991253928573E-16, 1.000000000000000000, 0.000000000000000000 ) ) ;
#870 = ORIENTED_EDGE ( 'NONE', *, *, #1767, .F. ) ;
#871 = CARTESIAN_POINT ( 'NONE',  ( -2.093060201012483468, 5.900000000000000355, -3.020000000000000018 ) ) ;
#872 = DIRECTION ( 'NONE',  ( -0.000000000000000000, -0.000000000000000000, 1.000000000000000000 ) ) ;
#873 = LINE ( 'NONE', #1730, #2187 ) ;
#874 = ORIENTED_EDGE ( 'NONE', *, *, #3745, .T. ) ;
#875 = DIRECTION ( 'NONE',  ( 0.5372996083468184469, 0.8433914458128891622, 0.000000000000000000 ) ) ;
#876 = AXIS2_PLACEMENT_3D ( 'NONE', #3395, #3883, #4131 ) ;
#877 = FILL_AREA_STYLE ('',( #2721 ) ) ;
#878 = CYLINDRICAL_SURFACE ( 'NONE', #1351, 2.000000000000000000 ) ;
#879 = EDGE_CURVE ( 'NONE', #2937, #1357, #1790, .T. ) ;
#880 = AXIS2_PLACEMENT_3D ( 'NONE', #405, #1984, #1043 ) ;
#881 = AXIS2_PLACEMENT_3D ( 'NONE', #1660, #2064, #924 ) ;
#882 = EDGE_CURVE ( 'NONE', #1363, #3038, #1905, .T. ) ;
#883 = VECTOR ( 'NONE', #2624, 1000.000000000000000 ) ;
#884 = EDGE_CURVE ( 'NONE', #3386, #1510, #1849, .T. ) ;
#885 = CARTESIAN_POINT ( 'NONE',  ( -2.874999999999998668, 9.500000000000000000, -0.1499999999999994671 ) ) ;
#886 = FACE_OUTER_BOUND ( 'NONE', #1903, .T. ) ;
#887 = ADVANCED_FACE ( 'NONE', ( #530 ), #3431, .F. ) ;
#888 = EDGE_LOOP ( 'NONE', ( #3364, #476, #1540, #3824, #3417, #2003, #1480, #3397 ) ) ;
#889 = DIRECTION ( 'NONE',  ( -0.000000000000000000, -0.000000000000000000, 1.000000000000000000 ) ) ;
#890 = VECTOR ( 'NONE', #297, 1000.000000000000000 ) ;
#891 = EDGE_CURVE ( 'NONE', #535, #1698, #1753, .T. ) ;
#892 = CARTESIAN_POINT ( 'NONE',  ( -2.499999999999999112, 10.00000000000000000, 2.200000000000000622 ) ) ;
#893 = CIRCLE ( 'NONE', #1020, 0.5999999999999998668 ) ;
#894 = AXIS2_PLACEMENT_3D ( 'NONE', #1173, #3778, #3213 ) ;
#895 = DIRECTION ( 'NONE',  ( -1.000000000000000000, -2.409338161078898687E-16, -0.000000000000000000 ) ) ;
#896 = DIRECTION ( 'NONE',  ( 0.000000000000000000, -1.000000000000000000, 0.000000000000000000 ) ) ;
#897 = CYLINDRICAL_SURFACE ( 'NONE', #2718, 0.4000000000000001887 ) ;
#898 = ADVANCED_FACE ( 'NONE', ( #358 ), #2704, .F. ) ;
#899 = DIRECTION ( 'NONE',  ( 0.000000000000000000, 0.000000000000000000, 1.000000000000000000 ) ) ;
#900 = LINE ( 'NONE', #1656, #977 ) ;
#901 = DIRECTION ( 'NONE',  ( 0.000000000000000000, 0.000000000000000000, -1.000000000000000000 ) ) ;
#902 = DIRECTION ( 'NONE',  ( -0.000000000000000000, -0.000000000000000000, -1.000000000000000000 ) ) ;
#903 =( GEOMETRIC_REPRESENTATION_CONTEXT ( 3 ) GLOBAL_UNCERTAINTY_ASSIGNED_CONTEXT ( ( #923 ) ) GLOBAL_UNIT_ASSIGNED_CONTEXT ( ( #1242, #3869, #4173 ) ) REPRESENTATION_CONTEXT ( 'NONE', 'WORKASPACE' ) );
#904 = FACE_OUTER_BOUND ( 'NONE', #3355, .T. ) ;
#905 = DIRECTION ( 'NONE',  ( -1.000000000000000000, -1.204669080539449344E-16, 0.000000000000000000 ) ) ;
#906 = CARTESIAN_POINT ( 'NONE',  ( 2.500000000000001332, -9.214213562373096522, 0.2000000000000005107 ) ) ;
#907 = AXIS2_PLACEMENT_3D ( 'NONE', #2089, #713, #1271 ) ;
#908 = VECTOR ( 'NONE', #3396, 1000.000000000000000 ) ;
#909 = DIRECTION ( 'NONE',  ( 1.770125995894700463E-16, -1.000000000000000000, 0.000000000000000000 ) ) ;
#910 = DIRECTION ( 'NONE',  ( 0.000000000000000000, -1.000000000000000000, 0.000000000000000000 ) ) ;
#911 = AXIS2_PLACEMENT_3D ( 'NONE', #2743, #225, #3243 ) ;
#912 = AXIS2_PLACEMENT_3D ( 'NONE', #1450, #3192, #269 ) ;
#913 = LINE ( 'NONE', #2376, #2302 ) ;
#914 = EDGE_CURVE ( 'NONE', #408, #1563, #1774, .T. ) ;
#915 = DIRECTION ( 'NONE',  ( -0.000000000000000000, -1.000000000000000000, -0.000000000000000000 ) ) ;
#916 = EDGE_CURVE ( 'NONE', #1716, #3487, #3187, .T. ) ;
#917 = VECTOR ( 'NONE', #688, 1000.000000000000000 ) ;
#918 = EDGE_CURVE ( 'NONE', #3458, #2878, #420, .T. ) ;
#919 = DIRECTION ( 'NONE',  ( 0.000000000000000000, 0.000000000000000000, 1.000000000000000000 ) ) ;
#920 = DIRECTION ( 'NONE',  ( -1.112002228190260952E-16, 1.000000000000000000, -0.000000000000000000 ) ) ;
#921 = ADVANCED_FACE ( 'NONE', ( #1868 ), #560, .T. ) ;
#922 = CARTESIAN_POINT ( 'NONE',  ( -4.299999999999999822, 5.900000000000000355, 2.300000000000000266 ) ) ;
#923 = UNCERTAINTY_MEASURE_WITH_UNIT (LENGTH_MEASURE( 1.000000000000000082E-05 ), #1242, 'distance_accuracy_value', 'NONE');
#924 = DIRECTION ( 'NONE',  ( 0.000000000000000000, -0.000000000000000000, -1.000000000000000000 ) ) ;
#925 = VECTOR ( 'NONE', #3631, 1000.000000000000000 ) ;
#926 = MANIFOLD_SOLID_BREP ( 'Fillet3', #3274 ) ;
#927 = EDGE_CURVE ( 'NONE', #2662, #3285, #3421, .T. ) ;
#928 = DIRECTION ( 'NONE',  ( -0.000000000000000000, 0.000000000000000000, 1.000000000000000000 ) ) ;
#929 = DIRECTION ( 'NONE',  ( 0.8660254037844420383, 0.000000000000000000, 0.4999999999999939493 ) ) ;
#930 = FACE_BOUND ( 'NONE', #562, .T. ) ;
#931 = CARTESIAN_POINT ( 'NONE',  ( -4.530000000000000249, -3.899999999999999023, -2.990414518843201197 ) ) ;
#932 = LINE ( 'NONE', #2620, #3728 ) ;
#933 = CARTESIAN_POINT ( 'NONE',  ( -5.000000000000000888, 0.000000000000000000, -3.799999999999999378 ) ) ;
#934 = LINE ( 'NONE', #2923, #2333 ) ;
#935 = DIRECTION ( 'NONE',  ( 0.000000000000000000, 0.000000000000000000, -1.000000000000000000 ) ) ;
#936 = CARTESIAN_POINT ( 'NONE',  ( 0.7000000000000009548, 0.9999999999999995559, -3.020000000000000018 ) ) ;
#937 = CARTESIAN_POINT ( 'NONE',  ( -5.000000000000000888, 6.599999999999999645, -2.949999999999929567 ) ) ;
#938 = CARTESIAN_POINT ( 'NONE',  ( 2.500000000000000888, -3.899999999999999911, -0.09999999999999939493 ) ) ;
#939 = LINE ( 'NONE', #2638, #3760 ) ;
#940 = CARTESIAN_POINT ( 'NONE',  ( -1.500000000000000444, 2.640000000000001013, 2.800000000000000266 ) ) ;
#941 = ADVANCED_FACE ( 'NONE', ( #577 ), #206, .F. ) ;
#942 = EDGE_CURVE ( 'NONE', #2878, #403, #636, .T. ) ;
#943 = DIRECTION ( 'NONE',  ( 1.000000000000000000, 0.000000000000000000, 0.000000000000000000 ) ) ;
#944 = ADVANCED_FACE ( 'NONE', ( #627 ), #3761, .F. ) ;
#945 = PLANE ( 'NONE',  #1313 ) ;
#946 = EDGE_CURVE ( 'NONE', #490, #1801, #3499, .T. ) ;
#947 = VECTOR ( 'NONE', #3391, 1000.000000000000000 ) ;
#948 = FILL_AREA_STYLE ('',( #3207 ) ) ;
#949 = AXIS2_PLACEMENT_3D ( 'NONE', #3652, #3009, #3906 ) ;
#950 = CARTESIAN_POINT ( 'NONE',  ( -3.049999999999999822, 8.817654389267289616, -2.649999999999999467 ) ) ;
#951 = AXIS2_PLACEMENT_3D ( 'NONE', #2732, #3402, #1103 ) ;
#952 = DIRECTION ( 'NONE',  ( 0.000000000000000000, 0.000000000000000000, 1.000000000000000000 ) ) ;
#953 = CARTESIAN_POINT ( 'NONE',  ( 2.875000000000001332, 9.199999999999999289, -0.1499999999999994671 ) ) ;
#954 = EDGE_CURVE ( 'NONE', #3147, #2048, #2097, .T. ) ;
#955 = LINE ( 'NONE', #3294, #925 ) ;
#956 = EDGE_CURVE ( 'NONE', #128, #1232, #2047, .T. ) ;
#957 = EDGE_CURVE ( 'NONE', #3789, #1421, #2011, .T. ) ;
#958 = CARTESIAN_POINT ( 'NONE',  ( 1.500000000000000444, 3.615000000000001101, 2.300000000000000266 ) ) ;
#959 = FACE_OUTER_BOUND ( 'NONE', #137, .T. ) ;
#960 = AXIS2_PLACEMENT_3D ( 'NONE', #1272, #3911, #794 ) ;
#961 = PLANE ( 'NONE',  #737 ) ;
#962 = DIRECTION ( 'NONE',  ( 0.000000000000000000, 1.000000000000000000, 0.000000000000000000 ) ) ;
#963 = DIRECTION ( 'NONE',  ( 0.000000000000000000, 0.000000000000000000, -1.000000000000000000 ) ) ;
#964 = EDGE_CURVE ( 'NONE', #2822, #542, #601, .T. ) ;
#965 = DIRECTION ( 'NONE',  ( -0.8660254037844413721, 0.000000000000000000, 0.4999999999999952260 ) ) ;
#966 = VECTOR ( 'NONE', #2335, 1000.000000000000000 ) ;
#967 = PLANE ( 'NONE',  #3767 ) ;
#968 = AXIS2_PLACEMENT_3D ( 'NONE', #2577, #3309, #2406 ) ;
#969 = CARTESIAN_POINT ( 'NONE',  ( -4.299999999999998934, 0.9999999999999995559, 9.880296045424104889 ) ) ;
#970 = CARTESIAN_POINT ( 'NONE',  ( -2.499999999999999112, 5.900000000000000355, -2.649999999999999467 ) ) ;
#971 = CYLINDRICAL_SURFACE ( 'NONE', #2817, 0.5999999999999998668 ) ;
#972 = DIRECTION ( 'NONE',  ( 0.000000000000000000, 0.000000000000000000, -1.000000000000000000 ) ) ;
#973 = DIRECTION ( 'NONE',  ( 0.000000000000000000, -0.000000000000000000, -1.000000000000000000 ) ) ;
#974 = ADVANCED_FACE ( 'NONE', ( #1971 ), #3544, .F. ) ;
#975 = DIRECTION ( 'NONE',  ( -0.000000000000000000, 1.000000000000000000, -0.000000000000000000 ) ) ;
#976 = CARTESIAN_POINT ( 'NONE',  ( 1.500000000000000444, 2.640000000000001013, 2.800000000000000266 ) ) ;
#977 = VECTOR ( 'NONE', #2057, 1000.000000000000000 ) ;
#978 = DIRECTION ( 'NONE',  ( -0.000000000000000000, -0.000000000000000000, -1.000000000000000000 ) ) ;
#979 = SHAPE_DEFINITION_REPRESENTATION ( #3282, #2073 ) ;
#980 = CARTESIAN_POINT ( 'NONE',  ( -4.330000000000000071, 6.599999999999999645, -2.990414518843198088 ) ) ;
#981 = CARTESIAN_POINT ( 'NONE',  ( -4.299999999999999822, 5.900000000000000355, 9.880296045424104889 ) ) ;
#982 = CARTESIAN_POINT ( 'NONE',  ( -3.499999999999999556, 3.215000000000000746, -5.101015377165675879 ) ) ;
#983 = CARTESIAN_POINT ( 'NONE',  ( -3.499999999999999556, 3.790000000000000924, 2.800000000000000266 ) ) ;
#984 = CARTESIAN_POINT ( 'NONE',  ( -4.530000000000000249, -3.899999999999999023, -2.409585481156657938 ) ) ;
#985 = SURFACE_STYLE_USAGE ( .BOTH. , #2403 ) ;
#986 = AXIS2_PLACEMENT_3D ( 'NONE', #2756, #3476, #2236 ) ;
#987 = CARTESIAN_POINT ( 'NONE',  ( -4.299999999999998934, 5.045748461694008924, 2.800000000000000266 ) ) ;
#988 = CARTESIAN_POINT ( 'NONE',  ( 4.367484939698311308, 9.500000000000000000, 0.5500000000000004885 ) ) ;
#989 = DIRECTION ( 'NONE',  ( 0.000000000000000000, 1.000000000000000000, 0.000000000000000000 ) ) ;
#990 = EDGE_CURVE ( 'NONE', #1632, #408, #3463, .T. ) ;
#991 = AXIS2_PLACEMENT_3D ( 'NONE', #3220, #12, #3567 ) ;
#992 = CARTESIAN_POINT ( 'NONE',  ( 2.875000000000001332, 9.500000000000000000, -0.9499999999999990674 ) ) ;
#993 = CARTESIAN_POINT ( 'NONE',  ( -4.299999999999999822, 5.900000000000000355, 9.880296045424104889 ) ) ;
#994 = EDGE_CURVE ( 'NONE', #1780, #2832, #3371, .T. ) ;
#995 = DIRECTION ( 'NONE',  ( 1.000000000000000000, 0.000000000000000000, 0.000000000000000000 ) ) ;
#996 = DIRECTION ( 'NONE',  ( 0.000000000000000000, 0.000000000000000000, -1.000000000000000000 ) ) ;
#997 =( NAMED_UNIT ( * ) PLANE_ANGLE_UNIT ( ) SI_UNIT ( $, .RADIAN. ) );
#998 = EDGE_CURVE ( 'NONE', #2726, #2642, #591, .T. ) ;
#999 = ADVANCED_FACE ( 'NONE', ( #2032 ), #666, .F. ) ;
#1000 = ADVANCED_FACE ( 'NONE', ( #3455 ), #583, .T. ) ;
#1001 = CARTESIAN_POINT ( 'NONE',  ( -3.499999999999999556, 3.790000000000000924, 2.800000000000000266 ) ) ;
#1002 = EDGE_CURVE ( 'NONE', #4077, #1788, #646, .T. ) ;
#1003 = COLOUR_RGB ( '',0.7921568627450980005, 0.8196078431372548767, 0.9333333333333333481 ) ;
#1004 = DIRECTION ( 'NONE',  ( 0.000000000000000000, 0.000000000000000000, 1.000000000000000000 ) ) ;
#1005 = CARTESIAN_POINT ( 'NONE',  ( -2.124999999999998668, 9.199999999999999289, 1.350000000000000977 ) ) ;
#1006 = DIRECTION ( 'NONE',  ( 2.409338161078898687E-16, -1.000000000000000000, 0.000000000000000000 ) ) ;
#1007 = CARTESIAN_POINT ( 'NONE',  ( 0.000000000000000000, 3.440000000000000835, 2.800000000000000266 ) ) ;
#1008 = CARTESIAN_POINT ( 'NONE',  ( -2.999999999999999112, -3.700000000000000178, 0.2000000000000005107 ) ) ;
#1009 =( LENGTH_UNIT ( ) NAMED_UNIT ( * ) SI_UNIT ( .MILLI., .METRE. ) );
#1010 = CARTESIAN_POINT ( 'NONE',  ( -2.124999999999998668, 9.199999999999999289, -0.1499999999999994671 ) ) ;
#1011 = FACE_OUTER_BOUND ( 'NONE', #1875, .T. ) ;
#1012 = CARTESIAN_POINT ( 'NONE',  ( 2.875000000000001332, 9.199999999999999289, -0.9499999999999990674 ) ) ;
#1013 = DIRECTION ( 'NONE',  ( 1.000000000000000000, 0.000000000000000000, 0.000000000000000000 ) ) ;
#1014 = CARTESIAN_POINT ( 'NONE',  ( -2.874999999999998668, 9.199999999999999289, 1.350000000000000977 ) ) ;
#1015 = DIRECTION ( 'NONE',  ( 0.000000000000000000, 1.000000000000000000, 0.000000000000000000 ) ) ;
#1016 = VECTOR ( 'NONE', #3141, 1000.000000000000000 ) ;
#1017 = PRODUCT ( 'KF301-5.0-2P', 'KF301-5.0-2P', '', ( #2343 ) ) ;
#1018 = PLANE ( 'NONE',  #4180 ) ;
#1019 = CARTESIAN_POINT ( 'NONE',  ( -2.499999999999999112, 8.500000000000000000, 0.2000000000000005107 ) ) ;
#1020 = AXIS2_PLACEMENT_3D ( 'NONE', #2643, #79, #3884 ) ;
#1021 = VECTOR ( 'NONE', #3600, 1000.000000000000114 ) ;
#1022 = CARTESIAN_POINT ( 'NONE',  ( -0.6999999999999992895, 1.000000000000000000, -3.020000000000000018 ) ) ;
#1023 = ADVANCED_FACE ( 'NONE', ( #1996 ), #3589, .F. ) ;
#1024 = DIRECTION ( 'NONE',  ( 1.000000000000000000, 1.204669080539449344E-16, -0.000000000000000000 ) ) ;
#1025 = EDGE_CURVE ( 'NONE', #2879, #1936, #569, .T. ) ;
#1026 = AXIS2_PLACEMENT_3D ( 'NONE', #519, #3964, #2712 ) ;
#1027 = ORIENTED_EDGE ( 'NONE', *, *, #221, .T. ) ;
#1028 = DIRECTION ( 'NONE',  ( 1.000000000000000000, 0.000000000000000000, 0.000000000000000000 ) ) ;
#1029 = AXIS2_PLACEMENT_3D ( 'NONE', #3957, #1372, #149 ) ;
#1030 = EDGE_CURVE ( 'NONE', #2962, #3283, #619, .T. ) ;
#1031 = VECTOR ( 'NONE', #3984, 1000.000000000000000 ) ;
#1032 = CARTESIAN_POINT ( 'NONE',  ( -0.6325150603016893580, 9.199999999999999289, 0.5500000000000004885 ) ) ;
#1033 = ADVANCED_FACE ( 'NONE', ( #678 ), #2053, .F. ) ;
#1034 = CARTESIAN_POINT ( 'NONE',  ( -4.367484939698309532, 9.500000000000000000, -0.1499999999999994393 ) ) ;
#1035 = VERTEX_POINT ( 'NONE', #1637 ) ;
#1036 = CARTESIAN_POINT ( 'NONE',  ( -1.500000000000000444, 2.640000000000001013, 2.300000000000000266 ) ) ;
#1037 = CARTESIAN_POINT ( 'NONE',  ( 1.900000000000000133, 1.000000000000000000, 0.2000000000000005107 ) ) ;
#1038 = FACE_OUTER_BOUND ( 'NONE', #71, .T. ) ;
#1039 = EDGE_CURVE ( 'NONE', #3975, #1405, #3339, .T. ) ;
#1040 = DIRECTION ( 'NONE',  ( 0.000000000000000000, 0.000000000000000000, -1.000000000000000000 ) ) ;
#1041 = PLANE ( 'NONE',  #36 ) ;
#1042 = CARTESIAN_POINT ( 'NONE',  ( -2.500000000000000000, 10.00000000000000178, -2.649999999999999467 ) ) ;
#1043 = DIRECTION ( 'NONE',  ( 0.000000000000000000, -0.000000000000000000, -1.000000000000000000 ) ) ;
#1044 = FILL_AREA_STYLE_COLOUR ( '', #3382 ) ;
#1045 = EDGE_CURVE ( 'NONE', #1310, #1957, #2038, .T. ) ;
#1046 = ORIENTED_EDGE ( 'NONE', *, *, #4062, .F. ) ;
#1047 = CARTESIAN_POINT ( 'NONE',  ( 2.875000000000001332, 9.199999999999999289, -0.1499999999999994671 ) ) ;
#1048 = CARTESIAN_POINT ( 'NONE',  ( -5.000000000000000888, 10.00000000000000000, -1.999999999999997335 ) ) ;
#1049 = CARTESIAN_POINT ( 'NONE',  ( -2.874999999999998668, 9.199999999999999289, -0.1499999999999994671 ) ) ;
#1050 = EDGE_LOOP ( 'NONE', ( #3050, #1682, #874, #1932, #520, #1916, #1605, #2860, #2725, #575, #1922 ) ) ;
#1051 = FACE_OUTER_BOUND ( 'NONE', #326, .T. ) ;
#1052 = DIRECTION ( 'NONE',  ( -0.000000000000000000, 1.000000000000000000, -0.000000000000000000 ) ) ;
#1053 = CARTESIAN_POINT ( 'NONE',  ( 3.500000000000000000, 3.790000000000000924, 2.800000000000000266 ) ) ;
#1054 = CARTESIAN_POINT ( 'NONE',  ( -5.000000000000000888, 6.700000000000000178, 3.800000000000000266 ) ) ;
#1055 = VERTEX_POINT ( 'NONE', #810 ) ;
#1056 = CARTESIAN_POINT ( 'NONE',  ( -2.500000000000000000, 2.999999999999999112, -3.799999999999998934 ) ) ;
#1057 = CARTESIAN_POINT ( 'NONE',  ( -8.673617379884035472E-16, 10.00000000000000000, 2.300000000000000266 ) ) ;
#1058 =( NAMED_UNIT ( * ) SI_UNIT ( $, .STERADIAN. ) SOLID_ANGLE_UNIT ( ) );
#1059 = FACE_OUTER_BOUND ( 'NONE', #1840, .T. ) ;
#1060 = ADVANCED_FACE ( 'NONE', ( #539 ), #3353, .T. ) ;
#1061 = CARTESIAN_POINT ( 'NONE',  ( 2.500000000000000888, 10.00000000000000000, 2.200000000000000622 ) ) ;
#1062 = AXIS2_PLACEMENT_3D ( 'NONE', #573, #3137, #543 ) ;
#1063 = ORIENTED_EDGE ( 'NONE', *, *, #942, .F. ) ;
#1064 = CARTESIAN_POINT ( 'NONE',  ( -1.500000000000000444, 2.640000000000001013, 2.800000000000000266 ) ) ;
#1065 = LINE ( 'NONE', #154, #2477 ) ;
#1066 = DIRECTION ( 'NONE',  ( 2.409338161078898687E-16, -1.000000000000000000, 0.000000000000000000 ) ) ;
#1067 = DIRECTION ( 'NONE',  ( 0.000000000000000000, 0.000000000000000000, 1.000000000000000000 ) ) ;
#1068 = ORIENTED_EDGE ( 'NONE', *, *, #3806, .T. ) ;
#1069 = EDGE_CURVE ( 'NONE', #1813, #490, #3474, .T. ) ;
#1070 = EDGE_CURVE ( 'NONE', #1261, #3381, #548, .T. ) ;
#1071 = VECTOR ( 'NONE', #3404, 1000.000000000000000 ) ;
#1072 = DIRECTION ( 'NONE',  ( -0.000000000000000000, -1.000000000000000000, -0.000000000000000000 ) ) ;
#1073 = CARTESIAN_POINT ( 'NONE',  ( -2.499999999999999112, 15.37401153701776124, 0.2000000000000005107 ) ) ;
#1074 = CARTESIAN_POINT ( 'NONE',  ( 4.300000000000000711, 1.000000000000000000, -3.020000000000000018 ) ) ;
#1075 = AXIS2_PLACEMENT_3D ( 'NONE', #3935, #3040, #3430 ) ;
#1076 = VECTOR ( 'NONE', #849, 1000.000000000000114 ) ;
#1077 = CARTESIAN_POINT ( 'NONE',  ( -3.950000000000000178, 2.999999999999999112, -3.020000000000000018 ) ) ;
#1078 = DIRECTION ( 'NONE',  ( 1.000000000000000000, 0.000000000000000000, 0.000000000000000000 ) ) ;
#1079 = CARTESIAN_POINT ( 'NONE',  ( -2.499999999999999112, -3.899999999999999911, 0.2000000000000005107 ) ) ;
#1080 = ORIENTED_EDGE ( 'NONE', *, *, #639, .F. ) ;
#1081 = UNCERTAINTY_MEASURE_WITH_UNIT (LENGTH_MEASURE( 1.000000000000000082E-05 ), #2268, 'distance_accuracy_value', 'NONE');
#1082 = AXIS2_PLACEMENT_3D ( 'NONE', #4075, #3993, #1514 ) ;
#1083 = DIRECTION ( 'NONE',  ( 0.000000000000000000, 0.000000000000000000, -1.000000000000000000 ) ) ;
#1084 = ORIENTED_EDGE ( 'NONE', *, *, #2744, .F. ) ;
#1085 = DIRECTION ( 'NONE',  ( -2.710505431213761085E-16, -1.000000000000000000, 0.000000000000000000 ) ) ;
#1086 = LINE ( 'NONE', #1534, #2496 ) ;
#1087 = ADVANCED_FACE ( 'NONE', ( #3393 ), #2221, .F. ) ;
#1088 = MECHANICAL_DESIGN_GEOMETRIC_PRESENTATION_REPRESENTATION (  '', ( #2470 ), #1918 ) ;
#1089 = CARTESIAN_POINT ( 'NONE',  ( -3.049999999999999822, 8.817654389267289616, -2.649999999999999467 ) ) ;
#1090 = DIRECTION ( 'NONE',  ( 0.000000000000000000, 0.000000000000000000, -1.000000000000000000 ) ) ;
#1091 = CIRCLE ( 'NONE', #4049, 0.5500000000000001554 ) ;
#1092 = DIRECTION ( 'NONE',  ( -1.000000000000000000, -2.409338161078898687E-16, 0.000000000000000000 ) ) ;
#1093 = CARTESIAN_POINT ( 'NONE',  ( 2.125000000000001332, 9.199999999999999289, 1.350000000000000977 ) ) ;
#1094 = CARTESIAN_POINT ( 'NONE',  ( -4.299999999999998934, 0.9999999999999995559, -3.020000000000000018 ) ) ;
#1095 = EDGE_LOOP ( 'NONE', ( #1761, #492 ) ) ;
#1096 = LINE ( 'NONE', #2419, #3887 ) ;
#1097 = DIRECTION ( 'NONE',  ( -0.000000000000000000, 0.000000000000000000, 1.000000000000000000 ) ) ;
#1098 = LINE ( 'NONE', #2874, #1021 ) ;
#1099 = DIRECTION ( 'NONE',  ( -1.204669080539449344E-16, 1.000000000000000000, 0.000000000000000000 ) ) ;
#1100 = EDGE_CURVE ( 'NONE', #1711, #1445, #3561, .T. ) ;
#1101 = AXIS2_PLACEMENT_3D ( 'NONE', #2157, #2404, #3049 ) ;
#1102 = AXIS2_PLACEMENT_3D ( 'NONE', #3609, #1151, #1927 ) ;
#1103 = DIRECTION ( 'NONE',  ( 0.000000000000000000, 0.000000000000000000, 1.000000000000000000 ) ) ;
#1104 = VECTOR ( 'NONE', #2359, 1000.000000000000000 ) ;
#1105 = DIRECTION ( 'NONE',  ( 1.000000000000000000, -0.000000000000000000, -0.000000000000000000 ) ) ;
#1106 = EDGE_CURVE ( 'NONE', #3834, #462, #786, .T. ) ;
#1107 = CARTESIAN_POINT ( 'NONE',  ( 2.125000000000001332, 9.199999999999999289, 0.5500000000000004885 ) ) ;
#1108 = DIRECTION ( 'NONE',  ( 1.000000000000000000, 0.000000000000000000, 0.000000000000000000 ) ) ;
#1109 = EDGE_CURVE ( 'NONE', #3279, #1698, #3599, .T. ) ;
#1110 = CARTESIAN_POINT ( 'NONE',  ( -0.6999999999999998446, 5.900000000000001243, 2.299999999999999822 ) ) ;
#1111 = CIRCLE ( 'NONE', #829, 0.5500000000000001554 ) ;
#1112 = EDGE_CURVE ( 'NONE', #3158, #4135, #3554, .T. ) ;
#1113 = CARTESIAN_POINT ( 'NONE',  ( 3.100000000000000089, 1.000000000000000000, 0.2000000000000005107 ) ) ;
#1114 = DIRECTION ( 'NONE',  ( 1.000000000000000000, 0.000000000000000000, 0.000000000000000000 ) ) ;
#1115 = AXIS2_PLACEMENT_3D ( 'NONE', #1793, #2176, #3460 ) ;
#1116 = LINE ( 'NONE', #846, #3923 ) ;
#1117 = EDGE_CURVE ( 'NONE', #2226, #1888, #3620, .T. ) ;
#1118 = DIRECTION ( 'NONE',  ( 0.000000000000000000, 0.000000000000000000, 1.000000000000000000 ) ) ;
#1119 = AXIS2_PLACEMENT_3D ( 'NONE', #1472, #220, #1128 ) ;
#1120 = VECTOR ( 'NONE', #1752, 1000.000000000000000 ) ;
#1121 = DIRECTION ( 'NONE',  ( 1.000000000000000000, -0.000000000000000000, 0.000000000000000000 ) ) ;
#1122 = CARTESIAN_POINT ( 'NONE',  ( -0.6999999999999998446, 5.900000000000001243, -3.020000000000000018 ) ) ;
#1123 = ORIENTED_EDGE ( 'NONE', *, *, #221, .F. ) ;
#1124 = AXIS2_PLACEMENT_3D ( 'NONE', #3695, #3921, #70 ) ;
#1125 = DIRECTION ( 'NONE',  ( 1.000000000000000000, 0.000000000000000000, 0.000000000000000000 ) ) ;
#1126 = ORIENTED_EDGE ( 'NONE', *, *, #647, .T. ) ;
#1127 = CARTESIAN_POINT ( 'NONE',  ( 2.500000000000000888, 8.500000000000000000, 0.2000000000000005107 ) ) ;
#1128 = DIRECTION ( 'NONE',  ( 0.000000000000000000, 0.000000000000000000, -1.000000000000000000 ) ) ;
#1129 = DIRECTION ( 'NONE',  ( 0.000000000000000000, 1.000000000000000000, 0.000000000000000000 ) ) ;
#1130 = LINE ( 'NONE', #3773, #2639 ) ;
#1131 = AXIS2_PLACEMENT_3D ( 'NONE', #144, #2697, #208 ) ;
#1132 = ORIENTED_EDGE ( 'NONE', *, *, #768, .T. ) ;
#1133 = CARTESIAN_POINT ( 'NONE',  ( 0.000000000000000000, 9.500000000000000000, 0.000000000000000000 ) ) ;
#1134 = ADVANCED_FACE ( 'NONE', ( #822 ), #803, .F. ) ;
#1135 = ORIENTED_EDGE ( 'NONE', *, *, #3566, .F. ) ;
#1136 = AXIS2_PLACEMENT_3D ( 'NONE', #3673, #37, #3698 ) ;
#1137 = DIRECTION ( 'NONE',  ( -1.000000000000000000, -1.770125995894700463E-16, 0.000000000000000000 ) ) ;
#1138 = CARTESIAN_POINT ( 'NONE',  ( 2.875000000000001332, 9.199999999999999289, 1.350000000000000977 ) ) ;
#1139 = CIRCLE ( 'NONE', #1526, 1.449999999999999956 ) ;
#1140 = AXIS2_PLACEMENT_3D ( 'NONE', #1623, #753, #694 ) ;
#1141 = CARTESIAN_POINT ( 'NONE',  ( 2.875000000000001332, 9.500000000000000000, -0.1499999999999994671 ) ) ;
#1142 = ORIENTED_EDGE ( 'NONE', *, *, #2231, .F. ) ;
#1143 = CARTESIAN_POINT ( 'NONE',  ( -3.950000000000000178, 2.999999999999999112, -3.799999999999998934 ) ) ;
#1144 = AXIS2_PLACEMENT_3D ( 'NONE', #603, #4002, #1085 ) ;
#1145 = EDGE_CURVE ( 'NONE', #3162, #816, #3586, .T. ) ;
#1146 = CARTESIAN_POINT ( 'NONE',  ( 2.500000000000000888, 15.37401153701776124, 0.2000000000000005107 ) ) ;
#1147 = CIRCLE ( 'NONE', #2775, 1.899999999999999689 ) ;
#1148 = DIRECTION ( 'NONE',  ( 0.000000000000000000, -1.000000000000000000, 0.000000000000000000 ) ) ;
#1149 = ADVANCED_FACE ( 'NONE', ( #2156 ), #2319, .F. ) ;
#1150 = VERTEX_POINT ( 'NONE', #3003 ) ;
#1151 = DIRECTION ( 'NONE',  ( -1.000000000000000000, 0.000000000000000000, 0.000000000000000000 ) ) ;
#1152 = EDGE_CURVE ( 'NONE', #10, #3054, #2174, .T. ) ;
#1153 = CARTESIAN_POINT ( 'NONE',  ( 5.000000000000000000, 3.440000000000000835, 2.000000000000000444 ) ) ;
#1154 = VECTOR ( 'NONE', #1028, 1000.000000000000000 ) ;
#1155 = CARTESIAN_POINT ( 'NONE',  ( -2.499999999999999112, 9.500000000000000000, 0.2000000000000005107 ) ) ;
#1156 = VERTEX_POINT ( 'NONE', #1260 ) ;
#1157 = DIRECTION ( 'NONE',  ( 0.000000000000000000, -1.000000000000000000, 0.000000000000000000 ) ) ;
#1158 = EDGE_CURVE ( 'NONE', #2996, #1555, #778, .T. ) ;
#1159 = LINE ( 'NONE', #885, #1120 ) ;
#1160 = ORIENTED_EDGE ( 'NONE', *, *, #4139, .F. ) ;
#1161 = CARTESIAN_POINT ( 'NONE',  ( 2.125000000000001332, 9.199999999999999289, -0.9499999999999990674 ) ) ;
#1162 = CARTESIAN_POINT ( 'NONE',  ( 2.500000000000000000, 0.000000000000000000, -0.3999999999999993006 ) ) ;
#1163 = ORIENTED_EDGE ( 'NONE', *, *, #471, .T. ) ;
#1164 = DIRECTION ( 'NONE',  ( 0.000000000000000000, 0.000000000000000000, -1.000000000000000000 ) ) ;
#1165 = DIRECTION ( 'NONE',  ( 0.000000000000000000, 0.000000000000000000, 1.000000000000000000 ) ) ;
#1166 = VECTOR ( 'NONE', #422, 1000.000000000000000 ) ;
#1167 = CARTESIAN_POINT ( 'NONE',  ( 2.125000000000001332, 9.199999999999999289, -0.1499999999999994671 ) ) ;
#1168 = ORIENTED_EDGE ( 'NONE', *, *, #1176, .T. ) ;
#1169 = CARTESIAN_POINT ( 'NONE',  ( -2.499999999999999112, -3.700000000000000178, 0.5000000000000004441 ) ) ;
#1170 = DIRECTION ( 'NONE',  ( 0.000000000000000000, -1.000000000000000000, 0.000000000000000000 ) ) ;
#1171 = LINE ( 'NONE', #1884, #2594 ) ;
#1172 = ORIENTED_EDGE ( 'NONE', *, *, #160, .T. ) ;
#1173 = CARTESIAN_POINT ( 'NONE',  ( 1.500000000000000444, 3.615000000000001101, 1.900000000000000577 ) ) ;
#1174 = AXIS2_PLACEMENT_3D ( 'NONE', #826, #1799, #2390 ) ;
#1175 = AXIS2_PLACEMENT_3D ( 'NONE', #1712, #396, #2007 ) ;
#1176 = EDGE_CURVE ( 'NONE', #1563, #434, #795, .T. ) ;
#1177 = LINE ( 'NONE', #4089, #2552 ) ;
#1178 = EDGE_LOOP ( 'NONE', ( #844, #648, #1068, #3326, #1931, #479 ) ) ;
#1179 = ORIENTED_EDGE ( 'NONE', *, *, #3806, .F. ) ;
#1180 = EDGE_CURVE ( 'NONE', #3162, #572, #756, .T. ) ;
#1181 = VECTOR ( 'NONE', #2068, 1000.000000000000000 ) ;
#1182 = EDGE_CURVE ( 'NONE', #260, #280, #2214, .T. ) ;
#1183 = DIRECTION ( 'NONE',  ( 0.8433914458128888292, 0.5372996083468188910, -0.000000000000000000 ) ) ;
#1184 = ORIENTED_EDGE ( 'NONE', *, *, #1152, .T. ) ;
#1185 = CARTESIAN_POINT ( 'NONE',  ( 0.7000000000000000666, 5.900000000000000355, 9.880296045424104889 ) ) ;
#1186 = EDGE_LOOP ( 'NONE', ( #2891, #124, #2460, #3495, #3640, #399, #602, #2452 ) ) ;
#1187 = CARTESIAN_POINT ( 'NONE',  ( -5.000000000000000888, 0.000000000000000000, -3.799999999999999378 ) ) ;
#1188 = TOROIDAL_SURFACE ( 'NONE', #3131, 0.2999999999999999334, 0.2000000000000000111 ) ;
#1189 = CARTESIAN_POINT ( 'NONE',  ( -2.500000000000000000, 5.368065933568310300, 0.2000000000000005107 ) ) ;
#1190 = EDGE_CURVE ( 'NONE', #2241, #1261, #774, .T. ) ;
#1191 = EDGE_LOOP ( 'NONE', ( #4039, #344, #4052, #4023, #4130, #1735, #1379, #4147, #273 ) ) ;
#1192 = EDGE_LOOP ( 'NONE', ( #3979, #1199, #1944, #222, #1894, #378, #1861 ) ) ;
#1193 = DIRECTION ( 'NONE',  ( -1.000000000000000000, -2.409338161078898687E-16, -0.000000000000000000 ) ) ;
#1194 = DIRECTION ( 'NONE',  ( 1.000000000000000000, 0.000000000000000000, 0.000000000000000000 ) ) ;
#1195 =( NAMED_UNIT ( * ) PLANE_ANGLE_UNIT ( ) SI_UNIT ( $, .RADIAN. ) );
#1196 = VECTOR ( 'NONE', #2329, 1000.000000000000000 ) ;
#1197 = CARTESIAN_POINT ( 'NONE',  ( -4.299999999999998934, 0.9999999999999995559, -3.020000000000000018 ) ) ;
#1198 = ORIENTED_EDGE ( 'NONE', *, *, #956, .T. ) ;
#1199 = ORIENTED_EDGE ( 'NONE', *, *, #2612, .F. ) ;
#1200 = DIRECTION ( 'NONE',  ( 0.000000000000000000, -1.000000000000000000, 0.000000000000000000 ) ) ;
#1201 = DIRECTION ( 'NONE',  ( 0.000000000000000000, 0.000000000000000000, -1.000000000000000000 ) ) ;
#1202 = LINE ( 'NONE', #3787, #3944 ) ;
#1203 = ADVANCED_FACE ( 'NONE', ( #2239 ), #1676, .F. ) ;
#1204 = ORIENTED_EDGE ( 'NONE', *, *, #1413, .T. ) ;
#1205 = DIRECTION ( 'NONE',  ( 2.224004456380522396E-16, -1.000000000000000000, -0.000000000000000000 ) ) ;
#1206 = CARTESIAN_POINT ( 'NONE',  ( -2.500000000000000000, 10.00000000000000178, -2.649999999999999467 ) ) ;
#1207 = LINE ( 'NONE', #1857, #4013 ) ;
#1208 = DIRECTION ( 'NONE',  ( 0.000000000000000000, 0.000000000000000000, 1.000000000000000000 ) ) ;
#1209 = DIRECTION ( 'NONE',  ( 0.000000000000000000, 0.000000000000000000, 1.000000000000000000 ) ) ;
#1210 = EDGE_LOOP ( 'NONE', ( #324, #1613, #1492, #50 ) ) ;
#1211 = CARTESIAN_POINT ( 'NONE',  ( -3.499999999999999556, 3.615000000000001101, 2.300000000000000266 ) ) ;
#1212 = MECHANICAL_DESIGN_GEOMETRIC_PRESENTATION_REPRESENTATION (  '', ( #472 ), #903 ) ;
#1213 = CARTESIAN_POINT ( 'NONE',  ( 2.500000000000001332, 8.500000000000000000, -1.799999999999999600 ) ) ;
#1214 = CIRCLE ( 'NONE', #1029, 0.2000000000000000111 ) ;
#1215 = CARTESIAN_POINT ( 'NONE',  ( -3.499999999999999556, 3.790000000000000924, 2.800000000000000266 ) ) ;
#1216 = EDGE_LOOP ( 'NONE', ( #3478, #1930, #2856, #1509 ) ) ;
#1217 = ORIENTED_EDGE ( 'NONE', *, *, #4114, .T. ) ;
#1218 = DIRECTION ( 'NONE',  ( -1.112002228190260952E-16, 1.000000000000000000, -0.000000000000000000 ) ) ;
#1219 = DIRECTION ( 'NONE',  ( -0.4999999999999940048, 0.000000000000000000, 0.8660254037844421493 ) ) ;
#1220 =( NAMED_UNIT ( * ) SI_UNIT ( $, .STERADIAN. ) SOLID_ANGLE_UNIT ( ) );
#1221 = FACE_OUTER_BOUND ( 'NONE', #186, .T. ) ;
#1222 = AXIS2_PLACEMENT_3D ( 'NONE', #2519, #1006, #3581 ) ;
#1223 = CARTESIAN_POINT ( 'NONE',  ( -2.500000000000000000, 5.368065933568310300, -0.3999999999999993006 ) ) ;
#1224 = ORIENTED_EDGE ( 'NONE', *, *, #1551, .F. ) ;
#1225 = ORIENTED_EDGE ( 'NONE', *, *, #957, .F. ) ;
#1226 = DIRECTION ( 'NONE',  ( -0.000000000000000000, -1.000000000000000000, -0.000000000000000000 ) ) ;
#1227 = CARTESIAN_POINT ( 'NONE',  ( -2.874999999999998668, 9.199999999999999289, 1.350000000000000977 ) ) ;
#1228 = CARTESIAN_POINT ( 'NONE',  ( 3.500000000000000000, 3.615000000000001101, 2.300000000000000266 ) ) ;
#1229 = EDGE_CURVE ( 'NONE', #541, #218, #2162, .T. ) ;
#1230 = VECTOR ( 'NONE', #3856, 1000.000000000000000 ) ;
#1231 = EDGE_CURVE ( 'NONE', #489, #1846, #3571, .T. ) ;
#1232 = VERTEX_POINT ( 'NONE', #2375 ) ;
#1233 = VERTEX_POINT ( 'NONE', #2641 ) ;
#1234 = DIRECTION ( 'NONE',  ( 0.000000000000000000, 0.000000000000000000, 1.000000000000000000 ) ) ;
#1235 = EDGE_CURVE ( 'NONE', #280, #289, #831, .T. ) ;
#1236 = AXIS2_PLACEMENT_3D ( 'NONE', #2195, #2432, #3754 ) ;
#1237 = DIRECTION ( 'NONE',  ( 1.000000000000000000, 0.000000000000000000, 0.000000000000000000 ) ) ;
#1238 = DIRECTION ( 'NONE',  ( -1.770125995894700463E-16, 1.000000000000000000, 0.000000000000000000 ) ) ;
#1239 = DIRECTION ( 'NONE',  ( -1.015347001549929225E-15, 1.000000000000000000, 0.000000000000000000 ) ) ;
#1240 = ADVANCED_FACE ( 'NONE', ( #3595 ), #3538, .T. ) ;
#1241 = VERTEX_POINT ( 'NONE', #4156 ) ;
#1242 =( LENGTH_UNIT ( ) NAMED_UNIT ( * ) SI_UNIT ( .MILLI., .METRE. ) );
#1243 = CARTESIAN_POINT ( 'NONE',  ( 1.500000000000000444, 2.640000000000001013, 2.000000000000000444 ) ) ;
#1244 = ADVANCED_FACE ( 'NONE', ( #2210 ), #364, .F. ) ;
#1245 = EDGE_CURVE ( 'NONE', #393, #1431, #804, .T. ) ;
#1246 = VERTEX_POINT ( 'NONE', #112 ) ;
#1247 = CYLINDRICAL_SURFACE ( 'NONE', #2072, 1.449999999999999956 ) ;
#1248 = DIRECTION ( 'NONE',  ( 0.000000000000000000, 1.000000000000000000, 0.000000000000000000 ) ) ;
#1249 = AXIS2_PLACEMENT_3D ( 'NONE', #1668, #460, #136 ) ;
#1250 = ORIENTED_EDGE ( 'NONE', *, *, #1039, .F. ) ;
#1251 = ORIENTED_EDGE ( 'NONE', *, *, #351, .F. ) ;
#1252 = PLANE ( 'NONE',  #2020 ) ;
#1253 = DIRECTION ( 'NONE',  ( 2.224004456380522396E-16, -1.000000000000000000, 0.000000000000000000 ) ) ;
#1254 = EDGE_LOOP ( 'NONE', ( #336, #366, #3059, #2854 ) ) ;
#1255 = CARTESIAN_POINT ( 'NONE',  ( -3.049999999999999822, 8.817654389267289616, -2.649999999999999467 ) ) ;
#1256 = VERTEX_POINT ( 'NONE', #1061 ) ;
#1257 = AXIS2_PLACEMENT_3D ( 'NONE', #1358, #1739, #101 ) ;
#1258 = ORIENTED_EDGE ( 'NONE', *, *, #3435, .T. ) ;
#1259 = LINE ( 'NONE', #2965, #4080 ) ;
#1260 = CARTESIAN_POINT ( 'NONE',  ( 3.100000000000000089, 1.000000000000000000, 0.2000000000000005107 ) ) ;
#1261 = VERTEX_POINT ( 'NONE', #1424 ) ;
#1262 = SURFACE_SIDE_STYLE ('',( #1658 ) ) ;
#1263 = CIRCLE ( 'NONE', #3572, 0.1999999999999996503 ) ;
#1264 = ORIENTED_EDGE ( 'NONE', *, *, #1316, .T. ) ;
#1265 = ORIENTED_EDGE ( 'NONE', *, *, #3073, .T. ) ;
#1266 = DIRECTION ( 'NONE',  ( 1.770125995894700463E-16, -1.000000000000000000, 0.000000000000000000 ) ) ;
#1267 = CARTESIAN_POINT ( 'NONE',  ( -2.874999999999998668, 9.500000000000000000, 0.5500000000000004885 ) ) ;
#1268 = ORIENTED_EDGE ( 'NONE', *, *, #471, .F. ) ;
#1269 = VECTOR ( 'NONE', #2434, 1000.000000000000000 ) ;
#1270 = PRODUCT_DEFINITION ( 'UNKNOWN', '', #3908, #722 ) ;
#1271 = DIRECTION ( 'NONE',  ( 1.327594496921025224E-16, -1.000000000000000000, 0.000000000000000000 ) ) ;
#1272 = CARTESIAN_POINT ( 'NONE',  ( 1.500000000000000444, 3.215000000000000746, -5.101015377165675879 ) ) ;
#1273 = VERTEX_POINT ( 'NONE', #2430 ) ;
#1274 = DIRECTION ( 'NONE',  ( 1.000000000000000000, 0.000000000000000000, 0.000000000000000000 ) ) ;
#1275 = VECTOR ( 'NONE', #3183, 1000.000000000000000 ) ;
#1276 = AXIS2_PLACEMENT_3D ( 'NONE', #3953, #1298, #766 ) ;
#1277 = ORIENTED_EDGE ( 'NONE', *, *, #1025, .F. ) ;
#1278 = EDGE_CURVE ( 'NONE', #1535, #1801, #783, .T. ) ;
#1279 = CARTESIAN_POINT ( 'NONE',  ( 5.000000000000000000, 0.000000000000000000, -3.020000000000000018 ) ) ;
#1280 = CARTESIAN_POINT ( 'NONE',  ( -2.499999999999999112, 10.00000000000000000, 0.2000000000000005107 ) ) ;
#1281 = ADVANCED_FACE ( 'NONE', ( #3550, #811 ), #2138, .F. ) ;
#1282 = EDGE_LOOP ( 'NONE', ( #3079, #1588, #293, #3027, #3370, #1969, #546, #3031, #1899 ) ) ;
#1283 = CARTESIAN_POINT ( 'NONE',  ( -2.499999999999999112, 8.500000000000000000, 0.2000000000000005107 ) ) ;
#1284 = EDGE_CURVE ( 'NONE', #419, #260, #2188, .T. ) ;
#1285 = AXIS2_PLACEMENT_3D ( 'NONE', #313, #3607, #2066 ) ;
#1286 = CIRCLE ( 'NONE', #1731, 0.1999999999999996503 ) ;
#1287 = ADVANCED_FACE ( 'NONE', ( #2227 ), #2247, .F. ) ;
#1288 = CARTESIAN_POINT ( 'NONE',  ( 2.000000000000000000, 0.9999999999999997780, 0.2000000000000005107 ) ) ;
#1289 = ORIENTED_EDGE ( 'NONE', *, *, #2906, .F. ) ;
#1290 = FACE_OUTER_BOUND ( 'NONE', #4034, .T. ) ;
#1291 = CARTESIAN_POINT ( 'NONE',  ( 2.500000000000000888, 8.500000000000000000, 0.2000000000000005107 ) ) ;
#1292 = ORIENTED_EDGE ( 'NONE', *, *, #4008, .F. ) ;
#1293 = EDGE_CURVE ( 'NONE', #466, #3284, #3629, .T. ) ;
#1294 = AXIS2_PLACEMENT_3D ( 'NONE', #3950, #2104, #105 ) ;
#1295 = FACE_OUTER_BOUND ( 'NONE', #106, .T. ) ;
#1296 = CARTESIAN_POINT ( 'NONE',  ( -2.500000000000000000, 0.9999999999999997780, 0.2000000000000005107 ) ) ;
#1297 = ORIENTED_EDGE ( 'NONE', *, *, #3982, .T. ) ;
#1298 = DIRECTION ( 'NONE',  ( 0.000000000000000000, -1.000000000000000000, 0.000000000000000000 ) ) ;
#1299 = EDGE_CURVE ( 'NONE', #3225, #3162, #3521, .T. ) ;
#1300 = ORIENTED_EDGE ( 'NONE', *, *, #171, .T. ) ;
#1301 = ORIENTED_EDGE ( 'NONE', *, *, #2192, .T. ) ;
#1302 = AXIS2_PLACEMENT_3D ( 'NONE', #2191, #2429, #3093 ) ;
#1303 = DIRECTION ( 'NONE',  ( 0.000000000000000000, 0.000000000000000000, 1.000000000000000000 ) ) ;
#1304 = CIRCLE ( 'NONE', #1249, 1.449999999999999956 ) ;
#1305 = EDGE_LOOP ( 'NONE', ( #317, #3918, #416, #132, #870, #2555, #1309 ) ) ;
#1306 = VECTOR ( 'NONE', #1024, 1000.000000000000000 ) ;
#1307 = CARTESIAN_POINT ( 'NONE',  ( 3.050000000000000266, 10.81854696127649085, -1.550000000000000044 ) ) ;
#1308 = CARTESIAN_POINT ( 'NONE',  ( 2.500000000000000000, 2.999999999999999112, -3.020000000000000018 ) ) ;
#1309 = ORIENTED_EDGE ( 'NONE', *, *, #1190, .F. ) ;
#1310 = VERTEX_POINT ( 'NONE', #922 ) ;
#1311 = EDGE_CURVE ( 'NONE', #2714, #3072, #3524, .T. ) ;
#1313 = AXIS2_PLACEMENT_3D ( 'NONE', #1892, #319, #2316 ) ;
#1312 = TOROIDAL_SURFACE ( 'NONE', #2853, 0.2999999999999999334, 0.2000000000000000111 ) ;
#1314 = ORIENTED_EDGE ( 'NONE', *, *, #3483, .F. ) ;
#1315 = CARTESIAN_POINT ( 'NONE',  ( 2.875000000000001332, 9.199999999999999289, 1.350000000000000977 ) ) ;
#1316 = EDGE_CURVE ( 'NONE', #2479, #2897, #3508, .T. ) ;
#1317 = LINE ( 'NONE', #1994, #2695 ) ;
#1318 = DIRECTION ( 'NONE',  ( 1.327594496921025224E-16, -1.000000000000000000, 0.000000000000000000 ) ) ;
#1319 = EDGE_LOOP ( 'NONE', ( #2857, #2415, #3858, #2742, #2673 ) ) ;
#1320 = ORIENTED_EDGE ( 'NONE', *, *, #1350, .F. ) ;
#1321 = DIRECTION ( 'NONE',  ( 0.000000000000000000, 1.000000000000000000, 0.000000000000000000 ) ) ;
#1322 = LINE ( 'NONE', #992, #4146 ) ;
#1323 = DIRECTION ( 'NONE',  ( -1.000000000000000000, 0.000000000000000000, -0.000000000000000000 ) ) ;
#1324 = EDGE_LOOP ( 'NONE', ( #3109, #1647, #1960, #1662 ) ) ;
#1325 = CARTESIAN_POINT ( 'NONE',  ( 4.300000000000000711, 1.000000000000000000, 3.800000000000000266 ) ) ;
#1326 = VECTOR ( 'NONE', #3801, 1000.000000000000000 ) ;
#1327 = DIRECTION ( 'NONE',  ( 1.204669080539449344E-16, -1.000000000000000000, 0.000000000000000000 ) ) ;
#1328 = VERTEX_POINT ( 'NONE', #340 ) ;
#1329 = ORIENTED_EDGE ( 'NONE', *, *, #1469, .F. ) ;
#1330 = DIRECTION ( 'NONE',  ( 0.000000000000000000, 0.000000000000000000, 1.000000000000000000 ) ) ;
#1331 = VECTOR ( 'NONE', #3415, 1000.000000000000000 ) ;
#1332 = ADVANCED_FACE ( 'NONE', ( #839 ), #2130, .T. ) ;
#1333 = EDGE_LOOP ( 'NONE', ( #3635, #628, #3176, #1046 ) ) ;
#1334 = DIRECTION ( 'NONE',  ( 0.000000000000000000, -1.000000000000000000, 0.000000000000000000 ) ) ;
#1335 = LINE ( 'NONE', #4174, #1348 ) ;
#1336 = ORIENTED_EDGE ( 'NONE', *, *, #1070, .F. ) ;
#1337 = VERTEX_POINT ( 'NONE', #937 ) ;
#1338 = CARTESIAN_POINT ( 'NONE',  ( 1.950000000000000178, 8.817654389267289616, -2.649999999999999467 ) ) ;
#1339 = CARTESIAN_POINT ( 'NONE',  ( -2.874999999999998668, 9.199999999999999289, 1.350000000000000977 ) ) ;
#1340 = FACE_OUTER_BOUND ( 'NONE', #545, .T. ) ;
#1341 = ORIENTED_EDGE ( 'NONE', *, *, #3727, .F. ) ;
#1342 = CARTESIAN_POINT ( 'NONE',  ( 2.906939798987516532, 5.900000000000000355, -3.020000000000000018 ) ) ;
#1343 = EDGE_LOOP ( 'NONE', ( #2597, #291, #2846, #1126, #318 ) ) ;
#1344 = EDGE_LOOP ( 'NONE', ( #3258, #80, #681, #1872 ) ) ;
#1345 = DIRECTION ( 'NONE',  ( -0.000000000000000000, 1.000000000000000000, -0.000000000000000000 ) ) ;
#1346 = VERTEX_POINT ( 'NONE', #600 ) ;
#1347 = DIRECTION ( 'NONE',  ( -0.000000000000000000, 1.000000000000000000, -0.000000000000000000 ) ) ;
#1348 = VECTOR ( 'NONE', #3606, 1000.000000000000000 ) ;
#1349 = CARTESIAN_POINT ( 'NONE',  ( -2.499999999999999112, 5.900000000000000355, -2.649999999999999467 ) ) ;
#1350 = EDGE_CURVE ( 'NONE', #2812, #3487, #709, .T. ) ;
#1351 = AXIS2_PLACEMENT_3D ( 'NONE', #2568, #345, #2652 ) ;
#1352 = VERTEX_POINT ( 'NONE', #3227 ) ;
#1353 = AXIS2_PLACEMENT_3D ( 'NONE', #1169, #353, #1964 ) ;
#1354 = EDGE_CURVE ( 'NONE', #1451, #1974, #2183, .T. ) ;
#1355 = CIRCLE ( 'NONE', #1119, 0.1999999999999999833 ) ;
#1356 = CARTESIAN_POINT ( 'NONE',  ( -1.900000000000000133, 1.000000000000000000, 0.2000000000000005107 ) ) ;
#1357 = VERTEX_POINT ( 'NONE', #1211 ) ;
#1358 = CARTESIAN_POINT ( 'NONE',  ( -4.530000000000000249, -3.899999999999999023, -2.409585481156657938 ) ) ;
#1359 = FACE_OUTER_BOUND ( 'NONE', #2887, .T. ) ;
#1360 = EDGE_CURVE ( 'NONE', #2929, #1439, #2196, .T. ) ;
#1361 = CARTESIAN_POINT ( 'NONE',  ( 3.499999999999999556, 2.640000000000001013, 2.800000000000000266 ) ) ;
#1362 = EDGE_CURVE ( 'NONE', #1425, #2996, #732, .T. ) ;
#1363 = VERTEX_POINT ( 'NONE', #2307 ) ;
#1364 = DIRECTION ( 'NONE',  ( 0.000000000000000000, 0.000000000000000000, -1.000000000000000000 ) ) ;
#1365 = CARTESIAN_POINT ( 'NONE',  ( 4.300000000000000711, 1.000000000000000000, -3.020000000000000018 ) ) ;
#1366 = LINE ( 'NONE', #933, #2735 ) ;
#1367 = EDGE_CURVE ( 'NONE', #2901, #1813, #2207, .T. ) ;
#1368 = ORIENTED_EDGE ( 'NONE', *, *, #768, .F. ) ;
#1369 = SURFACE_STYLE_USAGE ( .BOTH. , #1262 ) ;
#1370 = FACE_BOUND ( 'NONE', #1389, .T. ) ;
#1371 = ORIENTED_EDGE ( 'NONE', *, *, #3317, .F. ) ;
#1372 = DIRECTION ( 'NONE',  ( -1.000000000000000000, -0.000000000000000000, -0.000000000000000000 ) ) ;
#1373 = DIRECTION ( 'NONE',  ( -0.5372996083468188910, 0.8433914458128888292, 0.000000000000000000 ) ) ;
#1374 = LINE ( 'NONE', #3946, #4043 ) ;
#1375 = ADVANCED_FACE ( 'NONE', ( #3579 ), #2453, .F. ) ;
#1376 = ORIENTED_EDGE ( 'NONE', *, *, #586, .T. ) ;
#1377 = LINE ( 'NONE', #3340, #1306 ) ;
#1378 = DIRECTION ( 'NONE',  ( 0.000000000000000000, -1.000000000000000000, 0.000000000000000000 ) ) ;
#1379 = ORIENTED_EDGE ( 'NONE', *, *, #914, .T. ) ;
#1380 = CARTESIAN_POINT ( 'NONE',  ( 2.500000000000001332, 15.37401153701776124, 2.100000000000000089 ) ) ;
#1381 = DIRECTION ( 'NONE',  ( 0.000000000000000000, 0.000000000000000000, 1.000000000000000000 ) ) ;
#1382 = LINE ( 'NONE', #1488, #9 ) ;
#1383 = ORIENTED_EDGE ( 'NONE', *, *, #1176, .F. ) ;
#1384 = CARTESIAN_POINT ( 'NONE',  ( -4.299999999999999822, 5.900000000000000355, 2.800000000000000266 ) ) ;
#1385 = LINE ( 'NONE', #1597, #4094 ) ;
#1386 = ORIENTED_EDGE ( 'NONE', *, *, #1841, .T. ) ;
#1387 = LINE ( 'NONE', #467, #4108 ) ;
#1388 = CARTESIAN_POINT ( 'NONE',  ( -4.530000000000000249, 6.599999999999999645, -2.990414518843201197 ) ) ;
#1389 = EDGE_LOOP ( 'NONE', ( #3350, #1481 ) ) ;
#1390 = DIRECTION ( 'NONE',  ( 1.000000000000000000, 0.000000000000000000, 0.000000000000000000 ) ) ;
#1391 = VECTOR ( 'NONE', #2096, 1000.000000000000000 ) ;
#1392 = DIRECTION ( 'NONE',  ( 0.000000000000000000, -1.000000000000000000, 0.000000000000000000 ) ) ;
#1393 = VERTEX_POINT ( 'NONE', #3657 ) ;
#1394 = FACE_OUTER_BOUND ( 'NONE', #110, .T. ) ;
#1395 = ORIENTED_EDGE ( 'NONE', *, *, #3434, .F. ) ;
#1396 = CARTESIAN_POINT ( 'NONE',  ( -3.100000000000000089, 1.000000000000000000, 0.2000000000000005107 ) ) ;
#1397 = LINE ( 'NONE', #2518, #1326 ) ;
#1398 = ORIENTED_EDGE ( 'NONE', *, *, #3843, .F. ) ;
#1399 = DIRECTION ( 'NONE',  ( -1.000000000000000000, 0.000000000000000000, -0.000000000000000000 ) ) ;
#1400 = LINE ( 'NONE', #2930, #1331 ) ;
#1401 = ORIENTED_EDGE ( 'NONE', *, *, #58, .F. ) ;
#1402 = LINE ( 'NONE', #3555, #4072 ) ;
#1403 = AXIS2_PLACEMENT_3D ( 'NONE', #1426, #1121, #1785 ) ;
#1404 = PLANE ( 'NONE',  #3021 ) ;
#1405 = VERTEX_POINT ( 'NONE', #1619 ) ;
#1406 = EDGE_CURVE ( 'NONE', #2990, #2662, #932, .T. ) ;
#1407 = EDGE_CURVE ( 'NONE', #1834, #2812, #900, .T. ) ;
#1408 = CARTESIAN_POINT ( 'NONE',  ( -4.530000000000000249, 0.000000000000000000, -2.990414518843201197 ) ) ;
#1409 = CIRCLE ( 'NONE', #3940, 0.5500000000000001554 ) ;
#1410 = ORIENTED_EDGE ( 'NONE', *, *, #2022, .T. ) ;
#1411 = CARTESIAN_POINT ( 'NONE',  ( 4.299999999999999822, 5.900000000000001243, 2.300000000000000266 ) ) ;
#1412 = DIRECTION ( 'NONE',  ( 0.000000000000000000, 1.000000000000000000, 0.000000000000000000 ) ) ;
#1413 = EDGE_CURVE ( 'NONE', #2832, #1780, #2330, .T. ) ;
#1414 = EDGE_LOOP ( 'NONE', ( #847, #1132, #63, #2560 ) ) ;
#1415 = CLOSED_SHELL ( 'NONE', ( #1287, #1033, #2459, #3230, #999, #4081, #3592, #4152, #247, #3486, #1977, #1783, #68, #3623, #1639, #2407, #3933, #2917, #887, #3268, #427, #2309, #2283, #1511, #3451, #3670, #4155, #2018, #3320, #152, #111, #824, #898, #1476, #3771, #2924, #4012, #3659, #3314, #2208, #290, #2974, #2056, #99, #377, #436 ) ) ;
#1416 = CYLINDRICAL_SURFACE ( 'NONE', #3782, 0.4000000000000001887 ) ;
#1417 = ADVANCED_FACE ( 'NONE', ( #959 ), #3295, .F. ) ;
#1418 = EDGE_LOOP ( 'NONE', ( #4071, #3991, #3103, #299 ) ) ;
#1419 = VECTOR ( 'NONE', #2395, 1000.000000000000000 ) ;
#1420 = PLANE ( 'NONE',  #1460 ) ;
#1421 = VERTEX_POINT ( 'NONE', #3161 ) ;
#1422 = ORIENTED_EDGE ( 'NONE', *, *, #3301, .F. ) ;
#1423 = ORIENTED_EDGE ( 'NONE', *, *, #842, .T. ) ;
#1424 = CARTESIAN_POINT ( 'NONE',  ( -0.6325150603016893580, 9.500000000000000000, -0.1499999999999994393 ) ) ;
#1425 = VERTEX_POINT ( 'NONE', #3528 ) ;
#1426 = CARTESIAN_POINT ( 'NONE',  ( -5.000000000000000888, 10.00000000000000000, 3.800000000000000266 ) ) ;
#1427 = FACE_OUTER_BOUND ( 'NONE', #3349, .T. ) ;
#1428 = EDGE_LOOP ( 'NONE', ( #86, #2831 ) ) ;
#1429 = PLANE ( 'NONE',  #3011 ) ;
#1430 = PLANE ( 'NONE',  #1832 ) ;
#1431 = VERTEX_POINT ( 'NONE', #1989 ) ;
#1432 = CLOSED_SHELL ( 'NONE', ( #2871, #944, #596, #1000, #4045, #2549, #2353, #57, #2757, #1244, #1684, #3972, #2281, #1375, #4119, #2389 ) ) ;
#1433 = VECTOR ( 'NONE', #1765, 1000.000000000000000 ) ;
#1434 = DIRECTION ( 'NONE',  ( 1.000000000000000000, 2.409338161078898687E-16, 0.000000000000000000 ) ) ;
#1435 = CARTESIAN_POINT ( 'NONE',  ( 2.125000000000001332, 9.199999999999999289, 1.350000000000000977 ) ) ;
#1436 = ORIENTED_EDGE ( 'NONE', *, *, #2956, .F. ) ;
#1437 = ORIENTED_EDGE ( 'NONE', *, *, #2671, .F. ) ;
#1438 = PLANE ( 'NONE',  #3947 ) ;
#1439 = VERTEX_POINT ( 'NONE', #2306 ) ;
#1440 = VERTEX_POINT ( 'NONE', #936 ) ;
#1441 = DIRECTION ( 'NONE',  ( 1.000000000000000000, 1.204669080539449344E-16, 0.000000000000000000 ) ) ;
#1442 = CARTESIAN_POINT ( 'NONE',  ( 2.125000000000001332, 9.199999999999999289, 0.5500000000000004885 ) ) ;
#1443 = ORIENTED_EDGE ( 'NONE', *, *, #3889, .F. ) ;
#1444 = ORIENTED_EDGE ( 'NONE', *, *, #1943, .F. ) ;
#1445 = VERTEX_POINT ( 'NONE', #2876 ) ;
#1446 = ORIENTED_EDGE ( 'NONE', *, *, #1145, .T. ) ;
#1447 = VECTOR ( 'NONE', #895, 1000.000000000000000 ) ;
#1448 = CARTESIAN_POINT ( 'NONE',  ( -3.100000000000000089, 5.368065933568310300, 0.2000000000000005107 ) ) ;
#1449 = ORIENTED_EDGE ( 'NONE', *, *, #2785, .F. ) ;
#1450 = CARTESIAN_POINT ( 'NONE',  ( -5.000000000000000888, 6.700000000000000178, 3.750000000000000444 ) ) ;
#1451 = VERTEX_POINT ( 'NONE', #983 ) ;
#1452 = EDGE_CURVE ( 'NONE', #1843, #300, #3748, .T. ) ;
#1453 = ORIENTED_EDGE ( 'NONE', *, *, #4016, .F. ) ;
#1454 = ADVANCED_FACE ( 'NONE', ( #2379 ), #339, .F. ) ;
#1455 = ORIENTED_EDGE ( 'NONE', *, *, #118, .T. ) ;
#1456 = CARTESIAN_POINT ( 'NONE',  ( 2.500000000000000000, 2.999999999999999112, 2.300000000000000266 ) ) ;
#1457 = VECTOR ( 'NONE', #2637, 1000.000000000000000 ) ;
#1458 = DIRECTION ( 'NONE',  ( 0.000000000000000000, 0.000000000000000000, 1.000000000000000000 ) ) ;
#1459 = EDGE_CURVE ( 'NONE', #1644, #2219, #3735, .T. ) ;
#1460 = AXIS2_PLACEMENT_3D ( 'NONE', #1552, #3523, #2447 ) ;
#1461 = ORIENTED_EDGE ( 'NONE', *, *, #1354, .F. ) ;
#1462 = CARTESIAN_POINT ( 'NONE',  ( -3.499999999999999556, 3.790000000000000924, 2.300000000000000266 ) ) ;
#1463 = DIRECTION ( 'NONE',  ( 0.000000000000000000, 0.000000000000000000, -1.000000000000000000 ) ) ;
#1464 = ORIENTED_EDGE ( 'NONE', *, *, #51, .T. ) ;
#1465 = ORIENTED_EDGE ( 'NONE', *, *, #3886, .F. ) ;
#1466 = VECTOR ( 'NONE', #3464, 1000.000000000000000 ) ;
#1467 = EDGE_CURVE ( 'NONE', #859, #3217, #3732, .T. ) ;
#1468 = CARTESIAN_POINT ( 'NONE',  ( -4.530000000000000249, -3.899999999999999023, -2.209585481156658204 ) ) ;
#1469 = EDGE_CURVE ( 'NONE', #264, #309, #955, .T. ) ;
#1470 = ORIENTED_EDGE ( 'NONE', *, *, #1600, .F. ) ;
#1471 = ORIENTED_EDGE ( 'NONE', *, *, #702, .T. ) ;
#1472 = CARTESIAN_POINT ( 'NONE',  ( 2.500000000000000888, -3.700000000000000178, 0.5000000000000004441 ) ) ;
#1473 = ORIENTED_EDGE ( 'NONE', *, *, #1069, .T. ) ;
#1474 = ORIENTED_EDGE ( 'NONE', *, *, #1648, .T. ) ;
#1475 = PLANE ( 'NONE',  #911 ) ;
#1476 = ADVANCED_FACE ( 'NONE', ( #3750 ), #270, .F. ) ;
#1477 = LINE ( 'NONE', #1054, #2903 ) ;
#1478 = DIRECTION ( 'NONE',  ( 0.000000000000000000, -1.000000000000000000, 0.000000000000000000 ) ) ;
#1479 = VERTEX_POINT ( 'NONE', #3226 ) ;
#1480 = ORIENTED_EDGE ( 'NONE', *, *, #2412, .F. ) ;
#1481 = ORIENTED_EDGE ( 'NONE', *, *, #2848, .T. ) ;
#1482 = CIRCLE ( 'NONE', #2405, 0.5999999999999998668 ) ;
#1483 = CARTESIAN_POINT ( 'NONE',  ( -3.499999999999999556, 2.640000000000001013, 2.800000000000000266 ) ) ;
#1484 = ORIENTED_EDGE ( 'NONE', *, *, #2233, .F. ) ;
#1485 = ORIENTED_EDGE ( 'NONE', *, *, #3780, .T. ) ;
#1486 = EDGE_LOOP ( 'NONE', ( #2749, #328, #3100, #1695 ) ) ;
#1487 = ORIENTED_EDGE ( 'NONE', *, *, #1299, .F. ) ;
#1488 = CARTESIAN_POINT ( 'NONE',  ( -2.999999999999998668, -9.214213562373096522, 0.2000000000000005107 ) ) ;
#1489 = VECTOR ( 'NONE', #2861, 1000.000000000000000 ) ;
#1490 = DIRECTION ( 'NONE',  ( 0.000000000000000000, 0.000000000000000000, 1.000000000000000000 ) ) ;
#1491 = EDGE_LOOP ( 'NONE', ( #1754, #1737, #2659, #244, #1734, #1599, #1995, #360, #236, #1517, #210, #2001, #3098, #508, #1443, #272, #1685, #3266, #3064, #207, #308 ) ) ;
#1492 = ORIENTED_EDGE ( 'NONE', *, *, #964, .T. ) ;
#1493 = CARTESIAN_POINT ( 'NONE',  ( 3.100000000000000089, 0.000000000000000000, 3.800000000000000266 ) ) ;
#1494 = CARTESIAN_POINT ( 'NONE',  ( 2.500000000000000888, 15.37401153701776124, 0.2000000000000005107 ) ) ;
#1495 = ORIENTED_EDGE ( 'NONE', *, *, #801, .F. ) ;
#1496 = ORIENTED_EDGE ( 'NONE', *, *, #916, .T. ) ;
#1497 = LINE ( 'NONE', #2182, #117 ) ;
#1498 = CARTESIAN_POINT ( 'NONE',  ( -5.000000000000000888, 6.700000000000000178, 3.800000000000000266 ) ) ;
#1499 = EDGE_LOOP ( 'NONE', ( #1518, #204, #2635, #2741 ) ) ;
#1500 = CARTESIAN_POINT ( 'NONE',  ( 2.500000000000000888, -3.700000000000000178, 0.7000000000000003997 ) ) ;
#1501 = CARTESIAN_POINT ( 'NONE',  ( -1.500000000000000444, 2.640000000000001013, 2.800000000000000266 ) ) ;
#1502 = ORIENTED_EDGE ( 'NONE', *, *, #1906, .F. ) ;
#1503 = STYLED_ITEM ( 'NONE', ( #3837 ), #2164 ) ;
#1504 = EDGE_LOOP ( 'NONE', ( #1528, #1651, #3287, #3120 ) ) ;
#1505 = VECTOR ( 'NONE', #3809, 1000.000000000000000 ) ;
#1506 = CARTESIAN_POINT ( 'NONE',  ( 2.500000000000000888, 9.500000000000000000, 0.2000000000000005107 ) ) ;
#1507 = ORIENTED_EDGE ( 'NONE', *, *, #2382, .T. ) ;
#1508 = EDGE_LOOP ( 'NONE', ( #3678, #2837, #500, #675 ) ) ;
#1509 = ORIENTED_EDGE ( 'NONE', *, *, #4117, .F. ) ;
#1510 = VERTEX_POINT ( 'NONE', #4109 ) ;
#1511 = ADVANCED_FACE ( 'NONE', ( #2347 ), #971, .F. ) ;
#1512 = LINE ( 'NONE', #2711, #1466 ) ;
#1513 = AXIS2_PLACEMENT_3D ( 'NONE', #1296, #2111, #4097 ) ;
#1514 = DIRECTION ( 'NONE',  ( 0.000000000000000000, -0.000000000000000000, 1.000000000000000000 ) ) ;
#1515 = EDGE_CURVE ( 'NONE', #1531, #1233, #2386, .T. ) ;
#1516 =( LENGTH_UNIT ( ) NAMED_UNIT ( * ) SI_UNIT ( .MILLI., .METRE. ) );
#1517 = ORIENTED_EDGE ( 'NONE', *, *, #3250, .T. ) ;
#1518 = ORIENTED_EDGE ( 'NONE', *, *, #2959, .F. ) ;
#1519 = AXIS2_PLACEMENT_3D ( 'NONE', #739, #2083, #2049 ) ;
#1520 = EDGE_LOOP ( 'NONE', ( #114, #1839, #554, #1865 ) ) ;
#1521 = VERTEX_POINT ( 'NONE', #23 ) ;
#1522 = PLANE ( 'NONE',  #1403 ) ;
#1523 = FILL_AREA_STYLE ('',( #2374 ) ) ;
#1524 = VECTOR ( 'NONE', #2799, 1000.000000000000000 ) ;
#1525 = DIRECTION ( 'NONE',  ( -0.000000000000000000, -0.000000000000000000, 1.000000000000000000 ) ) ;
#1526 = AXIS2_PLACEMENT_3D ( 'NONE', #3135, #212, #504 ) ;
#1527 = EDGE_CURVE ( 'NONE', #253, #3225, #2361, .T. ) ;
#1528 = ORIENTED_EDGE ( 'NONE', *, *, #3239, .T. ) ;
#1529 = ORIENTED_EDGE ( 'NONE', *, *, #2224, .T. ) ;
#1530 = DIRECTION ( 'NONE',  ( -0.000000000000000000, 1.000000000000000000, -0.000000000000000000 ) ) ;
#1531 = VERTEX_POINT ( 'NONE', #1243 ) ;
#1532 = VERTEX_POINT ( 'NONE', #4143 ) ;
#1533 = VECTOR ( 'NONE', #2828, 1000.000000000000000 ) ;
#1534 = CARTESIAN_POINT ( 'NONE',  ( -4.299999999999999822, 5.900000000000000355, 2.300000000000000266 ) ) ;
#1535 = VERTEX_POINT ( 'NONE', #2061 ) ;
#1536 = ORIENTED_EDGE ( 'NONE', *, *, #796, .F. ) ;
#1537 = DIRECTION ( 'NONE',  ( 0.000000000000000000, 0.000000000000000000, -1.000000000000000000 ) ) ;
#1538 = CARTESIAN_POINT ( 'NONE',  ( 1.500000000000000444, 3.215000000000000746, -0.5199999999999995737 ) ) ;
#1540 = ORIENTED_EDGE ( 'NONE', *, *, #879, .F. ) ;
#1539 = AXIS2_PLACEMENT_3D ( 'NONE', #1308, #1988, #2324 ) ;
#1541 = ORIENTED_EDGE ( 'NONE', *, *, #2973, .T. ) ;
#1542 = PLANE ( 'NONE',  #1631 ) ;
#1543 = EDGE_CURVE ( 'NONE', #83, #3870, #3758, .T. ) ;
#1544 = DIRECTION ( 'NONE',  ( 0.5372996083468184469, 0.8433914458128891622, 0.000000000000000000 ) ) ;
#1545 = VERTEX_POINT ( 'NONE', #346 ) ;
#1546 = EDGE_LOOP ( 'NONE', ( #141, #73, #1487, #2960 ) ) ;
#1547 = EDGE_CURVE ( 'NONE', #3307, #1888, #934, .T. ) ;
#1548 = ORIENTED_EDGE ( 'NONE', *, *, #2022, .F. ) ;
#1549 = VERTEX_POINT ( 'NONE', #3871 ) ;
#1550 = FACE_OUTER_BOUND ( 'NONE', #161, .T. ) ;
#1551 = EDGE_CURVE ( 'NONE', #4041, #481, #3714, .T. ) ;
#1552 = CARTESIAN_POINT ( 'NONE',  ( 0.000000000000000000, 0.000000000000000000, -0.5200000000000000178 ) ) ;
#1553 = ORIENTED_EDGE ( 'NONE', *, *, #942, .T. ) ;
#1554 = ORIENTED_EDGE ( 'NONE', *, *, #3988, .T. ) ;
#1555 = VERTEX_POINT ( 'NONE', #1005 ) ;
#1556 = EDGE_LOOP ( 'NONE', ( #1717, #325, #3154, #1787 ) ) ;
#1557 = DIRECTION ( 'NONE',  ( 0.000000000000000000, 0.000000000000000000, -1.000000000000000000 ) ) ;
#1558 = CARTESIAN_POINT ( 'NONE',  ( -2.499999999999999112, -3.700000000000000178, 0.2000000000000005107 ) ) ;
#1559 = ADVANCED_FACE ( 'NONE', ( #930, #2352 ), #2954, .F. ) ;
#1560 = VECTOR ( 'NONE', #3759, 1000.000000000000000 ) ;
#1561 = DIRECTION ( 'NONE',  ( 1.000000000000000000, 0.000000000000000000, -0.000000000000000000 ) ) ;
#1562 = EDGE_LOOP ( 'NONE', ( #1449, #2845, #1986, #3039 ) ) ;
#1563 = VERTEX_POINT ( 'NONE', #1037 ) ;
#1564 = ADVANCED_FACE ( 'NONE', ( #3766 ), #897, .F. ) ;
#1565 = DIRECTION ( 'NONE',  ( 0.000000000000000000, -1.000000000000000000, 0.000000000000000000 ) ) ;
#1566 = CARTESIAN_POINT ( 'NONE',  ( 0.7000000000000000666, 5.900000000000000355, -3.020000000000000018 ) ) ;
#1567 = ORIENTED_EDGE ( 'NONE', *, *, #3988, .F. ) ;
#1568 = VECTOR ( 'NONE', #4011, 1000.000000000000000 ) ;
#1569 = CARTESIAN_POINT ( 'NONE',  ( 2.500000000000000888, -3.700000000000000178, 0.2000000000000005107 ) ) ;
#1570 = VERTEX_POINT ( 'NONE', #76 ) ;
#1571 = EDGE_LOOP ( 'NONE', ( #582, #29, #1747, #3155, #1705, #66, #1485, #1484 ) ) ;
#1572 = ORIENTED_EDGE ( 'NONE', *, *, #3622, .F. ) ;
#1573 = CARTESIAN_POINT ( 'NONE',  ( -2.499999999999998668, 8.500000000000000000, -1.799999999999999600 ) ) ;
#1574 = LINE ( 'NONE', #453, #2840 ) ;
#1575 = CARTESIAN_POINT ( 'NONE',  ( 2.500000000000000888, 8.500000000000000000, 0.2000000000000005107 ) ) ;
#1576 = EDGE_LOOP ( 'NONE', ( #4120, #3081, #2764, #1264 ) ) ;
#1577 = VECTOR ( 'NONE', #919, 1000.000000000000000 ) ;
#1578 = DIRECTION ( 'NONE',  ( 0.000000000000000000, -1.000000000000000000, 0.000000000000000000 ) ) ;
#1579 = AXIS2_PLACEMENT_3D ( 'NONE', #2144, #2399, #178 ) ;
#1580 = VERTEX_POINT ( 'NONE', #465 ) ;
#1581 = CYLINDRICAL_SURFACE ( 'NONE', #2561, 0.1999999999999996503 ) ;
#1582 = CARTESIAN_POINT ( 'NONE',  ( -0.6999999999999992895, 1.000000000000000000, 3.800000000000000266 ) ) ;
#1583 = VERTEX_POINT ( 'NONE', #784 ) ;
#1584 = AXIS2_PLACEMENT_3D ( 'NONE', #22, #3893, #2986 ) ;
#1585 = DIRECTION ( 'NONE',  ( -1.000000000000000000, 3.771137991253929066E-16, 0.000000000000000000 ) ) ;
#1586 = LINE ( 'NONE', #3503, #3066 ) ;
#1587 = EDGE_CURVE ( 'NONE', #1888, #2226, #939, .T. ) ;
#1588 = ORIENTED_EDGE ( 'NONE', *, *, #2776, .T. ) ;
#1589 = CARTESIAN_POINT ( 'NONE',  ( -2.499999999999999112, 5.900000000000000355, -2.649999999999999467 ) ) ;
#1590 = CARTESIAN_POINT ( 'NONE',  ( 1.500000000000000444, 2.640000000000001013, 2.800000000000000266 ) ) ;
#1591 = DIRECTION ( 'NONE',  ( 0.000000000000000000, 1.000000000000000000, 0.000000000000000000 ) ) ;
#1592 = COLOUR_RGB ( '',0.000000000000000000, 0.000000000000000000, 0.7529411764705882248 ) ;
#1593 = CARTESIAN_POINT ( 'NONE',  ( 4.999999999999999112, 10.00000000000000000, 3.800000000000000266 ) ) ;
#1594 = EDGE_CURVE ( 'NONE', #419, #2642, #2392, .T. ) ;
#1595 = EDGE_LOOP ( 'NONE', ( #4110, #2752, #1795, #2707, #2794, #1301, #3175, #2777 ) ) ;
#1596 = CIRCLE ( 'NONE', #2516, 0.4000000000000001887 ) ;
#1597 = CARTESIAN_POINT ( 'NONE',  ( 1.949999999999999956, 10.00000000000000178, -2.649999999999999467 ) ) ;
#1598 = CARTESIAN_POINT ( 'NONE',  ( 3.100000000000000089, 5.368065933568310300, 0.2000000000000005107 ) ) ;
#1599 = ORIENTED_EDGE ( 'NONE', *, *, #4068, .T. ) ;
#1600 = EDGE_CURVE ( 'NONE', #1545, #4017, #2357, .T. ) ;
#1601 = ADVANCED_FACE ( 'NONE', ( #904 ), #3704, .F. ) ;
#1602 = VECTOR ( 'NONE', #3751, 1000.000000000000000 ) ;
#1603 = DIRECTION ( 'NONE',  ( 1.000000000000000000, 0.000000000000000000, -0.000000000000000000 ) ) ;
#1604 = ORIENTED_EDGE ( 'NONE', *, *, #4112, .T. ) ;
#1605 = ORIENTED_EDGE ( 'NONE', *, *, #3202, .T. ) ;
#1606 = CARTESIAN_POINT ( 'NONE',  ( 4.999999999999999112, 6.725812154894035721, -3.799999999999999378 ) ) ;
#1607 = LINE ( 'NONE', #1448, #250 ) ;
#1608 = ORIENTED_EDGE ( 'NONE', *, *, #1648, .F. ) ;
#1609 = VECTOR ( 'NONE', #3738, 1000.000000000000000 ) ;
#1610 =( NAMED_UNIT ( * ) SI_UNIT ( $, .STERADIAN. ) SOLID_ANGLE_UNIT ( ) );
#1611 = ORIENTED_EDGE ( 'NONE', *, *, #1527, .T. ) ;
#1612 = CARTESIAN_POINT ( 'NONE',  ( 3.050000000000001599, 6.816761817258089273, -3.750000000000000444 ) ) ;
#1613 = ORIENTED_EDGE ( 'NONE', *, *, #74, .F. ) ;
#1614 = PLANE ( 'NONE',  #880 ) ;
#1615 = LINE ( 'NONE', #4136, #3029 ) ;
#1616 = EDGE_LOOP ( 'NONE', ( #3169, #3618, #3180, #439 ) ) ;
#1617 = PLANE ( 'NONE',  #2809 ) ;
#1618 = LINE ( 'NONE', #3682, #536 ) ;
#1619 = CARTESIAN_POINT ( 'NONE',  ( 1.500000000000000444, 3.790000000000000924, 2.300000000000000266 ) ) ;
#1620 = ORIENTED_EDGE ( 'NONE', *, *, #3, .T. ) ;
#1621 = CARTESIAN_POINT ( 'NONE',  ( 4.999999999999999112, 10.00000000000000000, 3.800000000000000266 ) ) ;
#1622 = DIRECTION ( 'NONE',  ( 0.000000000000000000, 0.000000000000000000, -1.000000000000000000 ) ) ;
#1623 = CARTESIAN_POINT ( 'NONE',  ( 5.000000000000000000, 9.500000000000000000, 0.000000000000000000 ) ) ;
#1624 = ORIENTED_EDGE ( 'NONE', *, *, #699, .T. ) ;
#1625 = VECTOR ( 'NONE', #203, 1000.000000000000000 ) ;
#1626 = ORIENTED_EDGE ( 'NONE', *, *, #702, .F. ) ;
#1627 = DIRECTION ( 'NONE',  ( 0.000000000000000000, -1.000000000000000000, 0.000000000000000000 ) ) ;
#1628 = ORIENTED_EDGE ( 'NONE', *, *, #2033, .T. ) ;
#1629 = LINE ( 'NONE', #976, #314 ) ;
#1630 = CARTESIAN_POINT ( 'NONE',  ( -2.500000000000000000, 0.000000000000000000, -0.3999999999999993006 ) ) ;
#1631 = AXIS2_PLACEMENT_3D ( 'NONE', #2771, #322, #3211 ) ;
#1632 = VERTEX_POINT ( 'NONE', #2418 ) ;
#1633 = ADVANCED_FACE ( 'NONE', ( #3755 ), #1722, .F. ) ;
#1634 = FACE_OUTER_BOUND ( 'NONE', #168, .T. ) ;
#1635 = ORIENTED_EDGE ( 'NONE', *, *, #301, .T. ) ;
#1636 = AXIS2_PLACEMENT_3D ( 'NONE', #3281, #1641, #2045 ) ;
#1637 = CARTESIAN_POINT ( 'NONE',  ( -5.000000000000000888, 10.00000000000000000, 3.006312881110434709 ) ) ;
#1638 = ORIENTED_EDGE ( 'NONE', *, *, #3311, .F. ) ;
#1639 = ADVANCED_FACE ( 'NONE', ( #2373 ), #1812, .F. ) ;
#1640 = DIRECTION ( 'NONE',  ( 1.000000000000000000, 0.000000000000000000, 0.000000000000000000 ) ) ;
#1641 = DIRECTION ( 'NONE',  ( 0.000000000000000000, 1.000000000000000000, 0.000000000000000000 ) ) ;
#1642 = EDGE_CURVE ( 'NONE', #1241, #3418, #3696, .T. ) ;
#1643 = EDGE_CURVE ( 'NONE', #433, #2250, #2365, .T. ) ;
#1644 = VERTEX_POINT ( 'NONE', #2586 ) ;
#1645 = ORIENTED_EDGE ( 'NONE', *, *, #3965, .F. ) ;
#1646 = CARTESIAN_POINT ( 'NONE',  ( -4.299999999999999822, 5.900000000000000355, 3.800000000000000266 ) ) ;
#1647 = ORIENTED_EDGE ( 'NONE', *, *, #1966, .F. ) ;
#1648 = EDGE_CURVE ( 'NONE', #407, #403, #2255, .T. ) ;
#1649 = CARTESIAN_POINT ( 'NONE',  ( 2.500000000000001332, 8.500000000000000000, -1.799999999999999600 ) ) ;
#1650 = CIRCLE ( 'NONE', #1276, 1.899999999999999911 ) ;
#1651 = ORIENTED_EDGE ( 'NONE', *, *, #4112, .F. ) ;
#1652 = DIRECTION ( 'NONE',  ( -1.327594496921025224E-16, 1.000000000000000000, -0.000000000000000000 ) ) ;
#1653 = DIRECTION ( 'NONE',  ( -0.000000000000000000, -0.000000000000000000, -1.000000000000000000 ) ) ;
#1654 = CYLINDRICAL_SURFACE ( 'NONE', #1294, 0.5500000000000001554 ) ;
#1655 = VERTEX_POINT ( 'NONE', #734 ) ;
#1656 = CARTESIAN_POINT ( 'NONE',  ( 0.7000000000000000666, 5.900000000000000355, 2.299999999999999822 ) ) ;
#1657 = ORIENTED_EDGE ( 'NONE', *, *, #2081, .F. ) ;
#1658 = SURFACE_STYLE_FILL_AREA ( #2977 ) ;
#1659 = APPLICATION_CONTEXT ( 'automotive_design' ) ;
#1660 = CARTESIAN_POINT ( 'NONE',  ( 5.000000000000000000, 9.500000000000000000, 0.000000000000000000 ) ) ;
#1661 = CARTESIAN_POINT ( 'NONE',  ( 3.950000000000000178, 2.999999999999999112, -3.020000000000000018 ) ) ;
#1662 = ORIENTED_EDGE ( 'NONE', *, *, #1710, .F. ) ;
#1663 = VECTOR ( 'NONE', #1741, 1000.000000000000000 ) ;
#1664 = EDGE_LOOP ( 'NONE', ( #857, #3410, #507, #1963 ) ) ;
#1665 = CARTESIAN_POINT ( 'NONE',  ( 2.125000000000001332, 9.199999999999999289, -0.1499999999999994671 ) ) ;
#1666 = EDGE_LOOP ( 'NONE', ( #3439, #1027, #594, #518 ) ) ;
#1667 = CYLINDRICAL_SURFACE ( 'NONE', #986, 1.450000000000000400 ) ;
#1668 = CARTESIAN_POINT ( 'NONE',  ( -2.500000000000000000, 2.999999999999999112, -3.020000000000000018 ) ) ;
#1669 = CARTESIAN_POINT ( 'NONE',  ( -1.949999999999999734, 8.817654389267289616, -2.649999999999999467 ) ) ;
#1670 = ORIENTED_EDGE ( 'NONE', *, *, #3525, .F. ) ;
#1671 = CARTESIAN_POINT ( 'NONE',  ( 2.875000000000001332, 9.199999999999999289, -0.9499999999999990674 ) ) ;
#1672 = LINE ( 'NONE', #3471, #1696 ) ;
#1673 = VERTEX_POINT ( 'NONE', #3723 ) ;
#1674 = ORIENTED_EDGE ( 'NONE', *, *, #2224, .F. ) ;
#1675 = LINE ( 'NONE', #183, #3051 ) ;
#1676 = PLANE ( 'NONE',  #1175 ) ;
#1677 = CARTESIAN_POINT ( 'NONE',  ( -3.100000000000000089, 0.000000000000000000, 3.800000000000000266 ) ) ;
#1678 = ORIENTED_EDGE ( 'NONE', *, *, #3435, .F. ) ;
#1679 = PRESENTATION_STYLE_ASSIGNMENT (( #3781 ) ) ;
#1680 = ORIENTED_EDGE ( 'NONE', *, *, #1594, .T. ) ;
#1681 = DIRECTION ( 'NONE',  ( 0.000000000000000000, 0.000000000000000000, 1.000000000000000000 ) ) ;
#1682 = ORIENTED_EDGE ( 'NONE', *, *, #3722, .T. ) ;
#1683 = CARTESIAN_POINT ( 'NONE',  ( -0.5999999999999992006, 9.199999999999999289, -0.1499999999999994393 ) ) ;
#1684 = ADVANCED_FACE ( 'NONE', ( #886 ), #3648, .F. ) ;
#1685 = ORIENTED_EDGE ( 'NONE', *, *, #691, .F. ) ;
#1686 = CARTESIAN_POINT ( 'NONE',  ( 2.125000000000001332, 9.199999999999999289, 0.5500000000000004885 ) ) ;
#1687 = PLANE ( 'NONE',  #3085 ) ;
#1688 = LINE ( 'NONE', #2473, #3095 ) ;
#1689 = ORIENTED_EDGE ( 'NONE', *, *, #1515, .T. ) ;
#1690 = ORIENTED_EDGE ( 'NONE', *, *, #3970, .T. ) ;
#1691 = LINE ( 'NONE', #1815, #1577 ) ;
#1692 = CARTESIAN_POINT ( 'NONE',  ( -2.093060201012483468, 5.900000000000000355, 9.880296045424104889 ) ) ;
#1693 = DIRECTION ( 'NONE',  ( 0.000000000000000000, -1.000000000000000000, 0.000000000000000000 ) ) ;
#1694 = CARTESIAN_POINT ( 'NONE',  ( -5.000000000000000888, 6.599999999999999645, -2.949999999999929567 ) ) ;
#1695 = ORIENTED_EDGE ( 'NONE', *, *, #3926, .T. ) ;
#1696 = VECTOR ( 'NONE', #263, 1000.000000000000000 ) ;
#1697 = EDGE_LOOP ( 'NONE', ( #3343, #44, #3358, #2690 ) ) ;
#1698 = VERTEX_POINT ( 'NONE', #468 ) ;
#1699 = EDGE_CURVE ( 'NONE', #1521, #195, #913, .T. ) ;
#1700 = ORIENTED_EDGE ( 'NONE', *, *, #2576, .F. ) ;
#1701 = AXIS2_PLACEMENT_3D ( 'NONE', #3101, #2763, #3485 ) ;
#1702 = CARTESIAN_POINT ( 'NONE',  ( 3.950000000000000178, 2.999999999999999112, 2.300000000000000266 ) ) ;
#1703 = CARTESIAN_POINT ( 'NONE',  ( 2.500000000000000888, -3.700000000000000178, 0.2000000000000005107 ) ) ;
#1704 = EDGE_CURVE ( 'NONE', #1431, #535, #893, .T. ) ;
#1705 = ORIENTED_EDGE ( 'NONE', *, *, #1547, .F. ) ;
#1706 = CARTESIAN_POINT ( 'NONE',  ( -1.900000000000000133, 0.000000000000000000, 3.800000000000000266 ) ) ;
#1707 = LINE ( 'NONE', #3121, #298 ) ;
#1708 = EDGE_LOOP ( 'NONE', ( #156, #2471, #638, #2493 ) ) ;
#1709 = ORIENTED_EDGE ( 'NONE', *, *, #3030, .T. ) ;
#1710 = EDGE_CURVE ( 'NONE', #3160, #1532, #2308, .T. ) ;
#1711 = VERTEX_POINT ( 'NONE', #2556 ) ;
#1712 = CARTESIAN_POINT ( 'NONE',  ( 1.500000000000000444, 2.640000000000001013, 2.800000000000000266 ) ) ;
#1713 = CARTESIAN_POINT ( 'NONE',  ( -0.7000000000000009548, 5.045748461694009812, 2.300000000000000266 ) ) ;
#1714 = ORIENTED_EDGE ( 'NONE', *, *, #3727, .T. ) ;
#1715 = EDGE_CURVE ( 'NONE', #1644, #1716, #2315, .T. ) ;
#1716 = VERTEX_POINT ( 'NONE', #39 ) ;
#1717 = ORIENTED_EDGE ( 'NONE', *, *, #2621, .F. ) ;
#1718 = DIRECTION ( 'NONE',  ( 1.000000000000000000, 1.204669080539449344E-16, -0.000000000000000000 ) ) ;
#1719 = EDGE_LOOP ( 'NONE', ( #3043, #130, #3153, #232 ) ) ;
#1720 = AXIS2_PLACEMENT_3D ( 'NONE', #2229, #1200, #2468 ) ;
#1721 = DIRECTION ( 'NONE',  ( 1.000000000000000000, 0.000000000000000000, 0.000000000000000000 ) ) ;
#1722 = PLANE ( 'NONE',  #1579 ) ;
#1723 = ORIENTED_EDGE ( 'NONE', *, *, #2720, .F. ) ;
#1724 = SURFACE_SIDE_STYLE ('',( #659 ) ) ;
#1725 = CIRCLE ( 'NONE', #2378, 0.1999999999999996503 ) ;
#1726 = ORIENTED_EDGE ( 'NONE', *, *, #3063, .T. ) ;
#1727 = DIRECTION ( 'NONE',  ( 0.000000000000000000, 1.000000000000000000, 0.000000000000000000 ) ) ;
#1728 = ORIENTED_EDGE ( 'NONE', *, *, #1760, .T. ) ;
#1729 = ORIENTED_EDGE ( 'NONE', *, *, #1966, .T. ) ;
#1730 = CARTESIAN_POINT ( 'NONE',  ( 1.500000000000000444, 2.640000000000001013, 2.300000000000000266 ) ) ;
#1731 = AXIS2_PLACEMENT_3D ( 'NONE', #1388, #1775, #2069 ) ;
#1732 = DIRECTION ( 'NONE',  ( 0.000000000000000000, 1.000000000000000000, 0.000000000000000000 ) ) ;
#1733 = CARTESIAN_POINT ( 'NONE',  ( 2.500000000000000888, 8.500000000000000000, 0.2000000000000005107 ) ) ;
#1734 = ORIENTED_EDGE ( 'NONE', *, *, #3488, .T. ) ;
#1735 = ORIENTED_EDGE ( 'NONE', *, *, #990, .T. ) ;
#1736 = CARTESIAN_POINT ( 'NONE',  ( 2.500000000000000888, 5.900000000000000355, -2.649999999999999467 ) ) ;
#1737 = ORIENTED_EDGE ( 'NONE', *, *, #2340, .F. ) ;
#1738 = VECTOR ( 'NONE', #1915, 1000.000000000000000 ) ;
#1739 = DIRECTION ( 'NONE',  ( -0.000000000000000000, 1.000000000000000000, -0.000000000000000000 ) ) ;
#1740 = ORIENTED_EDGE ( 'NONE', *, *, #351, .T. ) ;
#1741 = DIRECTION ( 'NONE',  ( 3.771137991253928573E-16, 1.000000000000000000, 0.000000000000000000 ) ) ;
#1742 = FACE_OUTER_BOUND ( 'NONE', #1216, .T. ) ;
#1743 = ORIENTED_EDGE ( 'NONE', *, *, #3577, .T. ) ;
#1744 = VERTEX_POINT ( 'NONE', #438 ) ;
#1745 = UNCERTAINTY_MEASURE_WITH_UNIT (LENGTH_MEASURE( 1.000000000000000082E-05 ), #3291, 'distance_accuracy_value', 'NONE');
#1746 = DIRECTION ( 'NONE',  ( -0.000000000000000000, -0.000000000000000000, 1.000000000000000000 ) ) ;
#1747 = ORIENTED_EDGE ( 'NONE', *, *, #3937, .F. ) ;
#1748 = EDGE_LOOP ( 'NONE', ( #3844, #2968, #525, #125 ) ) ;
#1749 = LINE ( 'NONE', #1361, #1663 ) ;
#1750 = EDGE_LOOP ( 'NONE', ( #1437, #2626, #458, #2648 ) ) ;
#1751 = ORIENTED_EDGE ( 'NONE', *, *, #1643, .F. ) ;
#1752 = DIRECTION ( 'NONE',  ( -1.000000000000000000, 0.000000000000000000, 1.777380610631973643E-17 ) ) ;
#1753 = LINE ( 'NONE', #2420, #3157 ) ;
#1754 = ORIENTED_EDGE ( 'NONE', *, *, #589, .F. ) ;
#1755 = DIRECTION ( 'NONE',  ( 0.000000000000000000, 0.000000000000000000, -1.000000000000000000 ) ) ;
#1756 = DIRECTION ( 'NONE',  ( 0.000000000000000000, 0.000000000000000000, -1.000000000000000000 ) ) ;
#1757 = FACE_OUTER_BOUND ( 'NONE', #3830, .T. ) ;
#1758 = VERTEX_POINT ( 'NONE', #1228 ) ;
#1759 = AXIS2_PLACEMENT_3D ( 'NONE', #1057, #1364, #432 ) ;
#1760 = EDGE_CURVE ( 'NONE', #4041, #3160, #3718, .T. ) ;
#1761 = ORIENTED_EDGE ( 'NONE', *, *, #3855, .F. ) ;
#1762 = CARTESIAN_POINT ( 'NONE',  ( -3.049999999999999378, 5.900000000000000355, -2.649999999999999467 ) ) ;
#1763 = VECTOR ( 'NONE', #3504, 1000.000000000000000 ) ;
#1764 = CARTESIAN_POINT ( 'NONE',  ( 4.999999999999999112, 6.700000000000000178, 3.800000000000000266 ) ) ;
#1765 = DIRECTION ( 'NONE',  ( -1.000000000000000000, -2.409338161078898687E-16, 0.000000000000000000 ) ) ;
#1766 = DIRECTION ( 'NONE',  ( 0.000000000000000000, 0.000000000000000000, 1.000000000000000000 ) ) ;
#1767 = EDGE_CURVE ( 'NONE', #2277, #563, #3724, .T. ) ;
#1768 = VERTEX_POINT ( 'NONE', #3034 ) ;
#1769 = AXIS2_PLACEMENT_3D ( 'NONE', #1206, #2536, #2869 ) ;
#1770 = CYLINDRICAL_SURFACE ( 'NONE', #789, 0.5999999999999998668 ) ;
#1771 = ORIENTED_EDGE ( 'NONE', *, *, #532, .F. ) ;
#1772 = ORIENTED_EDGE ( 'NONE', *, *, #1600, .T. ) ;
#1773 = AXIS2_PLACEMENT_3D ( 'NONE', #1498, #2888, #1889 ) ;
#1774 = LINE ( 'NONE', #3744, #430 ) ;
#1775 = DIRECTION ( 'NONE',  ( 0.000000000000000000, 1.000000000000000000, 0.000000000000000000 ) ) ;
#1776 = DIRECTION ( 'NONE',  ( 1.000000000000000000, 0.000000000000000000, 0.000000000000000000 ) ) ;
#1777 = EDGE_CURVE ( 'NONE', #93, #2241, #1650, .T. ) ;
#1778 = VERTEX_POINT ( 'NONE', #1677 ) ;
#1779 = CARTESIAN_POINT ( 'NONE',  ( -4.629999999999999005, 0.000000000000000000, -2.236380400399769819 ) ) ;
#1780 = VERTEX_POINT ( 'NONE', #3928 ) ;
#1781 = ORIENTED_EDGE ( 'NONE', *, *, #1587, .F. ) ;
#1782 = LINE ( 'NONE', #2305, #3221 ) ;
#1783 = ADVANCED_FACE ( 'NONE', ( #3042, #321, #3142 ), #1041, .F. ) ;
#1784 = DIRECTION ( 'NONE',  ( 1.204669080539449344E-16, -1.000000000000000000, 0.000000000000000000 ) ) ;
#1785 = DIRECTION ( 'NONE',  ( 0.000000000000000000, 0.000000000000000000, -1.000000000000000000 ) ) ;
#1786 = EDGE_LOOP ( 'NONE', ( #3691, #1123, #2091, #2653 ) ) ;
#1787 = ORIENTED_EDGE ( 'NONE', *, *, #2838, .T. ) ;
#1788 = VERTEX_POINT ( 'NONE', #327 ) ;
#1789 = DIRECTION ( 'NONE',  ( 0.000000000000000000, 0.000000000000000000, 1.000000000000000000 ) ) ;
#1790 = LINE ( 'NONE', #1825, #1923 ) ;
#1791 = ORIENTED_EDGE ( 'NONE', *, *, #126, .F. ) ;
#1792 = CARTESIAN_POINT ( 'NONE',  ( -3.049999999999999378, 6.816761817258089273, -3.750000000000000444 ) ) ;
#1793 = CARTESIAN_POINT ( 'NONE',  ( 2.500000000000000888, 5.900000000000000355, -2.649999999999999467 ) ) ;
#1794 = FACE_OUTER_BOUND ( 'NONE', #1786, .T. ) ;
#1795 = ORIENTED_EDGE ( 'NONE', *, *, #3206, .T. ) ;
#1796 = EDGE_CURVE ( 'NONE', #1545, #433, #2991, .T. ) ;
#1797 = EDGE_LOOP ( 'NONE', ( #1620, #90, #201, #40 ) ) ;
#1798 = DIRECTION ( 'NONE',  ( 0.000000000000000000, 0.000000000000000000, -1.000000000000000000 ) ) ;
#1799 = DIRECTION ( 'NONE',  ( 0.000000000000000000, -1.000000000000000000, 0.000000000000000000 ) ) ;
#1800 = DIRECTION ( 'NONE',  ( 0.000000000000000000, 1.000000000000000000, 0.000000000000000000 ) ) ;
#1801 = VERTEX_POINT ( 'NONE', #1713 ) ;
#1802 = LINE ( 'NONE', #2942, #3223 ) ;
#1803 = ORIENTED_EDGE ( 'NONE', *, *, #1890, .F. ) ;
#1804 = ORIENTED_EDGE ( 'NONE', *, *, #480, .T. ) ;
#1805 = VECTOR ( 'NONE', #2875, 1000.000000000000000 ) ;
#1806 = MANIFOLD_SOLID_BREP ( 'LPattern2[3]', #2692 ) ;
#1807 = UNCERTAINTY_MEASURE_WITH_UNIT (LENGTH_MEASURE( 1.000000000000000082E-05 ), #3356, 'distance_accuracy_value', 'NONE');
#1808 = ORIENTED_EDGE ( 'NONE', *, *, #699, .F. ) ;
#1809 = CARTESIAN_POINT ( 'NONE',  ( -0.6325150603016893580, 9.199999999999999289, -0.1499999999999994393 ) ) ;
#1810 = LINE ( 'NONE', #331, #3241 ) ;
#1811 = ORIENTED_EDGE ( 'NONE', *, *, #2896, .F. ) ;
#1812 = PLANE ( 'NONE',  #912 ) ;
#1813 = VERTEX_POINT ( 'NONE', #704 ) ;
#1814 = CYLINDRICAL_SURFACE ( 'NONE', #1972, 0.5000000000000000000 ) ;
#1815 = CARTESIAN_POINT ( 'NONE',  ( -2.874999999999998668, 9.199999999999999289, -0.9499999999999990674 ) ) ;
#1816 = ORIENTED_EDGE ( 'NONE', *, *, #2778, .F. ) ;
#1817 = VECTOR ( 'NONE', #3838, 1000.000000000000000 ) ;
#1818 = ORIENTED_EDGE ( 'NONE', *, *, #606, .T. ) ;
#1819 = ORIENTED_EDGE ( 'NONE', *, *, #918, .T. ) ;
#1820 = DIRECTION ( 'NONE',  ( 0.5372996083468188910, -0.8433914458128888292, -0.000000000000000000 ) ) ;
#1821 = LINE ( 'NONE', #624, #1763 ) ;
#1822 = DIRECTION ( 'NONE',  ( 0.000000000000000000, 0.000000000000000000, -1.000000000000000000 ) ) ;
#1823 = ORIENTED_EDGE ( 'NONE', *, *, #171, .F. ) ;
#1824 = DIRECTION ( 'NONE',  ( -0.000000000000000000, -0.000000000000000000, -1.000000000000000000 ) ) ;
#1825 = CARTESIAN_POINT ( 'NONE',  ( -3.499999999999999556, 2.640000000000001013, 2.300000000000000266 ) ) ;
#1826 = VECTOR ( 'NONE', #905, 1000.000000000000000 ) ;
#1827 = ORIENTED_EDGE ( 'NONE', *, *, #914, .F. ) ;
#1828 = ORIENTED_EDGE ( 'NONE', *, *, #1180, .T. ) ;
#1829 = EDGE_CURVE ( 'NONE', #4065, #1233, #1629, .T. ) ;
#1830 = DIRECTION ( 'NONE',  ( 0.000000000000000000, 1.000000000000000000, 0.000000000000000000 ) ) ;
#1831 = LINE ( 'NONE', #1001, #1934 ) ;
#1832 = AXIS2_PLACEMENT_3D ( 'NONE', #940, #2701, #3757 ) ;
#1833 = CARTESIAN_POINT ( 'NONE',  ( 3.499999999999999556, 3.215000000000000746, -0.5199999999999995737 ) ) ;
#1834 = VERTEX_POINT ( 'NONE', #2320 ) ;
#1835 = CARTESIAN_POINT ( 'NONE',  ( 2.500000000000000000, 5.368065933568310300, -0.3999999999999993006 ) ) ;
#1836 = EDGE_CURVE ( 'NONE', #3403, #391, #3099, .T. ) ;
#1837 = FACE_BOUND ( 'NONE', #444, .T. ) ;
#1838 = ORIENTED_EDGE ( 'NONE', *, *, #3894, .T. ) ;
#1839 = ORIENTED_EDGE ( 'NONE', *, *, #3774, .T. ) ;
#1840 = EDGE_LOOP ( 'NONE', ( #4018, #1422, #1678, #1444 ) ) ;
#1841 = EDGE_CURVE ( 'NONE', #616, #3386, #1675, .T. ) ;
#1842 = LINE ( 'NONE', #1141, #1876 ) ;
#1843 = VERTEX_POINT ( 'NONE', #1851 ) ;
#1844 = DIRECTION ( 'NONE',  ( 0.000000000000000000, -1.000000000000000000, 0.000000000000000000 ) ) ;
#1845 = FACE_OUTER_BOUND ( 'NONE', #59, .T. ) ;
#1846 = VERTEX_POINT ( 'NONE', #3976 ) ;
#1847 = CARTESIAN_POINT ( 'NONE',  ( -5.000000000000000888, 0.000000000000000000, 3.800000000000000266 ) ) ;
#1848 = ORIENTED_EDGE ( 'NONE', *, *, #2336, .T. ) ;
#1849 = LINE ( 'NONE', #510, #3329 ) ;
#1850 =( GEOMETRIC_REPRESENTATION_CONTEXT ( 3 ) GLOBAL_UNCERTAINTY_ASSIGNED_CONTEXT ( ( #4044 ) ) GLOBAL_UNIT_ASSIGNED_CONTEXT ( ( #3405, #3707, #3936 ) ) REPRESENTATION_CONTEXT ( 'NONE', 'WORKASPACE' ) );
#1851 = CARTESIAN_POINT ( 'NONE',  ( -4.530000000000000249, 6.599999999999999645, -2.209585481156658204 ) ) ;
#1852 = EDGE_CURVE ( 'NONE', #1328, #1974, #3133, .T. ) ;
#1853 = DIRECTION ( 'NONE',  ( -1.000000000000000000, 3.771137991253929066E-16, 0.000000000000000000 ) ) ;
#1854 = EDGE_LOOP ( 'NONE', ( #3996, #4087, #1268, #3129, #2788, #1395, #3986 ) ) ;
#1855 = VECTOR ( 'NONE', #3625, 1000.000000000000000 ) ;
#1856 = ORIENTED_EDGE ( 'NONE', *, *, #3839, .T. ) ;
#1857 = CARTESIAN_POINT ( 'NONE',  ( -0.6999999999999992895, 1.000000000000000000, 9.880296045424104889 ) ) ;
#1858 = FACE_OUTER_BOUND ( 'NONE', #1319, .T. ) ;
#1859 = DIRECTION ( 'NONE',  ( 2.224004456380522396E-16, -1.000000000000000000, 0.000000000000000000 ) ) ;
#1860 = AXIS2_PLACEMENT_3D ( 'NONE', #1408, #2151, #1798 ) ;
#1861 = ORIENTED_EDGE ( 'NONE', *, *, #1642, .F. ) ;
#1862 = CARTESIAN_POINT ( 'NONE',  ( -2.874999999999998668, 9.199999999999999289, -0.1499999999999994671 ) ) ;
#1863 = VECTOR ( 'NONE', #978, 1000.000000000000000 ) ;
#1864 = CARTESIAN_POINT ( 'NONE',  ( 2.875000000000001332, 9.500000000000000000, 1.350000000000000977 ) ) ;
#1865 = ORIENTED_EDGE ( 'NONE', *, *, #1112, .T. ) ;
#1866 = EDGE_LOOP ( 'NONE', ( #3198, #3328, #3306, #3611 ) ) ;
#1867 = DIRECTION ( 'NONE',  ( 2.224004456380522396E-16, -1.000000000000000000, -0.000000000000000000 ) ) ;
#1868 = FACE_OUTER_BOUND ( 'NONE', #2615, .T. ) ;
#1869 = ADVANCED_FACE ( 'NONE', ( #191, #255 ), #2498, .F. ) ;
#1870 = CARTESIAN_POINT ( 'NONE',  ( 3.100000000000000089, 1.000000000000000000, 3.800000000000000266 ) ) ;
#1871 = ORIENTED_EDGE ( 'NONE', *, *, #2899, .F. ) ;
#1872 = ORIENTED_EDGE ( 'NONE', *, *, #2242, .F. ) ;
#1873 = ORIENTED_EDGE ( 'NONE', *, *, #2450, .T. ) ;
#1874 = CARTESIAN_POINT ( 'NONE',  ( -2.499999999999998668, 10.00000000000000000, -1.799999999999999600 ) ) ;
#1875 = EDGE_LOOP ( 'NONE', ( #1965, #3242, #1465, #2454 ) ) ;
#1876 = VECTOR ( 'NONE', #1878, 1000.000000000000000 ) ;
#1877 = CARTESIAN_POINT ( 'NONE',  ( 3.050000000000001155, 5.900000000000000355, -2.649999999999999467 ) ) ;
#1878 = DIRECTION ( 'NONE',  ( 0.000000000000000000, 0.000000000000000000, -1.000000000000000000 ) ) ;
#1879 = ORIENTED_EDGE ( 'NONE', *, *, #3578, .T. ) ;
#1880 = AXIS2_PLACEMENT_3D ( 'NONE', #1349, #776, #2573 ) ;
#1881 = ORIENTED_EDGE ( 'NONE', *, *, #4158, .F. ) ;
#1882 = ORIENTED_EDGE ( 'NONE', *, *, #2414, .T. ) ;
#1883 = AXIS2_PLACEMENT_3D ( 'NONE', #2881, #2569, #1622 ) ;
#1884 = CARTESIAN_POINT ( 'NONE',  ( 4.367484939698311308, 15.37401153701776124, 0.5500000000000004885 ) ) ;
#1885 = VECTOR ( 'NONE', #2593, 1000.000000000000000 ) ;
#1886 = DIRECTION ( 'NONE',  ( -0.000000000000000000, -0.000000000000000000, 1.000000000000000000 ) ) ;
#1887 = EDGE_CURVE ( 'NONE', #2866, #4098, #1586, .T. ) ;
#1888 = VERTEX_POINT ( 'NONE', #2213 ) ;
#1889 = DIRECTION ( 'NONE',  ( 0.000000000000000000, 0.000000000000000000, -1.000000000000000000 ) ) ;
#1890 = EDGE_CURVE ( 'NONE', #3253, #499, #239, .T. ) ;
#1891 = CIRCLE ( 'NONE', #3457, 0.4999999999999998890 ) ;
#1892 = CARTESIAN_POINT ( 'NONE',  ( -4.630000000000002558, -3.899999999999999023, -3.163619599600087984 ) ) ;
#1893 = ORIENTED_EDGE ( 'NONE', *, *, #1360, .T. ) ;
#1894 = ORIENTED_EDGE ( 'NONE', *, *, #707, .F. ) ;
#1895 = ORIENTED_EDGE ( 'NONE', *, *, #3803, .T. ) ;
#1896 = CARTESIAN_POINT ( 'NONE',  ( 2.875000000000001332, 9.500000000000000000, 1.350000000000000977 ) ) ;
#1897 = CYLINDRICAL_SURFACE ( 'NONE', #654, 0.5500000000000001554 ) ;
#1898 = CARTESIAN_POINT ( 'NONE',  ( -0.6999999999999998446, 5.900000000000001243, 3.800000000000000266 ) ) ;
#1899 = ORIENTED_EDGE ( 'NONE', *, *, #1704, .T. ) ;
#1900 = CARTESIAN_POINT ( 'NONE',  ( -2.499999999999999112, 8.500000000000000000, 0.2000000000000005107 ) ) ;
#1901 = ORIENTED_EDGE ( 'NONE', *, *, #3493, .F. ) ;
#1902 = ORIENTED_EDGE ( 'NONE', *, *, #2571, .T. ) ;
#1903 = EDGE_LOOP ( 'NONE', ( #296, #1470, #3392, #1604 ) ) ;
#1904 = ORIENTED_EDGE ( 'NONE', *, *, #848, .T. ) ;
#1905 = LINE ( 'NONE', #2675, #511 ) ;
#1906 = EDGE_CURVE ( 'NONE', #4135, #128, #3086, .T. ) ;
#1907 = CARTESIAN_POINT ( 'NONE',  ( -2.499999999999998668, 9.500000000000000000, 2.100000000000000533 ) ) ;
#1908 = VERTEX_POINT ( 'NONE', #597 ) ;
#1909 = CARTESIAN_POINT ( 'NONE',  ( 2.875000000000001332, 9.500000000000000000, -0.1499999999999994671 ) ) ;
#1910 = VERTEX_POINT ( 'NONE', #1877 ) ;
#1911 = ORIENTED_EDGE ( 'NONE', *, *, #3717, .T. ) ;
#1912 = ORIENTED_EDGE ( 'NONE', *, *, #2918, .T. ) ;
#1913 = ORIENTED_EDGE ( 'NONE', *, *, #2780, .T. ) ;
#1914 = CIRCLE ( 'NONE', #3779, 2.000000000000000000 ) ;
#1915 = DIRECTION ( 'NONE',  ( -0.000000000000000000, -1.000000000000000000, -0.000000000000000000 ) ) ;
#1916 = ORIENTED_EDGE ( 'NONE', *, *, #1962, .F. ) ;
#1917 = ORIENTED_EDGE ( 'NONE', *, *, #2382, .F. ) ;
#1918 =( GEOMETRIC_REPRESENTATION_CONTEXT ( 3 ) GLOBAL_UNCERTAINTY_ASSIGNED_CONTEXT ( ( #759 ) ) GLOBAL_UNIT_ASSIGNED_CONTEXT ( ( #1009, #1195, #1220 ) ) REPRESENTATION_CONTEXT ( 'NONE', 'WORKASPACE' ) );
#1919 = ORIENTED_EDGE ( 'NONE', *, *, #294, .T. ) ;
#1920 = VERTEX_POINT ( 'NONE', #3096 ) ;
#1921 =( NAMED_UNIT ( * ) SI_UNIT ( $, .STERADIAN. ) SOLID_ANGLE_UNIT ( ) );
#1922 = ORIENTED_EDGE ( 'NONE', *, *, #1406, .T. ) ;
#1923 = VECTOR ( 'NONE', #85, 1000.000000000000000 ) ;
#1924 = PLANE ( 'NONE',  #641 ) ;
#1925 = ADVANCED_FACE ( 'NONE', ( #262 ), #1667, .F. ) ;
#1926 = ORIENTED_EDGE ( 'NONE', *, *, #1311, .T. ) ;
#1927 = DIRECTION ( 'NONE',  ( 0.000000000000000000, 0.000000000000000000, 1.000000000000000000 ) ) ;
#1928 = ORIENTED_EDGE ( 'NONE', *, *, #918, .F. ) ;
#1929 = CARTESIAN_POINT ( 'NONE',  ( 2.000000000000000888, -3.700000000000000178, 0.2000000000000005107 ) ) ;
#1930 = ORIENTED_EDGE ( 'NONE', *, *, #421, .F. ) ;
#1931 = ORIENTED_EDGE ( 'NONE', *, *, #2134, .T. ) ;
#1932 = ORIENTED_EDGE ( 'NONE', *, *, #2686, .F. ) ;
#1933 = SURFACE_SIDE_STYLE ('',( #611 ) ) ;
#1934 = VECTOR ( 'NONE', #1653, 1000.000000000000000 ) ;
#1935 = CARTESIAN_POINT ( 'NONE',  ( 0.7000000000000000666, 5.900000000000000355, 2.300000000000000266 ) ) ;
#1936 = VERTEX_POINT ( 'NONE', #1162 ) ;
#1937 = DIRECTION ( 'NONE',  ( 0.000000000000000000, 0.000000000000000000, 1.000000000000000000 ) ) ;
#1938 = ORIENTED_EDGE ( 'NONE', *, *, #540, .T. ) ;
#1939 = FACE_OUTER_BOUND ( 'NONE', #302, .T. ) ;
#1940 = ORIENTED_EDGE ( 'NONE', *, *, #3578, .F. ) ;
#1941 = ORIENTED_EDGE ( 'NONE', *, *, #3886, .T. ) ;
#1942 = ORIENTED_EDGE ( 'NONE', *, *, #2014, .T. ) ;
#1943 = EDGE_CURVE ( 'NONE', #2469, #393, #3115, .T. ) ;
#1944 = ORIENTED_EDGE ( 'NONE', *, *, #2736, .F. ) ;
#1945 = DIRECTION ( 'NONE',  ( 1.000000000000000000, 0.000000000000000000, 0.000000000000000000 ) ) ;
#1946 = EDGE_LOOP ( 'NONE', ( #1135, #834 ) ) ;
#1947 = FACE_OUTER_BOUND ( 'NONE', #1954, .T. ) ;
#1948 = ORIENTED_EDGE ( 'NONE', *, *, #3799, .F. ) ;
#1949 = EDGE_CURVE ( 'NONE', #1758, #4077, #202, .T. ) ;
#1950 = VECTOR ( 'NONE', #2004, 1000.000000000000000 ) ;
#1951 = DIRECTION ( 'NONE',  ( -1.000000000000000000, 0.000000000000000000, -0.000000000000000000 ) ) ;
#1952 = DIRECTION ( 'NONE',  ( -0.000000000000000000, -0.000000000000000000, -1.000000000000000000 ) ) ;
#1953 = DIRECTION ( 'NONE',  ( 1.327594496921025224E-16, -1.000000000000000000, 0.000000000000000000 ) ) ;
#1954 = EDGE_LOOP ( 'NONE', ( #120, #16 ) ) ;
#1955 = AXIS2_PLACEMENT_3D ( 'NONE', #4033, #608, #3558 ) ;
#1956 = EDGE_CURVE ( 'NONE', #2990, #2962, #3092, .T. ) ;
#1957 = VERTEX_POINT ( 'NONE', #3783 ) ;
#1958 = FACE_OUTER_BOUND ( 'NONE', #3318, .T. ) ;
#1959 = DIRECTION ( 'NONE',  ( 2.224004456380522396E-16, -1.000000000000000000, -0.000000000000000000 ) ) ;
#1960 = ORIENTED_EDGE ( 'NONE', *, *, #242, .F. ) ;
#1961 = DIRECTION ( 'NONE',  ( 1.000000000000000000, 0.000000000000000000, 0.000000000000000000 ) ) ;
#1962 = EDGE_CURVE ( 'NONE', #533, #4098, #3077, .T. ) ;
#1963 = ORIENTED_EDGE ( 'NONE', *, *, #8, .T. ) ;
#1964 = DIRECTION ( 'NONE',  ( 0.000000000000000000, 0.000000000000000000, -1.000000000000000000 ) ) ;
#1965 = ORIENTED_EDGE ( 'NONE', *, *, #488, .T. ) ;
#1966 = EDGE_CURVE ( 'NONE', #1425, #4041, #3152, .T. ) ;
#1967 = DIRECTION ( 'NONE',  ( 1.000000000000000000, 0.000000000000000000, 0.000000000000000000 ) ) ;
#1968 = VECTOR ( 'NONE', #1886, 1000.000000000000000 ) ;
#1969 = ORIENTED_EDGE ( 'NONE', *, *, #3542, .T. ) ;
#1970 = CARTESIAN_POINT ( 'NONE',  ( -4.330000000000000071, 0.000000000000000000, -2.409585481156657494 ) ) ;
#1971 = FACE_OUTER_BOUND ( 'NONE', #2261, .T. ) ;
#1972 = AXIS2_PLACEMENT_3D ( 'NONE', #820, #2650, #2401 ) ;
#1973 = CARTESIAN_POINT ( 'NONE',  ( 2.906939798987516532, 5.900000000000000355, 2.299999999999999822 ) ) ;
#1974 = VERTEX_POINT ( 'NONE', #2263 ) ;
#1975 = DIRECTION ( 'NONE',  ( -0.000000000000000000, 1.000000000000000000, -0.000000000000000000 ) ) ;
#1976 = ORIENTED_EDGE ( 'NONE', *, *, #2819, .F. ) ;
#1977 = ADVANCED_FACE ( 'NONE', ( #284 ), #1522, .F. ) ;
#1978 = EDGE_CURVE ( 'NONE', #1920, #1535, #352, .T. ) ;
#1979 = LINE ( 'NONE', #605, #415 ) ;
#1980 = ORIENTED_EDGE ( 'NONE', *, *, #2233, .T. ) ;
#1981 = EDGE_LOOP ( 'NONE', ( #3925, #2943, #3956, #3168, #1172, #139, #3978, #1204 ) ) ;
#1982 = CARTESIAN_POINT ( 'NONE',  ( -5.000000000000000888, 10.00000000000000000, -3.799999999999999378 ) ) ;
#1983 = ORIENTED_EDGE ( 'NONE', *, *, #1039, .T. ) ;
#1984 = DIRECTION ( 'NONE',  ( 0.000000000000000000, -1.000000000000000000, 0.000000000000000000 ) ) ;
#1985 = VECTOR ( 'NONE', #3255, 1000.000000000000000 ) ;
#1986 = ORIENTED_EDGE ( 'NONE', *, *, #3666, .T. ) ;
#1987 = CARTESIAN_POINT ( 'NONE',  ( -2.500000000000000000, 2.999999999999999112, 2.300000000000000266 ) ) ;
#1988 = DIRECTION ( 'NONE',  ( 0.000000000000000000, 0.000000000000000000, 1.000000000000000000 ) ) ;
#1989 = CARTESIAN_POINT ( 'NONE',  ( -2.500000000000000000, 1.000000000000000000, -0.3999999999999993006 ) ) ;
#1990 = CARTESIAN_POINT ( 'NONE',  ( -2.874999999999998668, 9.199999999999999289, 0.5500000000000004885 ) ) ;
#1991 = ORIENTED_EDGE ( 'NONE', *, *, #3532, .T. ) ;
#1992 = EDGE_LOOP ( 'NONE', ( #4006, #1341, #3968, #2273, #1224, #1728, #4082 ) ) ;
#1993 = CIRCLE ( 'NONE', #3967, 0.2999999999999999334 ) ;
#1994 = CARTESIAN_POINT ( 'NONE',  ( -5.000000000000000888, -3.899999999999999023, -2.449999999999929123 ) ) ;
#1995 = ORIENTED_EDGE ( 'NONE', *, *, #2529, .T. ) ;
#1996 = FACE_OUTER_BOUND ( 'NONE', #3148, .T. ) ;
#1997 = ORIENTED_EDGE ( 'NONE', *, *, #1962, .T. ) ;
#1998 = LINE ( 'NONE', #1538, #3406 ) ;
#1999 = DIRECTION ( 'NONE',  ( -1.000000000000000000, 0.000000000000000000, -0.000000000000000000 ) ) ;
#2000 = LINE ( 'NONE', #866, #599 ) ;
#2001 = ORIENTED_EDGE ( 'NONE', *, *, #3301, .T. ) ;
#2002 = CARTESIAN_POINT ( 'NONE',  ( -4.630000000000002558, 0.000000000000000000, -3.163619599600087984 ) ) ;
#2003 = ORIENTED_EDGE ( 'NONE', *, *, #2313, .F. ) ;
#2004 = DIRECTION ( 'NONE',  ( -0.000000000000000000, -1.000000000000000000, -0.000000000000000000 ) ) ;
#2005 = ORIENTED_EDGE ( 'NONE', *, *, #1180, .F. ) ;
#2006 = VECTOR ( 'NONE', #1530, 1000.000000000000000 ) ;
#2007 = DIRECTION ( 'NONE',  ( 0.000000000000000000, 0.000000000000000000, -1.000000000000000000 ) ) ;
#2008 = AXIS2_PLACEMENT_3D ( 'NONE', #3032, #3193, #1561 ) ;
#2009 = DIRECTION ( 'NONE',  ( -0.000000000000000000, -1.000000000000000000, -0.000000000000000000 ) ) ;
#2010 = EDGE_CURVE ( 'NONE', #2770, #462, #214, .T. ) ;
#2011 = CIRCLE ( 'NONE', #2631, 1.899999999999999911 ) ;
#2012 = ORIENTED_EDGE ( 'NONE', *, *, #2491, .T. ) ;
#2013 = CARTESIAN_POINT ( 'NONE',  ( 0.6325150603016909123, 15.37401153701776124, 0.5500000000000004885 ) ) ;
#2014 = EDGE_CURVE ( 'NONE', #388, #5, #1691, .T. ) ;
#2015 = ORIENTED_EDGE ( 'NONE', *, *, #884, .T. ) ;
#2016 =( GEOMETRIC_REPRESENTATION_CONTEXT ( 3 ) GLOBAL_UNCERTAINTY_ASSIGNED_CONTEXT ( ( #3203 ) ) GLOBAL_UNIT_ASSIGNED_CONTEXT ( ( #1516, #3763, #2260 ) ) REPRESENTATION_CONTEXT ( 'NONE', 'WORKASPACE' ) );
#2017 = CARTESIAN_POINT ( 'NONE',  ( -5.000000000000000888, 0.000000000000000000, 3.800000000000000266 ) ) ;
#2018 = ADVANCED_FACE ( 'NONE', ( #197 ), #3798, .T. ) ;
#2019 = LINE ( 'NONE', #3596, #3390 ) ;
#2020 = AXIS2_PLACEMENT_3D ( 'NONE', #4149, #928, #943 ) ;
#2021 = PRESENTATION_STYLE_ASSIGNMENT (( #2384 ) ) ;
#2022 = EDGE_CURVE ( 'NONE', #1673, #1758, #1596, .T. ) ;
#2023 = CARTESIAN_POINT ( 'NONE',  ( 5.000000000000000000, 0.000000000000000000, 2.300000000000000266 ) ) ;
#2024 = PLANE ( 'NONE',  #855 ) ;
#2025 = CARTESIAN_POINT ( 'NONE',  ( 4.300000000000000711, 1.000000000000000000, 2.299999999999999822 ) ) ;
#2026 = ORIENTED_EDGE ( 'NONE', *, *, #2911, .F. ) ;
#2027 = EDGE_CURVE ( 'NONE', #821, #2075, #3007, .T. ) ;
#2028 = PRESENTATION_STYLE_ASSIGNMENT (( #2274 ) ) ;
#2029 = DIRECTION ( 'NONE',  ( 0.000000000000000000, -0.000000000000000000, -1.000000000000000000 ) ) ;
#2030 = LINE ( 'NONE', #456, #3462 ) ;
#2031 = CARTESIAN_POINT ( 'NONE',  ( 1.500000000000000444, 3.215000000000000746, -5.101015377165675879 ) ) ;
#2032 = FACE_OUTER_BOUND ( 'NONE', #3930, .T. ) ;
#2033 = EDGE_CURVE ( 'NONE', #461, #3267, #2719, .T. ) ;
#2034 = ORIENTED_EDGE ( 'NONE', *, *, #2671, .T. ) ;
#2035 = VECTOR ( 'NONE', #579, 1000.000000000000000 ) ;
#2036 = CARTESIAN_POINT ( 'NONE',  ( -2.124999999999998668, 9.500000000000000000, -0.9499999999999990674 ) ) ;
#2037 = LINE ( 'NONE', #3362, #3433 ) ;
#2038 = LINE ( 'NONE', #3616, #2088 ) ;
#2039 = CARTESIAN_POINT ( 'NONE',  ( 4.299999999999999822, 5.900000000000001243, -3.020000000000000018 ) ) ;
#2040 = EDGE_CURVE ( 'NONE', #2472, #1655, #268, .T. ) ;
#2041 = ORIENTED_EDGE ( 'NONE', *, *, #2412, .T. ) ;
#2042 = VECTOR ( 'NONE', #254, 1000.000000000000000 ) ;
#2043 = LINE ( 'NONE', #1215, #3454 ) ;
#2044 = CARTESIAN_POINT ( 'NONE',  ( -2.500000000000000000, 1.000000000000000000, 0.2000000000000005107 ) ) ;
#2045 = DIRECTION ( 'NONE',  ( 0.000000000000000000, 0.000000000000000000, 1.000000000000000000 ) ) ;
#2046 = EDGE_CURVE ( 'NONE', #610, #1780, #1615, .T. ) ;
#2047 = LINE ( 'NONE', #2800, #3407 ) ;
#2048 = VERTEX_POINT ( 'NONE', #1686 ) ;
#2049 = DIRECTION ( 'NONE',  ( 0.000000000000000000, 0.000000000000000000, 1.000000000000000000 ) ) ;
#2050 = FACE_OUTER_BOUND ( 'NONE', #514, .T. ) ;
#2051 = DIRECTION ( 'NONE',  ( 0.000000000000000000, -1.000000000000000000, 0.000000000000000000 ) ) ;
#2052 = LINE ( 'NONE', #2944, #618 ) ;
#2053 = CYLINDRICAL_SURFACE ( 'NONE', #215, 2.000000000000000000 ) ;
#2054 = CARTESIAN_POINT ( 'NONE',  ( -1.900000000000000133, 1.000000000000000000, 0.2000000000000005107 ) ) ;
#2055 = DIRECTION ( 'NONE',  ( -0.5372996083468188910, 0.8433914458128888292, 0.000000000000000000 ) ) ;
#2056 = ADVANCED_FACE ( 'NONE', ( #224 ), #3821, .F. ) ;
#2057 = DIRECTION ( 'NONE',  ( -1.770125995894700463E-16, 1.000000000000000000, 0.000000000000000000 ) ) ;
#2058 = EDGE_LOOP ( 'NONE', ( #3262, #25, #4001, #1198 ) ) ;
#2059 = FACE_OUTER_BOUND ( 'NONE', #4050, .T. ) ;
#2060 = APPLICATION_PROTOCOL_DEFINITION ( 'draft international standard', 'automotive_design', 1998, #1659 ) ;
#2061 = CARTESIAN_POINT ( 'NONE',  ( -0.7000000000000009548, 5.045748461694009812, 2.800000000000000266 ) ) ;
#2062 = ADVANCED_FACE ( 'NONE', ( #1038 ), #2538, .F. ) ;
#2063 = FACE_OUTER_BOUND ( 'NONE', #3012, .T. ) ;
#2064 = DIRECTION ( 'NONE',  ( 0.000000000000000000, -1.000000000000000000, 0.000000000000000000 ) ) ;
#2065 = VECTOR ( 'NONE', #645, 1000.000000000000000 ) ;
#2066 = DIRECTION ( 'NONE',  ( 0.000000000000000000, 0.000000000000000000, 1.000000000000000000 ) ) ;
#2067 = ORIENTED_EDGE ( 'NONE', *, *, #1704, .F. ) ;
#2068 = DIRECTION ( 'NONE',  ( 1.269183751937411383E-15, 1.000000000000000000, 0.000000000000000000 ) ) ;
#2069 = DIRECTION ( 'NONE',  ( 0.000000000000000000, 0.000000000000000000, 1.000000000000000000 ) ) ;
#2070 = FACE_OUTER_BOUND ( 'NONE', #1192, .T. ) ;
#2071 = DIRECTION ( 'NONE',  ( -1.770125995894700463E-16, 1.000000000000000000, 0.000000000000000000 ) ) ;
#2072 = AXIS2_PLACEMENT_3D ( 'NONE', #4144, #348, #3302 ) ;
#2073 = ADVANCED_BREP_SHAPE_REPRESENTATION ( 'KF301-5.0-2P', ( #15, #926, #2164, #660, #2706, #1806, #3344, #2511 ), #3840 ) ;
#2074 = DIRECTION ( 'NONE',  ( 0.000000000000000000, 0.000000000000000000, 1.000000000000000000 ) ) ;
#2075 = VERTEX_POINT ( 'NONE', #3655 ) ;
#2076 = AXIS2_PLACEMENT_3D ( 'NONE', #2435, #817, #1373 ) ;
#2077 = CIRCLE ( 'NONE', #1880, 0.5500000000000001554 ) ;
#2078 = DIRECTION ( 'NONE',  ( 0.000000000000000000, 0.000000000000000000, -1.000000000000000000 ) ) ;
#2079 = CARTESIAN_POINT ( 'NONE',  ( 0.000000000000000000, 10.00000000000000000, 0.000000000000000000 ) ) ;
#2080 = VECTOR ( 'NONE', #2256, 1000.000000000000000 ) ;
#2081 = EDGE_CURVE ( 'NONE', #535, #4138, #2506, .T. ) ;
#2082 = EDGE_LOOP ( 'NONE', ( #1743, #2936 ) ) ;
#2083 = DIRECTION ( 'NONE',  ( 0.000000000000000000, 1.000000000000000000, 0.000000000000000000 ) ) ;
#2084 = LINE ( 'NONE', #2769, #728 ) ;
#2085 = EDGE_CURVE ( 'NONE', #1352, #2880, #1091, .T. ) ;
#2086 = DIRECTION ( 'NONE',  ( 1.015347001549929225E-15, -1.000000000000000000, -0.000000000000000000 ) ) ;
#2087 = CIRCLE ( 'NONE', #1026, 0.5500000000000001554 ) ;
#2088 = VECTOR ( 'NONE', #3644, 1000.000000000000000 ) ;
#2089 = CARTESIAN_POINT ( 'NONE',  ( 4.300000000000000711, 1.000000000000000000, 9.880296045424104889 ) ) ;
#2090 = DIRECTION ( 'NONE',  ( 0.000000000000000000, 0.000000000000000000, -1.000000000000000000 ) ) ;
#2091 = ORIENTED_EDGE ( 'NONE', *, *, #2480, .F. ) ;
#2092 = VECTOR ( 'NONE', #2795, 1000.000000000000000 ) ;
#2093 = CARTESIAN_POINT ( 'NONE',  ( -1.900000000000000133, 1.000000000000000000, 3.800000000000000266 ) ) ;
#2094 = EDGE_CURVE ( 'NONE', #3140, #121, #3874, .T. ) ;
#2095 = LINE ( 'NONE', #1442, #3482 ) ;
#2096 = DIRECTION ( 'NONE',  ( 0.000000000000000000, -1.000000000000000000, 0.000000000000000000 ) ) ;
#2097 = LINE ( 'NONE', #4015, #3426 ) ;
#2098 = CARTESIAN_POINT ( 'NONE',  ( 2.500000000000000888, -3.899999999999999911, 0.2000000000000005107 ) ) ;
#2099 = AXIS2_PLACEMENT_3D ( 'NONE', #2148, #155, #547 ) ;
#2100 = ORIENTED_EDGE ( 'NONE', *, *, #412, .F. ) ;
#2101 = LINE ( 'NONE', #196, #2035 ) ;
#2102 = VECTOR ( 'NONE', #3411, 1000.000000000000114 ) ;
#2103 = DIRECTION ( 'NONE',  ( -0.000000000000000000, 1.000000000000000000, -0.000000000000000000 ) ) ;
#2104 = DIRECTION ( 'NONE',  ( 2.224004456380522396E-16, -1.000000000000000000, -0.000000000000000000 ) ) ;
#2105 = EDGE_CURVE ( 'NONE', #1521, #1232, #3890, .T. ) ;
#2106 = VERTEX_POINT ( 'NONE', #303 ) ;
#2107 = DIRECTION ( 'NONE',  ( -1.000000000000000000, -0.000000000000000000, -0.000000000000000000 ) ) ;
#2108 = CIRCLE ( 'NONE', #3277, 1.899999999999999689 ) ;
#2109 = ADVANCED_FACE ( 'NONE', ( #3828 ), #961, .F. ) ;
#2110 = VECTOR ( 'NONE', #3896, 1000.000000000000000 ) ;
#2111 = DIRECTION ( 'NONE',  ( 1.112002228190260952E-16, -1.000000000000000000, 0.000000000000000000 ) ) ;
#2112 = DIRECTION ( 'NONE',  ( 0.000000000000000000, 0.000000000000000000, -1.000000000000000000 ) ) ;
#2113 = VECTOR ( 'NONE', #2402, 1000.000000000000000 ) ;
#2114 = PLANE ( 'NONE',  #42 ) ;
#2115 = CIRCLE ( 'NONE', #2126, 2.000000000000000000 ) ;
#2116 = PLANE ( 'NONE',  #1075 ) ;
#2117 = FILL_AREA_STYLE ('',( #1044 ) ) ;
#2118 = DIRECTION ( 'NONE',  ( 0.000000000000000000, 0.000000000000000000, 1.000000000000000000 ) ) ;
#2119 = VECTOR ( 'NONE', #138, 1000.000000000000000 ) ;
#2120 = CARTESIAN_POINT ( 'NONE',  ( 4.299999999999999822, 5.900000000000001243, -3.020000000000000018 ) ) ;
#2121 = CYLINDRICAL_SURFACE ( 'NONE', #337, 1.450000000000000400 ) ;
#2122 = DIRECTION ( 'NONE',  ( 0.000000000000000000, 0.000000000000000000, 1.000000000000000000 ) ) ;
#2123 = VECTOR ( 'NONE', #658, 1000.000000000000000 ) ;
#2124 = DIRECTION ( 'NONE',  ( -0.000000000000000000, -0.000000000000000000, -1.000000000000000000 ) ) ;
#2125 = FACE_OUTER_BOUND ( 'NONE', #1491, .T. ) ;
#2126 = AXIS2_PLACEMENT_3D ( 'NONE', #1733, #1412, #1766 ) ;
#2127 = PLANE ( 'NONE',  #2640 ) ;
#2128 = VECTOR ( 'NONE', #245, 1000.000000000000000 ) ;
#2129 = DIRECTION ( 'NONE',  ( -1.000000000000000000, -2.409338161078898687E-16, 0.000000000000000000 ) ) ;
#2130 = TOROIDAL_SURFACE ( 'NONE', #3742, 0.2999999999999999334, 0.2000000000000000111 ) ;
#2131 = EDGE_CURVE ( 'NONE', #3038, #3284, #2444, .T. ) ;
#2132 = CARTESIAN_POINT ( 'NONE',  ( -4.299999999999999822, 5.900000000000000355, -3.020000000000000018 ) ) ;
#2133 = DIRECTION ( 'NONE',  ( 1.000000000000000000, 0.000000000000000000, 0.000000000000000000 ) ) ;
#2134 = EDGE_CURVE ( 'NONE', #2880, #3424, #1111, .T. ) ;
#2135 = LINE ( 'NONE', #3273, #2092 ) ;
#2136 = ADVANCED_FACE ( 'NONE', ( #3813 ), #1617, .T. ) ;
#2137 = FACE_OUTER_BOUND ( 'NONE', #538, .T. ) ;
#2138 = PLANE ( 'NONE',  #2008 ) ;
#2139 = DIRECTION ( 'NONE',  ( 1.000000000000000000, 0.000000000000000000, 0.000000000000000000 ) ) ;
#2140 = VECTOR ( 'NONE', #2584, 1000.000000000000000 ) ;
#2141 = AXIS2_PLACEMENT_3D ( 'NONE', #1107, #3511, #576 ) ;
#2142 = AXIS2_PLACEMENT_3D ( 'NONE', #3730, #3958, #123 ) ;
#2143 = PLANE ( 'NONE',  #2617 ) ;
#2144 = CARTESIAN_POINT ( 'NONE',  ( 3.500000000000000000, 3.790000000000000924, 2.800000000000000266 ) ) ;
#2145 = VECTOR ( 'NONE', #2684, 1000.000000000000000 ) ;
#2146 = VECTOR ( 'NONE', #3849, 1000.000000000000000 ) ;
#2147 = DIRECTION ( 'NONE',  ( 0.000000000000000000, -0.000000000000000000, 1.000000000000000000 ) ) ;
#2148 = CARTESIAN_POINT ( 'NONE',  ( 2.500000000000001332, -9.214213562373096522, 0.2000000000000005107 ) ) ;
#2149 = EDGE_CURVE ( 'NONE', #542, #2962, #1098, .T. ) ;
#2150 = VECTOR ( 'NONE', #1867, 1000.000000000000000 ) ;
#2151 = DIRECTION ( 'NONE',  ( 0.000000000000000000, -1.000000000000000000, 0.000000000000000000 ) ) ;
#2152 = FILL_AREA_STYLE ('',( #823 ) ) ;
#2153 = STYLED_ITEM ( 'NONE', ( #2747 ), #660 ) ;
#2154 = LINE ( 'NONE', #3466, #3530 ) ;
#2155 = DIRECTION ( 'NONE',  ( -0.000000000000000000, -1.000000000000000000, -0.000000000000000000 ) ) ;
#2156 = FACE_OUTER_BOUND ( 'NONE', #1546, .T. ) ;
#2157 = CARTESIAN_POINT ( 'NONE',  ( -4.299999999999999822, 5.900000000000000355, -3.020000000000000018 ) ) ;
#2158 = FACE_OUTER_BOUND ( 'NONE', #1486, .T. ) ;
#2159 = CARTESIAN_POINT ( 'NONE',  ( -1.500000000000000000, 3.790000000000000924, 2.300000000000000266 ) ) ;
#2160 = CIRCLE ( 'NONE', #3667, 1.449999999999999956 ) ;
#2161 = CARTESIAN_POINT ( 'NONE',  ( -5.000000000000000888, 0.000000000000000000, 3.800000000000000266 ) ) ;
#2162 = CIRCLE ( 'NONE', #3179, 0.5999999999999998668 ) ;
#2163 = CARTESIAN_POINT ( 'NONE',  ( -0.6999999999999998446, 5.900000000000001243, 2.800000000000000266 ) ) ;
#2164 = MANIFOLD_SOLID_BREP ( 'Cut-Extrude7', #1432 ) ;
#2165 = VECTOR ( 'NONE', #2249, 1000.000000000000000 ) ;
#2166 = LINE ( 'NONE', #1694, #671 ) ;
#2167 = DIRECTION ( 'NONE',  ( 0.000000000000000000, 0.000000000000000000, 1.000000000000000000 ) ) ;
#2168 = VECTOR ( 'NONE', #2746, 1000.000000000000000 ) ;
#2169 = AXIS2_PLACEMENT_3D ( 'NONE', #1987, #1208, #2948 ) ;
#2170 = CIRCLE ( 'NONE', #818, 1.899999999999999689 ) ;
#2171 = CARTESIAN_POINT ( 'NONE',  ( -4.330000000000000071, 6.599999999999999645, -2.409585481156657494 ) ) ;
#2172 = CARTESIAN_POINT ( 'NONE',  ( -5.000000000000000888, 10.00000000000000000, 3.800000000000000266 ) ) ;
#2173 = FACE_OUTER_BOUND ( 'NONE', #18, .T. ) ;
#2174 = CIRCLE ( 'NONE', #1513, 0.5000000000000000000 ) ;
#2175 = CARTESIAN_POINT ( 'NONE',  ( -4.630000000000002558, -3.899999999999999023, -3.163619599600087984 ) ) ;
#2176 = DIRECTION ( 'NONE',  ( 2.224004456380522396E-16, -1.000000000000000000, 0.000000000000000000 ) ) ;
#2177 = AXIS2_PLACEMENT_3D ( 'NONE', #1736, #3990, #3497 ) ;
#2178 = EDGE_CURVE ( 'NONE', #264, #2654, #2449, .T. ) ;
#2179 = CARTESIAN_POINT ( 'NONE',  ( -3.100000000000000089, 0.000000000000000000, 0.2000000000000005107 ) ) ;
#2180 = ADVANCED_FACE ( 'NONE', ( #3854 ), #1404, .F. ) ;
#2181 = VECTOR ( 'NONE', #61, 1000.000000000000000 ) ;
#2182 = CARTESIAN_POINT ( 'NONE',  ( -2.499999999999999112, 15.37401153701776124, -1.699999999999999512 ) ) ;
#2183 = LINE ( 'NONE', #3576, #3515 ) ;
#2184 = EDGE_CURVE ( 'NONE', #3140, #31, #3354, .T. ) ;
#2185 = AXIS2_PLACEMENT_3D ( 'NONE', #92, #1800, #3440 ) ;
#2186 = CARTESIAN_POINT ( 'NONE',  ( 2.125000000000001332, 9.199999999999999289, -0.9499999999999990674 ) ) ;
#2187 = VECTOR ( 'NONE', #1072, 1000.000000000000000 ) ;
#2188 = CIRCLE ( 'NONE', #3708, 0.4999999999999998890 ) ;
#2189 = EDGE_CURVE ( 'NONE', #3325, #1843, #2433, .T. ) ;
#2190 = EDGE_CURVE ( 'NONE', #2964, #334, #3859, .T. ) ;
#2191 = CARTESIAN_POINT ( 'NONE',  ( -4.299999999999998934, 5.045748461694008924, 2.800000000000000266 ) ) ;
#2192 = EDGE_CURVE ( 'NONE', #2479, #264, #3820, .T. ) ;
#2193 = LINE ( 'NONE', #370, #3668 ) ;
#2194 = DIRECTION ( 'NONE',  ( -0.000000000000000000, -0.000000000000000000, 1.000000000000000000 ) ) ;
#2195 = CARTESIAN_POINT ( 'NONE',  ( 0.7000000000000009548, 0.9999999999999995559, 9.880296045424104889 ) ) ;
#2196 = LINE ( 'NONE', #1593, #2146 ) ;
#2197 = MECHANICAL_DESIGN_GEOMETRIC_PRESENTATION_REPRESENTATION (  '', ( #2153 ), #485 ) ;
#2198 = CARTESIAN_POINT ( 'NONE',  ( 2.500000000000000888, 9.500000000000000000, 0.2000000000000005107 ) ) ;
#2199 = CARTESIAN_POINT ( 'NONE',  ( 4.999999999999999112, 10.00000000000000000, 3.006312881110435153 ) ) ;
#2200 = LINE ( 'NONE', #4103, #890 ) ;
#2201 = VECTOR ( 'NONE', #1525, 1000.000000000000000 ) ;
#2202 = DIRECTION ( 'NONE',  ( -1.000000000000000000, -2.409338161078898687E-16, -0.000000000000000000 ) ) ;
#2203 = AXIS2_PLACEMENT_3D ( 'NONE', #970, #252, #1967 ) ;
#2204 = PLANE ( 'NONE',  #2984 ) ;
#2205 = FACE_OUTER_BOUND ( 'NONE', #549, .T. ) ;
#2206 = CARTESIAN_POINT ( 'NONE',  ( -5.000000000000000888, 0.000000000000000000, -2.449999999999929123 ) ) ;
#2207 = CIRCLE ( 'NONE', #3564, 0.4000000000000001887 ) ;
#2208 = ADVANCED_FACE ( 'NONE', ( #1051 ), #3013, .T. ) ;
#2209 = VECTOR ( 'NONE', #2921, 1000.000000000000000 ) ;
#2210 = FACE_OUTER_BOUND ( 'NONE', #595, .T. ) ;
#2211 = CARTESIAN_POINT ( 'NONE',  ( -4.530000000000000249, 0.000000000000000000, -2.209585481156658204 ) ) ;
#2212 = CIRCLE ( 'NONE', #3379, 0.5999999999999998668 ) ;
#2213 = CARTESIAN_POINT ( 'NONE',  ( 2.906939798987516532, 5.900000000000000355, -3.020000000000000018 ) ) ;
#2214 = CIRCLE ( 'NONE', #876, 0.4999999999999998890 ) ;
#2215 = DIRECTION ( 'NONE',  ( 0.000000000000000000, -1.000000000000000000, 0.000000000000000000 ) ) ;
#2216 = DIRECTION ( 'NONE',  ( 0.000000000000000000, 1.000000000000000000, 0.000000000000000000 ) ) ;
#2217 = DIRECTION ( 'NONE',  ( 0.000000000000000000, -1.000000000000000000, 0.000000000000000000 ) ) ;
#2218 = LINE ( 'NONE', #2646, #767 ) ;
#2219 = VERTEX_POINT ( 'NONE', #2437 ) ;
#2220 = AXIS2_PLACEMENT_3D ( 'NONE', #2758, #2787, #1067 ) ;
#2221 = CYLINDRICAL_SURFACE ( 'NONE', #838, 1.449999999999999956 ) ;
#2222 = CARTESIAN_POINT ( 'NONE',  ( -0.6999999999999998446, 5.900000000000001243, -3.020000000000000018 ) ) ;
#2223 = DIRECTION ( 'NONE',  ( 0.000000000000000000, 0.000000000000000000, -1.000000000000000000 ) ) ;
#2224 = EDGE_CURVE ( 'NONE', #2440, #3912, #3793, .T. ) ;
#2225 = DIRECTION ( 'NONE',  ( 1.000000000000000000, 1.327594496921025224E-16, 0.000000000000000000 ) ) ;
#2226 = VERTEX_POINT ( 'NONE', #3706 ) ;
#2227 = FACE_OUTER_BOUND ( 'NONE', #1508, .T. ) ;
#2228 = AXIS2_PLACEMENT_3D ( 'NONE', #4064, #1603, #4122 ) ;
#2229 = CARTESIAN_POINT ( 'NONE',  ( 2.500000000000000888, -3.899999999999999911, 0.2000000000000005107 ) ) ;
#2230 = EDGE_CURVE ( 'NONE', #2878, #1908, #2421, .T. ) ;
#2231 = EDGE_CURVE ( 'NONE', #1813, #1357, #1096, .T. ) ;
#2232 = VECTOR ( 'NONE', #3835, 1000.000000000000000 ) ;
#2233 = EDGE_CURVE ( 'NONE', #189, #153, #1065, .T. ) ;
#2234 = EDGE_LOOP ( 'NONE', ( #3035, #1781 ) ) ;
#2235 = FACE_OUTER_BOUND ( 'NONE', #1499, .T. ) ;
#2236 = DIRECTION ( 'NONE',  ( 1.000000000000000000, 0.000000000000000000, 0.000000000000000000 ) ) ;
#2237 = DIRECTION ( 'NONE',  ( 0.000000000000000000, -1.000000000000000000, 0.000000000000000000 ) ) ;
#2238 = ORIENTED_EDGE ( 'NONE', *, *, #2377, .F. ) ;
#2239 = FACE_OUTER_BOUND ( 'NONE', #4046, .T. ) ;
#2240 = DIRECTION ( 'NONE',  ( -5.421010862427519212E-16, -1.000000000000000000, 0.000000000000000000 ) ) ;
#2241 = VERTEX_POINT ( 'NONE', #2461 ) ;
#2242 = EDGE_CURVE ( 'NONE', #1156, #590, #3797, .T. ) ;
#2243 = DIRECTION ( 'NONE',  ( 0.000000000000000000, 1.000000000000000000, 0.000000000000000000 ) ) ;
#2244 = CARTESIAN_POINT ( 'NONE',  ( 2.875000000000001332, 9.199999999999999289, 0.5500000000000004885 ) ) ;
#2245 = LINE ( 'NONE', #2120, #2209 ) ;
#2246 = EDGE_LOOP ( 'NONE', ( #3378, #4177, #3305, #1680, #4172 ) ) ;
#2247 = CYLINDRICAL_SURFACE ( 'NONE', #528, 0.1999999999999996503 ) ;
#2248 = CARTESIAN_POINT ( 'NONE',  ( -1.500000000000000222, 2.640000000000001013, -0.5199999999999995737 ) ) ;
#2249 = DIRECTION ( 'NONE',  ( 1.327594496921025224E-16, -1.000000000000000000, 0.000000000000000000 ) ) ;
#2250 = VERTEX_POINT ( 'NONE', #793 ) ;
#2251 = CARTESIAN_POINT ( 'NONE',  ( -0.6999999999999998446, 5.900000000000001243, -3.020000000000000018 ) ) ;
#2252 = COLOUR_RGB ( '',0.7921568627450980005, 0.8196078431372548767, 0.9333333333333333481 ) ;
#2253 = CARTESIAN_POINT ( 'NONE',  ( 2.500000000000001332, 10.00000000000000000, -1.799999999999999600 ) ) ;
#2254 = ADVANCED_FACE ( 'NONE', ( #1011 ), #192, .F. ) ;
#2255 = LINE ( 'NONE', #2939, #3690 ) ;
#2256 = DIRECTION ( 'NONE',  ( -0.000000000000000000, -1.000000000000000000, -0.000000000000000000 ) ) ;
#2257 = VECTOR ( 'NONE', #3817, 1000.000000000000000 ) ;
#2258 = ORIENTED_EDGE ( 'NONE', *, *, #884, .F. ) ;
#2259 = CARTESIAN_POINT ( 'NONE',  ( 1.500000000000000444, 3.615000000000001101, 1.900000000000000577 ) ) ;
#2260 =( NAMED_UNIT ( * ) SI_UNIT ( $, .STERADIAN. ) SOLID_ANGLE_UNIT ( ) );
#2261 = EDGE_LOOP ( 'NONE', ( #1938, #150, #2005, #1446 ) ) ;
#2262 = FACE_OUTER_BOUND ( 'NONE', #227, .T. ) ;
#2263 = CARTESIAN_POINT ( 'NONE',  ( -3.499999999999999556, 3.440000000000000835, 2.800000000000000266 ) ) ;
#2264 = ORIENTED_EDGE ( 'NONE', *, *, #4105, .F. ) ;
#2265 = AXIS2_PLACEMENT_3D ( 'NONE', #3438, #3409, #1092 ) ;
#2266 = ORIENTED_EDGE ( 'NONE', *, *, #2385, .T. ) ;
#2267 = AXIS2_PLACEMENT_3D ( 'NONE', #3247, #292, #437 ) ;
#2268 =( LENGTH_UNIT ( ) NAMED_UNIT ( * ) SI_UNIT ( .MILLI., .METRE. ) );
#2269 = EDGE_CURVE ( 'NONE', #5, #429, #2455, .T. ) ;
#2270 = DIRECTION ( 'NONE',  ( -1.000000000000000000, 0.000000000000000000, 1.777380610631973643E-17 ) ) ;
#2271 = EDGE_CURVE ( 'NONE', #309, #4065, #3863, .T. ) ;
#2272 = CARTESIAN_POINT ( 'NONE',  ( 0.7000000000000009548, 5.045748461694008924, 2.800000000000000266 ) ) ;
#2273 = ORIENTED_EDGE ( 'NONE', *, *, #3239, .F. ) ;
#2274 = SURFACE_STYLE_USAGE ( .BOTH. , #1933 ) ;
#2275 = EDGE_CURVE ( 'NONE', #4065, #1405, #2438, .T. ) ;
#2276 = CARTESIAN_POINT ( 'NONE',  ( -5.000000000000000888, 6.725812154894035721, -3.799999999999999378 ) ) ;
#2277 = VERTEX_POINT ( 'NONE', #2674 ) ;
#2278 = CARTESIAN_POINT ( 'NONE',  ( -2.499999999999999112, 8.500000000000000000, 0.2000000000000005107 ) ) ;
#2279 = LINE ( 'NONE', #2387, #828 ) ;
#2280 = ORIENTED_EDGE ( 'NONE', *, *, #891, .F. ) ;
#2281 = ADVANCED_FACE ( 'NONE', ( #3845 ), #2116, .F. ) ;
#2282 = PLANE ( 'NONE',  #4163 ) ;
#2283 = ADVANCED_FACE ( 'NONE', ( #1059 ), #3829, .T. ) ;
#2284 = LINE ( 'NONE', #2909, #883 ) ;
#2285 = CARTESIAN_POINT ( 'NONE',  ( 2.500000000000000888, -3.700000000000000178, 0.2000000000000005107 ) ) ;
#2286 = DIRECTION ( 'NONE',  ( -1.000000000000000000, 0.000000000000000000, -0.000000000000000000 ) ) ;
#2287 = VERTEX_POINT ( 'NONE', #665 ) ;
#2288 = AXIS2_PLACEMENT_3D ( 'NONE', #993, #2579, #2071 ) ;
#2289 = DIRECTION ( 'NONE',  ( -0.000000000000000000, 1.000000000000000000, -0.000000000000000000 ) ) ;
#2290 = DIRECTION ( 'NONE',  ( 1.269183751937411383E-15, 1.000000000000000000, 0.000000000000000000 ) ) ;
#2291 = FACE_OUTER_BOUND ( 'NONE', #2058, .T. ) ;
#2292 = CLOSED_SHELL ( 'NONE', ( #515, #3726, #2596, #3557, #3002, #2180, #941, #791, #2109, #833, #3363, #725, #1564, #3699 ) ) ;
#2293 = DIRECTION ( 'NONE',  ( -0.000000000000000000, 1.000000000000000000, -0.000000000000000000 ) ) ;
#2294 = CARTESIAN_POINT ( 'NONE',  ( -2.124999999999998668, 9.199999999999999289, -0.9499999999999990674 ) ) ;
#2295 = VECTOR ( 'NONE', #798, 1000.000000000000000 ) ;
#2296 = CARTESIAN_POINT ( 'NONE',  ( -2.874999999999998668, 9.500000000000000000, -0.9499999999999990674 ) ) ;
#2297 = DIRECTION ( 'NONE',  ( 0.000000000000000000, 0.000000000000000000, 1.000000000000000000 ) ) ;
#2298 = ORIENTED_EDGE ( 'NONE', *, *, #797, .T. ) ;
#2299 = CARTESIAN_POINT ( 'NONE',  ( -0.5999999999999992006, 9.199999999999999289, -0.1499999999999994393 ) ) ;
#2300 = LINE ( 'NONE', #3044, #3658 ) ;
#2301 = DIRECTION ( 'NONE',  ( 1.000000000000000000, 0.000000000000000000, -0.000000000000000000 ) ) ;
#2302 = VECTOR ( 'NONE', #2904, 1000.000000000000000 ) ;
#2303 = AXIS2_PLACEMENT_3D ( 'NONE', #2733, #1859, #3070 ) ;
#2304 = CARTESIAN_POINT ( 'NONE',  ( 1.950000000000000178, 8.817654389267289616, -2.649999999999999467 ) ) ;
#2305 = CARTESIAN_POINT ( 'NONE',  ( -2.124999999999998668, 9.199999999999999289, -0.1499999999999994671 ) ) ;
#2306 = CARTESIAN_POINT ( 'NONE',  ( 4.999999999999999112, 0.000000000000000000, 3.800000000000000266 ) ) ;
#2307 = CARTESIAN_POINT ( 'NONE',  ( -1.050000000000000044, 2.999999999999999112, -3.020000000000000018 ) ) ;
#2308 = LINE ( 'NONE', #3321, #3702 ) ;
#2309 = ADVANCED_FACE ( 'NONE', ( #2482 ), #635, .T. ) ;
#2310 = EDGE_CURVE ( 'NONE', #289, #1846, #3866, .T. ) ;
#2311 = DIRECTION ( 'NONE',  ( -0.000000000000000000, 1.000000000000000000, -0.000000000000000000 ) ) ;
#2312 = CARTESIAN_POINT ( 'NONE',  ( 3.499999999999999556, 2.640000000000001013, 2.800000000000000266 ) ) ;
#2313 = EDGE_CURVE ( 'NONE', #147, #1310, #1086, .T. ) ;
#2314 = CARTESIAN_POINT ( 'NONE',  ( 4.999999999999999112, 0.000000000000000000, 3.800000000000000266 ) ) ;
#2315 = LINE ( 'NONE', #3862, #2322 ) ;
#2316 = DIRECTION ( 'NONE',  ( -0.8660254037844413721, 0.000000000000000000, 0.4999999999999951705 ) ) ;
#2317 = VECTOR ( 'NONE', #3300, 1000.000000000000000 ) ;
#2318 = EDGE_CURVE ( 'NONE', #195, #128, #3879, .T. ) ;
#2319 = PLANE ( 'NONE',  #4157 ) ;
#2320 = CARTESIAN_POINT ( 'NONE',  ( 0.7000000000000009548, 0.9999999999999995559, 2.299999999999999822 ) ) ;
#2321 = CARTESIAN_POINT ( 'NONE',  ( 1.950000000000000844, 6.816761817258089273, -3.750000000000000444 ) ) ;
#2322 = VECTOR ( 'NONE', #365, 1000.000000000000000 ) ;
#2323 = CARTESIAN_POINT ( 'NONE',  ( 3.050000000000000266, 10.00000000000000178, -2.649999999999999467 ) ) ;
#2324 = DIRECTION ( 'NONE',  ( 1.000000000000000000, 0.000000000000000000, 0.000000000000000000 ) ) ;
#2325 = DIRECTION ( 'NONE',  ( -1.000000000000000000, 0.000000000000000000, 0.000000000000000000 ) ) ;
#2326 = CARTESIAN_POINT ( 'NONE',  ( 4.400000000000001243, 9.199999999999999289, -0.1499999999999994393 ) ) ;
#2327 = DIRECTION ( 'NONE',  ( -1.000000000000000000, 0.000000000000000000, 1.777380610631973643E-17 ) ) ;
#2328 = ADVANCED_FACE ( 'NONE', ( #2521 ), #1188, .T. ) ;
#2329 = DIRECTION ( 'NONE',  ( 0.000000000000000000, 0.000000000000000000, -1.000000000000000000 ) ) ;
#2330 = CIRCLE ( 'NONE', #3960, 1.899999999999999689 ) ;
#2331 = CARTESIAN_POINT ( 'NONE',  ( -2.124999999999998668, 9.500000000000000000, 1.350000000000000977 ) ) ;
#2332 = CARTESIAN_POINT ( 'NONE',  ( -2.124999999999998668, 9.500000000000000000, -0.9499999999999990674 ) ) ;
#2333 = VECTOR ( 'NONE', #3634, 1000.000000000000000 ) ;
#2334 = AXIS2_PLACEMENT_3D ( 'NONE', #3260, #1591, #3602 ) ;
#2335 = DIRECTION ( 'NONE',  ( 0.000000000000000000, 1.000000000000000000, 0.000000000000000000 ) ) ;
#2336 = EDGE_CURVE ( 'NONE', #100, #253, #1147, .T. ) ;
#2337 = VECTOR ( 'NONE', #2916, 1000.000000000000000 ) ;
#2338 = DIRECTION ( 'NONE',  ( 0.000000000000000000, 0.000000000000000000, 1.000000000000000000 ) ) ;
#2339 = MECHANICAL_DESIGN_GEOMETRIC_PRESENTATION_REPRESENTATION (  '', ( #4014 ), #644 ) ;
#2340 = EDGE_CURVE ( 'NONE', #1439, #3283, #3994, .T. ) ;
#2341 = CARTESIAN_POINT ( 'NONE',  ( -4.299999999999999822, 5.900000000000000355, 2.299999999999999822 ) ) ;
#2342 = EDGE_CURVE ( 'NONE', #1246, #3158, #3949, .T. ) ;
#2343 = PRODUCT_CONTEXT ( 'NONE', #1659, 'mechanical' ) ;
#2344 = CARTESIAN_POINT ( 'NONE',  ( 2.666070915947952453E-18, 9.500000000000000000, -0.1499999999999994393 ) ) ;
#2345 = DIRECTION ( 'NONE',  ( -1.000000000000000000, 0.000000000000000000, 0.000000000000000000 ) ) ;
#2346 = DIRECTION ( 'NONE',  ( 1.770125995894700463E-16, -1.000000000000000000, 0.000000000000000000 ) ) ;
#2347 = FACE_OUTER_BOUND ( 'NONE', #2703, .T. ) ;
#2348 = AXIS2_PLACEMENT_3D ( 'NONE', #1558, #684, #2513 ) ;
#2349 = DIRECTION ( 'NONE',  ( -1.000000000000000000, 0.000000000000000000, 0.000000000000000000 ) ) ;
#2350 = CARTESIAN_POINT ( 'NONE',  ( -4.330000000000000071, 0.000000000000000000, -2.990414518843198088 ) ) ;
#2351 = CARTESIAN_POINT ( 'NONE',  ( 2.500000000000000000, 1.000000000000000000, 0.2000000000000005107 ) ) ;
#2352 = FACE_OUTER_BOUND ( 'NONE', #3348, .T. ) ;
#2353 = ADVANCED_FACE ( 'NONE', ( #2534 ), #1252, .F. ) ;
#2354 = CARTESIAN_POINT ( 'NONE',  ( 2.500000000000000888, -3.700000000000000178, 0.2000000000000005107 ) ) ;
#2355 = FILL_AREA_STYLE_COLOUR ( '', #3057 ) ;
#2356 = CARTESIAN_POINT ( 'NONE',  ( 4.299999999999998934, 5.045748461694009812, 2.800000000000000266 ) ) ;
#2357 = LINE ( 'NONE', #812, #947 ) ;
#2358 = DIRECTION ( 'NONE',  ( 0.8660254037844421493, 0.000000000000000000, 0.4999999999999940048 ) ) ;
#2359 = DIRECTION ( 'NONE',  ( 0.000000000000000000, 0.000000000000000000, 1.000000000000000000 ) ) ;
#2360 = DIRECTION ( 'NONE',  ( 2.224004456380522396E-16, -1.000000000000000000, -0.000000000000000000 ) ) ;
#2361 = LINE ( 'NONE', #2326, #2317 ) ;
#2362 = DIRECTION ( 'NONE',  ( -0.000000000000000000, 1.000000000000000000, -0.000000000000000000 ) ) ;
#2363 = CARTESIAN_POINT ( 'NONE',  ( 2.500000000000000888, 10.00000000000000000, 0.2000000000000005107 ) ) ;
#2364 = DIRECTION ( 'NONE',  ( 0.000000000000000000, -1.000000000000000000, 0.000000000000000000 ) ) ;
#2365 = LINE ( 'NONE', #3904, #966 ) ;
#2366 = CARTESIAN_POINT ( 'NONE',  ( 0.000000000000000000, 0.000000000000000000, -3.020000000000000018 ) ) ;
#2367 = DIRECTION ( 'NONE',  ( 1.000000000000000000, 1.204669080539449344E-16, -0.000000000000000000 ) ) ;
#2368 = CARTESIAN_POINT ( 'NONE',  ( -5.000000000000000888, 6.599999999999999645, -2.449999999999929123 ) ) ;
#2369 = UNCERTAINTY_MEASURE_WITH_UNIT (LENGTH_MEASURE( 1.000000000000000082E-05 ), #813, 'distance_accuracy_value', 'NONE');
#2370 = AXIS2_PLACEMENT_3D ( 'NONE', #3710, #3941, #2112 ) ;
#2371 = CARTESIAN_POINT ( 'NONE',  ( -0.6325150603016893580, 15.37401153701776124, -0.1499999999999994393 ) ) ;
#2372 = DIRECTION ( 'NONE',  ( -1.000000000000000000, -2.409338161078898687E-16, 0.000000000000000000 ) ) ;
#2373 = FACE_OUTER_BOUND ( 'NONE', #1562, .T. ) ;
#2374 = FILL_AREA_STYLE_COLOUR ( '', #4091 ) ;
#2375 = CARTESIAN_POINT ( 'NONE',  ( -4.299999999999999822, 5.900000000000000355, -3.020000000000000018 ) ) ;
#2376 = CARTESIAN_POINT ( 'NONE',  ( -2.093060201012483468, 5.900000000000000355, 2.299999999999999822 ) ) ;
#2377 = EDGE_CURVE ( 'NONE', #1768, #859, #1177, .T. ) ;
#2378 = AXIS2_PLACEMENT_3D ( 'NONE', #860, #561, #1118 ) ;
#2379 = FACE_OUTER_BOUND ( 'NONE', #4165, .T. ) ;
#2380 = CARTESIAN_POINT ( 'NONE',  ( 0.7000000000000009548, 5.045748461694008924, 2.300000000000000266 ) ) ;
#2381 = ADVANCED_FACE ( 'NONE', ( #2606 ), #2651, .T. ) ;
#2382 = EDGE_CURVE ( 'NONE', #260, #489, #2622, .T. ) ;
#2383 = CARTESIAN_POINT ( 'NONE',  ( -1.949999999999999734, 8.817654389267289616, -2.649999999999999467 ) ) ;
#2384 = SURFACE_STYLE_USAGE ( .BOTH. , #1724 ) ;
#2385 = EDGE_CURVE ( 'NONE', #1580, #34, #4032, .T. ) ;
#2386 = CIRCLE ( 'NONE', #1883, 0.7999999999999999334 ) ;
#2387 = CARTESIAN_POINT ( 'NONE',  ( -0.6999999999999992895, 1.000000000000000000, -3.020000000000000018 ) ) ;
#2389 = ADVANCED_FACE ( 'NONE', ( #2601 ), #3583, .F. ) ;
#2388 = EDGE_CURVE ( 'NONE', #572, #1055, #1130, .T. ) ;
#2390 = DIRECTION ( 'NONE',  ( 0.000000000000000000, -0.000000000000000000, -1.000000000000000000 ) ) ;
#2391 = PLANE ( 'NONE',  #3796 ) ;
#2392 = CIRCLE ( 'NONE', #102, 0.2000000000000000111 ) ;
#2393 = DIRECTION ( 'NONE',  ( 1.000000000000000000, 0.000000000000000000, 0.000000000000000000 ) ) ;
#2394 = CARTESIAN_POINT ( 'NONE',  ( 2.500000000000000000, 1.000000000000000000, 0.2000000000000005107 ) ) ;
#2395 = DIRECTION ( 'NONE',  ( -0.000000000000000000, -0.000000000000000000, -1.000000000000000000 ) ) ;
#2396 = CARTESIAN_POINT ( 'NONE',  ( -2.499999999999999112, -3.700000000000000178, 0.2000000000000005107 ) ) ;
#2397 = DIRECTION ( 'NONE',  ( -0.000000000000000000, -1.000000000000000000, -0.000000000000000000 ) ) ;
#2398 = DIRECTION ( 'NONE',  ( -1.000000000000000000, 3.771137991253929066E-16, 0.000000000000000000 ) ) ;
#2399 = DIRECTION ( 'NONE',  ( -0.8433914458128891622, 0.5372996083468184469, 0.000000000000000000 ) ) ;
#2400 = CARTESIAN_POINT ( 'NONE',  ( 1.500000000000000444, 3.790000000000000924, 2.800000000000000266 ) ) ;
#2401 = DIRECTION ( 'NONE',  ( -1.000000000000000000, 0.000000000000000000, 0.000000000000000000 ) ) ;
#2402 = DIRECTION ( 'NONE',  ( -0.000000000000000000, -1.000000000000000000, -0.000000000000000000 ) ) ;
#2403 = SURFACE_SIDE_STYLE ('',( #3633 ) ) ;
#2404 = DIRECTION ( 'NONE',  ( -1.000000000000000000, -1.770125995894700463E-16, 0.000000000000000000 ) ) ;
#2405 = AXIS2_PLACEMENT_3D ( 'NONE', #2351, #3419, #2660 ) ;
#2406 = DIRECTION ( 'NONE',  ( 0.000000000000000000, -0.000000000000000000, 1.000000000000000000 ) ) ;
#2407 = ADVANCED_FACE ( 'NONE', ( #2589 ), #2545, .F. ) ;
#2408 = DIRECTION ( 'NONE',  ( 0.000000000000000000, -0.8763066800438664705, -0.4817536741017101609 ) ) ;
#2409 = AXIS2_PLACEMENT_3D ( 'NONE', #863, #2431, #1083 ) ;
#2410 = CARTESIAN_POINT ( 'NONE',  ( 1.500000000000000444, 2.640000000000001013, -0.5199999999999995737 ) ) ;
#2411 = EDGE_CURVE ( 'NONE', #56, #3228, #3983, .T. ) ;
#2412 = EDGE_CURVE ( 'NONE', #1801, #147, #2645, .T. ) ;
#2413 = CARTESIAN_POINT ( 'NONE',  ( -1.500000000000000000, 3.790000000000000924, 2.800000000000000266 ) ) ;
#2414 = EDGE_CURVE ( 'NONE', #3279, #2982, #1202, .T. ) ;
#2415 = ORIENTED_EDGE ( 'NONE', *, *, #402, .T. ) ;
#2416 = VECTOR ( 'NONE', #3459, 1000.000000000000000 ) ;
#2417 = DIRECTION ( 'NONE',  ( -0.000000000000000000, -1.000000000000000000, -0.000000000000000000 ) ) ;
#2418 = CARTESIAN_POINT ( 'NONE',  ( 0.7000000000000009548, 0.9999999999999991118, 3.800000000000000266 ) ) ;
#2419 = CARTESIAN_POINT ( 'NONE',  ( -3.499999999999999556, 3.615000000000001101, 2.300000000000000266 ) ) ;
#2420 = CARTESIAN_POINT ( 'NONE',  ( -1.900000000000000133, 5.368065933568310300, 0.2000000000000005107 ) ) ;
#2421 = LINE ( 'NONE', #509, #2425 ) ;
#2422 = DIRECTION ( 'NONE',  ( -1.000000000000000000, -0.000000000000000000, -0.000000000000000000 ) ) ;
#2423 = DIRECTION ( 'NONE',  ( 1.000000000000000000, -0.000000000000000000, -0.000000000000000000 ) ) ;
#2424 = EDGE_CURVE ( 'NONE', #2436, #2479, #3905, .T. ) ;
#2425 = VECTOR ( 'NONE', #1755, 1000.000000000000000 ) ;
#2426 = CARTESIAN_POINT ( 'NONE',  ( -4.330000000000000071, -3.899999999999999023, -2.990414518843198088 ) ) ;
#2427 = DIRECTION ( 'NONE',  ( 1.770125995894700463E-16, -1.000000000000000000, 0.000000000000000000 ) ) ;
#2428 = VECTOR ( 'NONE', #2562, 1000.000000000000000 ) ;
#2429 = DIRECTION ( 'NONE',  ( 1.000000000000000000, 1.015347001549929225E-15, -0.000000000000000000 ) ) ;
#2430 = CARTESIAN_POINT ( 'NONE',  ( -1.500000000000000444, 2.640000000000001013, 2.000000000000000444 ) ) ;
#2431 = DIRECTION ( 'NONE',  ( -1.000000000000000000, -0.000000000000000000, -0.000000000000000000 ) ) ;
#2432 = DIRECTION ( 'NONE',  ( -1.204669080539449344E-16, 1.000000000000000000, 0.000000000000000000 ) ) ;
#2433 = LINE ( 'NONE', #1468, #2416 ) ;
#2434 = DIRECTION ( 'NONE',  ( -1.327594496921025224E-16, 1.000000000000000000, -0.000000000000000000 ) ) ;
#2435 = CARTESIAN_POINT ( 'NONE',  ( 1.500000000000000444, 3.790000000000000924, 2.800000000000000266 ) ) ;
#2436 = VERTEX_POINT ( 'NONE', #3665 ) ;
#2437 = CARTESIAN_POINT ( 'NONE',  ( 4.300000000000000711, 1.000000000000000000, 2.299999999999999822 ) ) ;
#2438 = LINE ( 'NONE', #3910, #2463 ) ;
#2439 = CARTESIAN_POINT ( 'NONE',  ( 4.299999999999999822, 5.900000000000001243, -3.020000000000000018 ) ) ;
#2440 = VERTEX_POINT ( 'NONE', #2961 ) ;
#2441 = CARTESIAN_POINT ( 'NONE',  ( -2.499999999999999112, 8.500000000000000000, -1.699999999999999512 ) ) ;
#2442 = CARTESIAN_POINT ( 'NONE',  ( 2.906939798987516532, 5.900000000000000355, 9.880296045424104889 ) ) ;
#2443 = AXIS2_PLACEMENT_3D ( 'NONE', #1161, #2805, #3186 ) ;
#2444 = CIRCLE ( 'NONE', #2169, 1.449999999999999956 ) ;
#2445 = EDGE_CURVE ( 'NONE', #3105, #1256, #4020, .T. ) ;
#2446 = EDGE_CURVE ( 'NONE', #1974, #3945, #3977, .T. ) ;
#2447 = DIRECTION ( 'NONE',  ( -1.000000000000000000, 0.000000000000000000, -0.000000000000000000 ) ) ;
#2448 = EDGE_CURVE ( 'NONE', #2075, #821, #2574, .T. ) ;
#2449 = LINE ( 'NONE', #3729, #2509 ) ;
#2450 = EDGE_CURVE ( 'NONE', #1768, #1570, #3966, .T. ) ;
#2451 = CARTESIAN_POINT ( 'NONE',  ( -4.299999999999998934, 0.9999999999999995559, 9.880296045424104889 ) ) ;
#2452 = ORIENTED_EDGE ( 'NONE', *, *, #3749, .T. ) ;
#2453 = PLANE ( 'NONE',  #2220 ) ;
#2454 = ORIENTED_EDGE ( 'NONE', *, *, #534, .T. ) ;
#2455 = LINE ( 'NONE', #1862, #1016 ) ;
#2456 = EDGE_CURVE ( 'NONE', #1232, #3158, #3929, .T. ) ;
#2457 = CARTESIAN_POINT ( 'NONE',  ( -2.499999999999999112, -3.700000000000000178, 0.2000000000000005107 ) ) ;
#2458 = DIRECTION ( 'NONE',  ( 0.000000000000000000, 0.000000000000000000, -1.000000000000000000 ) ) ;
#2459 = ADVANCED_FACE ( 'NONE', ( #4027 ), #2630, .F. ) ;
#2460 = ORIENTED_EDGE ( 'NONE', *, *, #166, .T. ) ;
#2461 = CARTESIAN_POINT ( 'NONE',  ( -2.499999999999999112, 9.500000000000000000, -1.699999999999999512 ) ) ;
#2462 = VERTEX_POINT ( 'NONE', #3484 ) ;
#2463 = VECTOR ( 'NONE', #52, 1000.000000000000000 ) ;
#2464 = CARTESIAN_POINT ( 'NONE',  ( 2.125000000000001332, 9.500000000000000000, 1.350000000000000977 ) ) ;
#2465 = CARTESIAN_POINT ( 'NONE',  ( -4.367484939698309532, 15.37401153701776124, -0.1499999999999994393 ) ) ;
#2466 = ORIENTED_EDGE ( 'NONE', *, *, #3568, .F. ) ;
#2467 = CARTESIAN_POINT ( 'NONE',  ( -3.000000000000000000, 0.9999999999999997780, 0.2000000000000005107 ) ) ;
#2468 = DIRECTION ( 'NONE',  ( 0.000000000000000000, 0.000000000000000000, -1.000000000000000000 ) ) ;
#2469 = VERTEX_POINT ( 'NONE', #3036 ) ;
#2470 = STYLED_ITEM ( 'NONE', ( #2028 ), #15 ) ;
#2471 = ORIENTED_EDGE ( 'NONE', *, *, #228, .F. ) ;
#2472 = VERTEX_POINT ( 'NONE', #3068 ) ;
#2473 = CARTESIAN_POINT ( 'NONE',  ( 4.300000000000000711, 1.000000000000000000, -3.020000000000000018 ) ) ;
#2474 = DIRECTION ( 'NONE',  ( -1.000000000000000000, -0.000000000000000000, -0.000000000000000000 ) ) ;
#2475 = CARTESIAN_POINT ( 'NONE',  ( 1.500000000000000444, 3.215000000000000746, -0.5199999999999995737 ) ) ;
#2476 = ORIENTED_EDGE ( 'NONE', *, *, #3143, .F. ) ;
#2477 = VECTOR ( 'NONE', #889, 1000.000000000000000 ) ;
#2478 = CARTESIAN_POINT ( 'NONE',  ( 0.000000000000000000, 9.199999999999999289, 0.000000000000000000 ) ) ;
#2479 = VERTEX_POINT ( 'NONE', #3756 ) ;
#2480 = EDGE_CURVE ( 'NONE', #3945, #1273, #4005, .T. ) ;
#2481 = DIRECTION ( 'NONE',  ( 0.000000000000000000, 1.000000000000000000, 0.000000000000000000 ) ) ;
#2482 = FACE_OUTER_BOUND ( 'NONE', #551, .T. ) ;
#2483 = CARTESIAN_POINT ( 'NONE',  ( -4.330000000000000071, 6.599999999999999645, -2.409585481156657494 ) ) ;
#2484 = EDGE_CURVE ( 'NONE', #2985, #1150, #1116, .T. ) ;
#2485 = DIRECTION ( 'NONE',  ( -1.327594496921025224E-16, 1.000000000000000000, 0.000000000000000000 ) ) ;
#2486 = AXIS2_PLACEMENT_3D ( 'NONE', #3794, #1137, #2427 ) ;
#2487 = VERTEX_POINT ( 'NONE', #3980 ) ;
#2488 = CARTESIAN_POINT ( 'NONE',  ( 4.999999999999999112, 6.700000000000000178, 3.800000000000000266 ) ) ;
#2489 = AXIS2_PLACEMENT_3D ( 'NONE', #1146, #2417, #2700 ) ;
#2490 = DIRECTION ( 'NONE',  ( -1.000000000000000000, 0.000000000000000000, 0.000000000000000000 ) ) ;
#2491 = EDGE_CURVE ( 'NONE', #315, #4135, #1207, .T. ) ;
#2492 = VECTOR ( 'NONE', #2855, 1000.000000000000000 ) ;
#2493 = ORIENTED_EDGE ( 'NONE', *, *, #2889, .T. ) ;
#2494 = DIRECTION ( 'NONE',  ( 1.269183751937411383E-15, 1.000000000000000000, 0.000000000000000000 ) ) ;
#2495 = CARTESIAN_POINT ( 'NONE',  ( 3.500000000000000000, 3.790000000000000924, 2.800000000000000266 ) ) ;
#2496 = VECTOR ( 'NONE', #1193, 1000.000000000000000 ) ;
#2497 = PRESENTATION_LAYER_ASSIGNMENT (  '', '', ( #2153 ) ) ;
#2498 = PLANE ( 'NONE',  #2883 ) ;
#2499 = CARTESIAN_POINT ( 'NONE',  ( -4.299999999999998934, 0.9999999999999995559, -3.020000000000000018 ) ) ;
#2500 = ORIENTED_EDGE ( 'NONE', *, *, #2149, .F. ) ;
#2501 = ADVANCED_FACE ( 'NONE', ( #1221 ), #1429, .T. ) ;
#2502 = CARTESIAN_POINT ( 'NONE',  ( 4.299999999999999822, 5.900000000000001243, 2.800000000000000266 ) ) ;
#2503 = EDGE_CURVE ( 'NONE', #1445, #3112, #1214, .T. ) ;
#2504 = CARTESIAN_POINT ( 'NONE',  ( -2.874999999999998668, 9.199999999999999289, -0.1499999999999994671 ) ) ;
#2505 = DIRECTION ( 'NONE',  ( -0.000000000000000000, 0.000000000000000000, 1.000000000000000000 ) ) ;
#2506 = LINE ( 'NONE', #2054, #1104 ) ;
#2507 = CARTESIAN_POINT ( 'NONE',  ( -3.100000000000000089, 1.000000000000000000, 0.2000000000000005107 ) ) ;
#2508 = CARTESIAN_POINT ( 'NONE',  ( -3.050000000000000266, 10.81854696127649085, -1.550000000000000044 ) ) ;
#2509 = VECTOR ( 'NONE', #1824, 1000.000000000000000 ) ;
#2510 = CARTESIAN_POINT ( 'NONE',  ( -1.500000000000000000, 3.790000000000000924, 2.800000000000000266 ) ) ;
#2511 = AXIS2_PLACEMENT_3D ( 'NONE', #748, #1004, #1274 ) ;
#2512 = SURFACE_SIDE_STYLE ('',( #3897 ) ) ;
#2513 = DIRECTION ( 'NONE',  ( 0.000000000000000000, 0.000000000000000000, -1.000000000000000000 ) ) ;
#2514 = CARTESIAN_POINT ( 'NONE',  ( 0.7000000000000009548, 5.045748461694008924, 2.800000000000000266 ) ) ;
#2515 = DIRECTION ( 'NONE',  ( -0.000000000000000000, -0.000000000000000000, -1.000000000000000000 ) ) ;
#2516 = AXIS2_PLACEMENT_3D ( 'NONE', #840, #3126, #4025 ) ;
#2517 = EDGE_CURVE ( 'NONE', #300, #4102, #2582, .T. ) ;
#2518 = CARTESIAN_POINT ( 'NONE',  ( 4.300000000000000711, 1.000000000000000000, 9.880296045424104889 ) ) ;
#2519 = CARTESIAN_POINT ( 'NONE',  ( 0.7000000000000000666, 5.900000000000000355, 2.800000000000000266 ) ) ;
#2520 = EDGE_CURVE ( 'NONE', #1150, #93, #1159, .T. ) ;
#2521 = FACE_OUTER_BOUND ( 'NONE', #2246, .T. ) ;
#2522 = AXIS2_PLACEMENT_3D ( 'NONE', #3257, #1585, #3841 ) ;
#2523 = ADVANCED_FACE ( 'NONE', ( #2530 ), #3917, .T. ) ;
#2524 = CARTESIAN_POINT ( 'NONE',  ( 4.367484939698311308, 9.199999999999999289, -0.1499999999999994393 ) ) ;
#2525 = AXIS2_PLACEMENT_3D ( 'NONE', #1279, #311, #2598 ) ;
#2526 = EDGE_CURVE ( 'NONE', #100, #3789, #1171, .T. ) ;
#2527 = DIRECTION ( 'NONE',  ( 0.000000000000000000, 0.000000000000000000, 1.000000000000000000 ) ) ;
#2528 = DIRECTION ( 'NONE',  ( 1.000000000000000000, -0.000000000000000000, -0.000000000000000000 ) ) ;
#2529 = EDGE_CURVE ( 'NONE', #434, #2982, #2541, .T. ) ;
#2530 = FACE_OUTER_BOUND ( 'NONE', #690, .T. ) ;
#2531 = DIRECTION ( 'NONE',  ( 1.777380610631974876E-17, 0.000000000000000000, -1.000000000000000000 ) ) ;
#2532 = EDGE_LOOP ( 'NONE', ( #1926, #473, #1674, #1217 ) ) ;
#2533 = EDGE_CURVE ( 'NONE', #3284, #3038, #1139, .T. ) ;
#2534 = FACE_OUTER_BOUND ( 'NONE', #19, .T. ) ;
#2535 = AXIS2_PLACEMENT_3D ( 'NONE', #3519, #1226, #2830 ) ;
#2536 = DIRECTION ( 'NONE',  ( 2.224004456380522396E-16, -1.000000000000000000, -0.000000000000000000 ) ) ;
#2537 = ORIENTED_EDGE ( 'NONE', *, *, #1190, .T. ) ;
#2538 = PLANE ( 'NONE',  #907 ) ;
#2539 = DIRECTION ( 'NONE',  ( 0.000000000000000000, 0.000000000000000000, -1.000000000000000000 ) ) ;
#2540 = CARTESIAN_POINT ( 'NONE',  ( 2.875000000000001332, 9.199999999999999289, -0.1499999999999994671 ) ) ;
#2541 = LINE ( 'NONE', #2762, #3934 ) ;
#2542 = ORIENTED_EDGE ( 'NONE', *, *, #4016, .T. ) ;
#2543 = FILL_AREA_STYLE ('',( #662 ) ) ;
#2544 = CARTESIAN_POINT ( 'NONE',  ( -2.499999999999999112, 9.199999999999999289, 0.2000000000000005107 ) ) ;
#2545 = PLANE ( 'NONE',  #1773 ) ;
#2546 = VECTOR ( 'NONE', #3205, 1000.000000000000000 ) ;
#2547 = DIRECTION ( 'NONE',  ( -1.000000000000000000, 0.000000000000000000, -0.000000000000000000 ) ) ;
#2548 = VERTEX_POINT ( 'NONE', #1493 ) ;
#2549 = ADVANCED_FACE ( 'NONE', ( #1290 ), #2143, .T. ) ;
#2550 = DIRECTION ( 'NONE',  ( 8.673617379884037444E-16, 0.000000000000000000, -1.000000000000000000 ) ) ;
#2551 = PRESENTATION_LAYER_ASSIGNMENT (  '', '', ( #472 ) ) ;
#2552 = VECTOR ( 'NONE', #2270, 1000.000000000000000 ) ;
#2553 = ADVANCED_FACE ( 'NONE', ( #2753 ), #4030, .F. ) ;
#2554 = DIRECTION ( 'NONE',  ( 0.000000000000000000, -1.000000000000000000, 0.000000000000000000 ) ) ;
#2555 = ORIENTED_EDGE ( 'NONE', *, *, #2720, .T. ) ;
#2556 = CARTESIAN_POINT ( 'NONE',  ( -1.999999999999999112, -3.700000000000000178, 0.2000000000000005662 ) ) ;
#2557 = AXIS2_PLACEMENT_3D ( 'NONE', #374, #1237, #743 ) ;
#2558 = VECTOR ( 'NONE', #723, 1000.000000000000000 ) ;
#2559 = DIRECTION ( 'NONE',  ( 2.224004456380522396E-16, -1.000000000000000000, -0.000000000000000000 ) ) ;
#2560 = ORIENTED_EDGE ( 'NONE', *, *, #2456, .T. ) ;
#2561 = AXIS2_PLACEMENT_3D ( 'NONE', #931, #3777, #2527 ) ;
#2562 = DIRECTION ( 'NONE',  ( 2.224004456380522396E-16, -1.000000000000000000, -0.000000000000000000 ) ) ;
#2563 = CARTESIAN_POINT ( 'NONE',  ( 0.000000000000000000, 0.000000000000000000, 2.300000000000000266 ) ) ;
#2564 = CARTESIAN_POINT ( 'NONE',  ( 0.6325150603016909123, 15.37401153701776124, -0.1499999999999994393 ) ) ;
#2565 = DIRECTION ( 'NONE',  ( -0.000000000000000000, -1.000000000000000000, -0.000000000000000000 ) ) ;
#2566 = AXIS2_PLACEMENT_3D ( 'NONE', #705, #469, #3649 ) ;
#2567 = VECTOR ( 'NONE', #2481, 1000.000000000000000 ) ;
#2568 = CARTESIAN_POINT ( 'NONE',  ( -2.499999999999999112, 8.500000000000000000, 0.2000000000000005107 ) ) ;
#2569 = DIRECTION ( 'NONE',  ( -1.000000000000000000, -0.000000000000000000, -0.000000000000000000 ) ) ;
#2570 = EDGE_LOOP ( 'NONE', ( #3254, #2034, #1635, #3222, #1804, #2264 ) ) ;
#2571 = EDGE_CURVE ( 'NONE', #1957, #2937, #4083, .T. ) ;
#2572 = SURFACE_SIDE_STYLE ('',( #2802 ) ) ;
#2573 = DIRECTION ( 'NONE',  ( 1.000000000000000000, 0.000000000000000000, 0.000000000000000000 ) ) ;
#2574 = CIRCLE ( 'NONE', #3529, 2.000000000000000000 ) ;
#2575 =( GEOMETRIC_REPRESENTATION_CONTEXT ( 3 ) GLOBAL_UNCERTAINTY_ASSIGNED_CONTEXT ( ( #1745 ) ) GLOBAL_UNIT_ASSIGNED_CONTEXT ( ( #3291, #3867, #2649 ) ) REPRESENTATION_CONTEXT ( 'NONE', 'WORKASPACE' ) );
#2576 = EDGE_CURVE ( 'NONE', #1421, #1583, #4160, .T. ) ;
#2577 = CARTESIAN_POINT ( 'NONE',  ( -4.530000000000000249, 6.599999999999999645, -2.409585481156657938 ) ) ;
#2578 = ORIENTED_EDGE ( 'NONE', *, *, #414, .F. ) ;
#2579 = DIRECTION ( 'NONE',  ( 1.000000000000000000, 1.770125995894700463E-16, -0.000000000000000000 ) ) ;
#2580 = EDGE_CURVE ( 'NONE', #661, #3307, #4111, .T. ) ;
#2581 = DIRECTION ( 'NONE',  ( -0.000000000000000000, 1.000000000000000000, -0.000000000000000000 ) ) ;
#2582 = LINE ( 'NONE', #2171, #3909 ) ;
#2583 = EDGE_CURVE ( 'NONE', #475, #1580, #2708, .T. ) ;
#2584 = DIRECTION ( 'NONE',  ( -0.000000000000000000, 1.000000000000000000, -0.000000000000000000 ) ) ;
#2585 = ORIENTED_EDGE ( 'NONE', *, *, #3722, .F. ) ;
#2586 = CARTESIAN_POINT ( 'NONE',  ( 4.299999999999999822, 5.900000000000001243, 2.299999999999999822 ) ) ;
#2587 = AXIS2_PLACEMENT_3D ( 'NONE', #2657, #2393, #487 ) ;
#2588 = CARTESIAN_POINT ( 'NONE',  ( -1.500000000000000222, 3.215000000000000746, -5.101015377165675879 ) ) ;
#2589 = FACE_OUTER_BOUND ( 'NONE', #2913, .T. ) ;
#2590 = DIRECTION ( 'NONE',  ( 0.000000000000000000, 0.000000000000000000, 1.000000000000000000 ) ) ;
#2591 = EDGE_LOOP ( 'NONE', ( #3124, #267 ) ) ;
#2592 = DIRECTION ( 'NONE',  ( -0.000000000000000000, -1.000000000000000000, -0.000000000000000000 ) ) ;
#2593 = DIRECTION ( 'NONE',  ( -0.000000000000000000, -0.000000000000000000, 1.000000000000000000 ) ) ;
#2594 = VECTOR ( 'NONE', #2243, 1000.000000000000000 ) ;
#2595 = APPLICATION_CONTEXT ( 'automotive_design' ) ;
#2596 = ADVANCED_FACE ( 'NONE', ( #4053 ), #474, .F. ) ;
#2597 = ORIENTED_EDGE ( 'NONE', *, *, #3335, .F. ) ;
#2598 = DIRECTION ( 'NONE',  ( 1.000000000000000000, 0.000000000000000000, -0.000000000000000000 ) ) ;
#2599 = DIRECTION ( 'NONE',  ( 0.000000000000000000, 1.000000000000000000, 0.000000000000000000 ) ) ;
#2600 = DIRECTION ( 'NONE',  ( 0.000000000000000000, 0.000000000000000000, -1.000000000000000000 ) ) ;
#2601 = FACE_OUTER_BOUND ( 'NONE', #3375, .T. ) ;
#2602 = CARTESIAN_POINT ( 'NONE',  ( 1.900000000000000133, 0.000000000000000000, 0.2000000000000005107 ) ) ;
#2603 = ORIENTED_EDGE ( 'NONE', *, *, #2529, .F. ) ;
#2604 = ORIENTED_EDGE ( 'NONE', *, *, #3861, .F. ) ;
#2605 = CARTESIAN_POINT ( 'NONE',  ( 0.6325150603016909123, 9.199999999999999289, 0.5500000000000004885 ) ) ;
#2606 = FACE_OUTER_BOUND ( 'NONE', #3671, .T. ) ;
#2607 = DIRECTION ( 'NONE',  ( 1.000000000000000000, 0.000000000000000000, 0.000000000000000000 ) ) ;
#2608 = ORIENTED_EDGE ( 'NONE', *, *, #294, .F. ) ;
#2609 = AXIS2_PLACEMENT_3D ( 'NONE', #2044, #1784, #3475 ) ;
#2610 = ORIENTED_EDGE ( 'NONE', *, *, #2580, .T. ) ;
#2611 = CARTESIAN_POINT ( 'NONE',  ( 3.050000000000000711, 8.817654389267289616, -2.649999999999999467 ) ) ;
#2612 = EDGE_CURVE ( 'NONE', #1570, #3217, #4148, .T. ) ;
#2613 = PRESENTATION_LAYER_ASSIGNMENT (  '', '', ( #2826 ) ) ;
#2614 = DIRECTION ( 'NONE',  ( 1.000000000000000000, 0.000000000000000000, 0.000000000000000000 ) ) ;
#2615 = EDGE_LOOP ( 'NONE', ( #2829, #193, #94, #1507, #173 ) ) ;
#2616 = ORIENTED_EDGE ( 'NONE', *, *, #4019, .F. ) ;
#2617 = AXIS2_PLACEMENT_3D ( 'NONE', #2478, #2216, #865 ) ;
#2618 = EDGE_CURVE ( 'NONE', #616, #1788, #2731, .T. ) ;
#2619 = CARTESIAN_POINT ( 'NONE',  ( -2.499999999999999112, 5.900000000000000355, -2.649999999999999467 ) ) ;
#2620 = CARTESIAN_POINT ( 'NONE',  ( -5.000000000000000888, 10.00000000000000000, -3.799999999999999378 ) ) ;
#2621 = EDGE_CURVE ( 'NONE', #3992, #3105, #4140, .T. ) ;
#2622 = LINE ( 'NONE', #3805, #4000 ) ;
#2623 = EDGE_CURVE ( 'NONE', #32, #26, #1335, .T. ) ;
#2624 = DIRECTION ( 'NONE',  ( -0.000000000000000000, 1.000000000000000000, -0.000000000000000000 ) ) ;
#2625 = ORIENTED_EDGE ( 'NONE', *, *, #1413, .F. ) ;
#2626 = ORIENTED_EDGE ( 'NONE', *, *, #2033, .F. ) ;
#2627 = CARTESIAN_POINT ( 'NONE',  ( 1.950000000000000844, 5.900000000000000355, -2.649999999999999467 ) ) ;
#2628 = DIRECTION ( 'NONE',  ( 0.000000000000000000, 0.000000000000000000, -1.000000000000000000 ) ) ;
#2629 = EDGE_CURVE ( 'NONE', #3325, #3253, #1263, .T. ) ;
#2630 = CYLINDRICAL_SURFACE ( 'NONE', #4166, 0.5999999999999998668 ) ;
#2631 = AXIS2_PLACEMENT_3D ( 'NONE', #1506, #1478, #257 ) ;
#2632 = DIRECTION ( 'NONE',  ( 1.000000000000000000, -0.000000000000000000, 0.000000000000000000 ) ) ;
#2633 = ADVANCED_FACE ( 'NONE', ( #1370, #2688 ), #692, .F. ) ;
#2634 = EDGE_LOOP ( 'NONE', ( #356, #1709, #4129, #3938 ) ) ;
#2635 = ORIENTED_EDGE ( 'NONE', *, *, #639, .T. ) ;
#2636 = CARTESIAN_POINT ( 'NONE',  ( -5.000000000000000888, 6.700000000000000178, 3.750000000000000444 ) ) ;
#2637 = DIRECTION ( 'NONE',  ( -1.000000000000000000, -2.409338161078898687E-16, 0.000000000000000000 ) ) ;
#2638 = CARTESIAN_POINT ( 'NONE',  ( 4.299999999999999822, 5.900000000000001243, -3.020000000000000018 ) ) ;
#2639 = VECTOR ( 'NONE', #2293, 1000.000000000000000 ) ;
#2640 = AXIS2_PLACEMENT_3D ( 'NONE', #2366, #2689, #1323 ) ;
#2641 = CARTESIAN_POINT ( 'NONE',  ( 1.500000000000000444, 3.440000000000000835, 2.800000000000000266 ) ) ;
#2642 = VERTEX_POINT ( 'NONE', #938 ) ;
#2643 = CARTESIAN_POINT ( 'NONE',  ( -2.500000000000000000, 1.000000000000000000, 0.2000000000000005107 ) ) ;
#2644 = ORIENTED_EDGE ( 'NONE', *, *, #47, .F. ) ;
#2645 = LINE ( 'NONE', #2820, #2546 ) ;
#2646 = CARTESIAN_POINT ( 'NONE',  ( 4.300000000000000711, 1.000000000000000000, -3.020000000000000018 ) ) ;
#2647 = ORIENTED_EDGE ( 'NONE', *, *, #2686, .T. ) ;
#2648 = ORIENTED_EDGE ( 'NONE', *, *, #3937, .T. ) ;
#2649 =( NAMED_UNIT ( * ) SI_UNIT ( $, .STERADIAN. ) SOLID_ANGLE_UNIT ( ) );
#2650 = DIRECTION ( 'NONE',  ( -1.112002228190260952E-16, 1.000000000000000000, -0.000000000000000000 ) ) ;
#2651 = CYLINDRICAL_SURFACE ( 'NONE', #2895, 0.5000000000000000000 ) ;
#2652 = DIRECTION ( 'NONE',  ( 0.000000000000000000, 0.000000000000000000, 1.000000000000000000 ) ) ;
#2653 = ORIENTED_EDGE ( 'NONE', *, *, #2446, .F. ) ;
#2654 = VERTEX_POINT ( 'NONE', #3852 ) ;
#2655 = CARTESIAN_POINT ( 'NONE',  ( 1.050000000000000044, 2.999999999999999112, 2.300000000000000266 ) ) ;
#2656 = PLANE ( 'NONE',  #2185 ) ;
#2657 = CARTESIAN_POINT ( 'NONE',  ( -3.499999999999999556, 3.615000000000001101, 1.900000000000000577 ) ) ;
#2658 = ORIENTED_EDGE ( 'NONE', *, *, #647, .F. ) ;
#2659 = ORIENTED_EDGE ( 'NONE', *, *, #51, .F. ) ;
#2660 = DIRECTION ( 'NONE',  ( 1.000000000000000000, 0.000000000000000000, 0.000000000000000000 ) ) ;
#2661 = AXIS2_PLACEMENT_3D ( 'NONE', #3903, #765, #3700 ) ;
#2662 = VERTEX_POINT ( 'NONE', #1187 ) ;
#2663 = EDGE_LOOP ( 'NONE', ( #1225, #3090, #3341, #1608, #450, #3010, #1700 ) ) ;
#2664 = DIRECTION ( 'NONE',  ( 0.000000000000000000, 0.000000000000000000, -1.000000000000000000 ) ) ;
#2665 = ORIENTED_EDGE ( 'NONE', *, *, #2445, .F. ) ;
#2666 = EDGE_CURVE ( 'NONE', #334, #1337, #4178, .T. ) ;
#2667 = AXIS2_PLACEMENT_3D ( 'NONE', #3360, #46, #787 ) ;
#2668 = VECTOR ( 'NONE', #30, 1000.000000000000000 ) ;
#2669 = ORIENTED_EDGE ( 'NONE', *, *, #2178, .T. ) ;
#2670 = VECTOR ( 'NONE', #2423, 1000.000000000000000 ) ;
#2671 = EDGE_CURVE ( 'NONE', #3267, #2801, #1385, .T. ) ;
#2672 = DIRECTION ( 'NONE',  ( -3.771137991253929066E-16, -1.000000000000000000, 0.000000000000000000 ) ) ;
#2673 = ORIENTED_EDGE ( 'NONE', *, *, #41, .F. ) ;
#2674 = CARTESIAN_POINT ( 'NONE',  ( -2.124999999999998668, 9.500000000000000000, -0.1499999999999994671 ) ) ;
#2675 = CARTESIAN_POINT ( 'NONE',  ( -1.050000000000000044, 2.999999999999999112, -3.799999999999998934 ) ) ;
#2676 = ORIENTED_EDGE ( 'NONE', *, *, #4123, .T. ) ;
#2677 = LINE ( 'NONE', #629, #4 ) ;
#2678 = CARTESIAN_POINT ( 'NONE',  ( -4.399999999999999467, 9.199999999999999289, 0.5500000000000004885 ) ) ;
#2679 = PLANE ( 'NONE',  #4010 ) ;
#2680 = EDGE_CURVE ( 'NONE', #2219, #3870, #1397, .T. ) ;
#2681 = ORIENTED_EDGE ( 'NONE', *, *, #916, .F. ) ;
#2682 = ORIENTED_EDGE ( 'NONE', *, *, #2526, .F. ) ;
#2683 = CARTESIAN_POINT ( 'NONE',  ( -3.499999999999999556, 2.640000000000001013, -0.5199999999999995737 ) ) ;
#2684 = DIRECTION ( 'NONE',  ( 0.000000000000000000, 0.000000000000000000, 1.000000000000000000 ) ) ;
#2685 = LINE ( 'NONE', #556, #4060 ) ;
#2686 = EDGE_CURVE ( 'NONE', #2866, #3145, #1317, .T. ) ;
#2687 = ORIENTED_EDGE ( 'NONE', *, *, #1182, .T. ) ;
#2688 = FACE_OUTER_BOUND ( 'NONE', #3116, .T. ) ;
#2689 = DIRECTION ( 'NONE',  ( 0.000000000000000000, 0.000000000000000000, -1.000000000000000000 ) ) ;
#2690 = ORIENTED_EDGE ( 'NONE', *, *, #1106, .F. ) ;
#2692 = CLOSED_SHELL ( 'NONE', ( #1203, #2553, #3998, #1633, #3500, #3848, #1454, #1601, #1134, #2136, #2501, #771, #614, #285 ) ) ;
#2691 = EDGE_CURVE ( 'NONE', #1555, #1545, #1402, .T. ) ;
#2693 = FACE_BOUND ( 'NONE', #3219, .T. ) ;
#2694 = ORIENTED_EDGE ( 'NONE', *, *, #994, .T. ) ;
#2695 = VECTOR ( 'NONE', #2311, 1000.000000000000000 ) ;
#2696 = EDGE_LOOP ( 'NONE', ( #506, #3465, #3446, #3851 ) ) ;
#2697 = DIRECTION ( 'NONE',  ( 0.000000000000000000, 1.000000000000000000, 0.000000000000000000 ) ) ;
#2698 = CIRCLE ( 'NONE', #2203, 0.5500000000000001554 ) ;
#2699 = ORIENTED_EDGE ( 'NONE', *, *, #1699, .F. ) ;
#2700 = DIRECTION ( 'NONE',  ( 0.000000000000000000, 0.000000000000000000, -1.000000000000000000 ) ) ;
#2701 = DIRECTION ( 'NONE',  ( 0.000000000000000000, 1.000000000000000000, -0.000000000000000000 ) ) ;
#2702 = ADVANCED_FACE ( 'NONE', ( #4121 ), #3265, .F. ) ;
#2703 = EDGE_LOOP ( 'NONE', ( #1436, #523, #1258, #3087 ) ) ;
#2704 = PLANE ( 'NONE',  #1115 ) ;
#2705 = FACE_OUTER_BOUND ( 'NONE', #395, .T. ) ;
#2706 = MANIFOLD_SOLID_BREP ( 'LPattern2[2]', #3278 ) ;
#2707 = ORIENTED_EDGE ( 'NONE', *, *, #3377, .T. ) ;
#2708 = CIRCLE ( 'NONE', #3922, 0.4999999999999998890 ) ;
#2709 = CARTESIAN_POINT ( 'NONE',  ( -4.299999999999998934, 5.045748461694008924, 2.800000000000000266 ) ) ;
#2710 = ORIENTED_EDGE ( 'NONE', *, *, #3885, .T. ) ;
#2711 = CARTESIAN_POINT ( 'NONE',  ( 4.999999999999999112, 10.00000000000000000, 3.800000000000000266 ) ) ;
#2712 = DIRECTION ( 'NONE',  ( 1.000000000000000000, 0.000000000000000000, 0.000000000000000000 ) ) ;
#2713 = LINE ( 'NONE', #2716, #2782 ) ;
#2714 = VERTEX_POINT ( 'NONE', #2884 ) ;
#2715 = VECTOR ( 'NONE', #718, 1000.000000000000000 ) ;
#2716 = CARTESIAN_POINT ( 'NONE',  ( 4.299999999999998934, 5.045748461694009812, 2.300000000000000266 ) ) ;
#2717 = VERTEX_POINT ( 'NONE', #383 ) ;
#2718 = AXIS2_PLACEMENT_3D ( 'NONE', #3675, #3927, #3901 ) ;
#2719 =( BOUNDED_CURVE ( )  B_SPLINE_CURVE ( 3, ( #3224, #1307, #683, #2304 ),
 .UNSPECIFIED., .F., .F. ) 
 B_SPLINE_CURVE_WITH_KNOTS ( ( 4, 4 ),
 ( 1.570796326794896558, 4.712388980384689674 ),
 .UNSPECIFIED. ) 
 CURVE ( )  GEOMETRIC_REPRESENTATION_ITEM ( )  RATIONAL_B_SPLINE_CURVE ( ( 1.000000000000000000, 0.3333333333333333703, 0.3333333333333333703, 1.000000000000000000 ) ) 
 REPRESENTATION_ITEM ( '' )  );
#2720 = EDGE_CURVE ( 'NONE', #2277, #1261, #2761, .T. ) ;
#2721 = FILL_AREA_STYLE_COLOUR ( '', #1592 ) ;
#2722 = LINE ( 'NONE', #726, #4127 ) ;
#2723 = ORIENTED_EDGE ( 'NONE', *, *, #2190, .T. ) ;
#2724 = VECTOR ( 'NONE', #853, 1000.000000000000000 ) ;
#2725 = ORIENTED_EDGE ( 'NONE', *, *, #3713, .F. ) ;
#2726 = VERTEX_POINT ( 'NONE', #3231 ) ;
#2727 = DIRECTION ( 'NONE',  ( -1.327594496921025224E-16, 1.000000000000000000, 0.000000000000000000 ) ) ;
#2728 = DIRECTION ( 'NONE',  ( -0.000000000000000000, 1.000000000000000000, -0.000000000000000000 ) ) ;
#2729 = SURFACE_STYLE_FILL_AREA ( #1523 ) ;
#2730 = ORIENTED_EDGE ( 'NONE', *, *, #3843, .T. ) ;
#2731 = LINE ( 'NONE', #2031, #4100 ) ;
#2732 = CARTESIAN_POINT ( 'NONE',  ( 3.499999999999999556, 2.640000000000001013, 2.800000000000000266 ) ) ;
#2733 = CARTESIAN_POINT ( 'NONE',  ( -2.499999999999999112, 5.900000000000000355, -2.649999999999999467 ) ) ;
#2734 = EDGE_LOOP ( 'NONE', ( #578, #2919, #1911, #868, #1991, #3882, #1473, #1940 ) ) ;
#2735 = VECTOR ( 'NONE', #3218, 1000.000000000000000 ) ;
#2736 = EDGE_CURVE ( 'NONE', #1055, #1570, #2677, .T. ) ;
#2737 = EDGE_LOOP ( 'NONE', ( #2755, #2870, #64, #2972 ) ) ;
#2738 = PRESENTATION_STYLE_ASSIGNMENT (( #243 ) ) ;
#2739 = CARTESIAN_POINT ( 'NONE',  ( -5.000000000000000888, 10.00000000000000000, 3.800000000000000266 ) ) ;
#2740 = ADVANCED_FACE ( 'NONE', ( #1359 ), #1247, .F. ) ;
#2741 = ORIENTED_EDGE ( 'NONE', *, *, #3855, .T. ) ;
#2742 = ORIENTED_EDGE ( 'NONE', *, *, #1594, .F. ) ;
#2743 = CARTESIAN_POINT ( 'NONE',  ( -0.7000000000000009548, 5.045748461694009812, 2.800000000000000266 ) ) ;
#2744 = EDGE_CURVE ( 'NONE', #3357, #3418, #4076, .T. ) ;
#2745 = CARTESIAN_POINT ( 'NONE',  ( 4.999999999999999112, 10.00000000000000000, -3.799999999999999378 ) ) ;
#2746 = DIRECTION ( 'NONE',  ( -0.000000000000000000, -0.000000000000000000, 1.000000000000000000 ) ) ;
#2747 = PRESENTATION_STYLE_ASSIGNMENT (( #77 ) ) ;
#2748 = ORIENTED_EDGE ( 'NONE', *, *, #586, .F. ) ;
#2749 = ORIENTED_EDGE ( 'NONE', *, *, #2040, .T. ) ;
#2750 = EDGE_LOOP ( 'NONE', ( #1726, #3681, #2694, #1289, #2537, #43, #266, #310 ) ) ;
#2751 = FACE_OUTER_BOUND ( 'NONE', #3624, .T. ) ;
#2752 = ORIENTED_EDGE ( 'NONE', *, *, #4062, .T. ) ;
#2753 = FACE_OUTER_BOUND ( 'NONE', #447, .T. ) ;
#2754 = VERTEX_POINT ( 'NONE', #987 ) ;
#2755 = ORIENTED_EDGE ( 'NONE', *, *, #2680, .F. ) ;
#2756 = CARTESIAN_POINT ( 'NONE',  ( 2.500000000000000000, 2.999999999999999112, -3.799999999999998934 ) ) ;
#2757 = ADVANCED_FACE ( 'NONE', ( #2768 ), #3872, .F. ) ;
#2758 = CARTESIAN_POINT ( 'NONE',  ( -2.874999999999998668, 9.199999999999999289, -0.9499999999999990674 ) ) ;
#2759 = FACE_OUTER_BOUND ( 'NONE', #380, .T. ) ;
#2760 = ORIENTED_EDGE ( 'NONE', *, *, #4123, .F. ) ;
#2761 = LINE ( 'NONE', #2344, #2715 ) ;
#2762 = CARTESIAN_POINT ( 'NONE',  ( 1.900000000000000133, 0.000000000000000000, 0.2000000000000005107 ) ) ;
#2763 = DIRECTION ( 'NONE',  ( 1.000000000000000000, 0.000000000000000000, 0.000000000000000000 ) ) ;
#2764 = ORIENTED_EDGE ( 'NONE', *, *, #2192, .F. ) ;
#2765 = LINE ( 'NONE', #3585, #4176 ) ;
#2766 = ORIENTED_EDGE ( 'NONE', *, *, #3022, .T. ) ;
#2767 = CARTESIAN_POINT ( 'NONE',  ( 1.899999999999999689, 0.9999999999999997780, 3.800000000000000266 ) ) ;
#2768 = FACE_OUTER_BOUND ( 'NONE', #1719, .T. ) ;
#2769 = CARTESIAN_POINT ( 'NONE',  ( 3.499999999999999556, 3.215000000000000746, -5.101015377165675879 ) ) ;
#2770 = VERTEX_POINT ( 'NONE', #2655 ) ;
#2771 = CARTESIAN_POINT ( 'NONE',  ( 4.400000000000001243, 9.199999999999999289, -0.1499999999999994393 ) ) ;
#2772 = DIRECTION ( 'NONE',  ( 1.000000000000000000, 0.000000000000000000, 0.000000000000000000 ) ) ;
#2773 = AXIS2_PLACEMENT_3D ( 'NONE', #761, #431, #995 ) ;
#2774 = ORIENTED_EDGE ( 'NONE', *, *, #3132, .F. ) ;
#2775 = AXIS2_PLACEMENT_3D ( 'NONE', #2793, #989, #248 ) ;
#2776 = EDGE_CURVE ( 'NONE', #4138, #2714, #1377, .T. ) ;
#2777 = ORIENTED_EDGE ( 'NONE', *, *, #2271, .T. ) ;
#2778 = EDGE_CURVE ( 'NONE', #2469, #1778, #2789, .T. ) ;
#2779 = CARTESIAN_POINT ( 'NONE',  ( 0.7000000000000009548, 5.045748461694008924, 2.300000000000000266 ) ) ;
#2780 = EDGE_CURVE ( 'NONE', #388, #2985, #2796, .T. ) ;
#2781 = AXIS2_PLACEMENT_3D ( 'NONE', #1079, #1392, #1 ) ;
#2782 = VECTOR ( 'NONE', #2494, 1000.000000000000000 ) ;
#2783 = ORIENTED_EDGE ( 'NONE', *, *, #3795, .T. ) ;
#2784 = VECTOR ( 'NONE', #2327, 1000.000000000000000 ) ;
#2785 = EDGE_CURVE ( 'NONE', #1035, #3660, #4170, .T. ) ;
#2786 = EDGE_LOOP ( 'NONE', ( #3069, #2665 ) ) ;
#2787 = DIRECTION ( 'NONE',  ( -1.000000000000000000, 0.000000000000000000, 0.000000000000000000 ) ) ;
#2788 = ORIENTED_EDGE ( 'NONE', *, *, #1452, .F. ) ;
#2789 = LINE ( 'NONE', #516, #1391 ) ;
#2790 = DIRECTION ( 'NONE',  ( 0.000000000000000000, 0.000000000000000000, -1.000000000000000000 ) ) ;
#2791 = CARTESIAN_POINT ( 'NONE',  ( -5.000000000000000888, 6.700000000000000178, 3.750000000000000444 ) ) ;
#2792 = ORIENTED_EDGE ( 'NONE', *, *, #703, .F. ) ;
#2793 = CARTESIAN_POINT ( 'NONE',  ( 2.500000000000000888, 9.199999999999999289, 0.2000000000000005107 ) ) ;
#2794 = ORIENTED_EDGE ( 'NONE', *, *, #2424, .T. ) ;
#2795 = DIRECTION ( 'NONE',  ( -1.000000000000000000, -0.000000000000000000, -0.000000000000000000 ) ) ;
#2796 = LINE ( 'NONE', #3688, #2724 ) ;
#2797 = CARTESIAN_POINT ( 'NONE',  ( 2.500000000000000888, 9.199999999999999289, 0.2000000000000005107 ) ) ;
#2798 = ORIENTED_EDGE ( 'NONE', *, *, #3885, .F. ) ;
#2799 = DIRECTION ( 'NONE',  ( -0.000000000000000000, 1.000000000000000000, -0.000000000000000000 ) ) ;
#2800 = CARTESIAN_POINT ( 'NONE',  ( -2.093060201012483468, 5.900000000000000355, -3.020000000000000018 ) ) ;
#2801 = VERTEX_POINT ( 'NONE', #2627 ) ;
#2802 = SURFACE_STYLE_FILL_AREA ( #2543 ) ;
#2803 = ORIENTED_EDGE ( 'NONE', *, *, #2819, .T. ) ;
#2804 = DIRECTION ( 'NONE',  ( -1.000000000000000000, 0.000000000000000000, 0.000000000000000000 ) ) ;
#2805 = DIRECTION ( 'NONE',  ( -1.000000000000000000, 0.000000000000000000, 0.000000000000000000 ) ) ;
#2806 = LINE ( 'NONE', #2426, #1275 ) ;
#2807 = ORIENTED_EDGE ( 'NONE', *, *, #3483, .T. ) ;
#2808 = ORIENTED_EDGE ( 'NONE', *, *, #1235, .T. ) ;
#2809 = AXIS2_PLACEMENT_3D ( 'NONE', #2023, #1557, #1951 ) ;
#2810 = CARTESIAN_POINT ( 'NONE',  ( -0.6999999999999992895, 1.000000000000000000, -3.020000000000000018 ) ) ;
#2811 = LINE ( 'NONE', #2499, #4167 ) ;
#2812 = VERTEX_POINT ( 'NONE', #3082 ) ;
#2813 = LINE ( 'NONE', #2132, #88 ) ;
#2814 = DIRECTION ( 'NONE',  ( 0.000000000000000000, 0.000000000000000000, -1.000000000000000000 ) ) ;
#2815 = DIRECTION ( 'NONE',  ( 1.770125995894700463E-16, -1.000000000000000000, 0.000000000000000000 ) ) ;
#2816 = VERTEX_POINT ( 'NONE', #1833 ) ;
#2817 = AXIS2_PLACEMENT_3D ( 'NONE', #306, #685, #963 ) ;
#2818 = EDGE_LOOP ( 'NONE', ( #1902, #1495, #3423, #2971 ) ) ;
#2819 = EDGE_CURVE ( 'NONE', #81, #3337, #127, .T. ) ;
#2820 = CARTESIAN_POINT ( 'NONE',  ( -0.7000000000000009548, 5.045748461694009812, 2.300000000000000266 ) ) ;
#2821 = LINE ( 'NONE', #3514, #2668 ) ;
#2822 = VERTEX_POINT ( 'NONE', #1048 ) ;
#2823 = LINE ( 'NONE', #2934, #20 ) ;
#2824 = EDGE_CURVE ( 'NONE', #3458, #407, #1574, .T. ) ;
#2825 = DIRECTION ( 'NONE',  ( -1.000000000000000000, 0.000000000000000000, 0.000000000000000000 ) ) ;
#2826 = STYLED_ITEM ( 'NONE', ( #1679 ), #3344 ) ;
#2827 = ORIENTED_EDGE ( 'NONE', *, *, #3383, .F. ) ;
#2828 = DIRECTION ( 'NONE',  ( 0.000000000000000000, 0.000000000000000000, -1.000000000000000000 ) ) ;
#2829 = ORIENTED_EDGE ( 'NONE', *, *, #2310, .F. ) ;
#2830 = DIRECTION ( 'NONE',  ( 0.000000000000000000, 0.000000000000000000, -1.000000000000000000 ) ) ;
#2831 = ORIENTED_EDGE ( 'NONE', *, *, #2533, .F. ) ;
#2832 = VERTEX_POINT ( 'NONE', #2441 ) ;
#2833 = CARTESIAN_POINT ( 'NONE',  ( -1.900000000000000133, 0.000000000000000000, 0.2000000000000005107 ) ) ;
#2834 = LINE ( 'NONE', #3697, #27 ) ;
#2835 = ORIENTED_EDGE ( 'NONE', *, *, #3680, .F. ) ;
#2836 = DIRECTION ( 'NONE',  ( -0.5372996083468184469, -0.8433914458128891622, 0.000000000000000000 ) ) ;
#2837 = ORIENTED_EDGE ( 'NONE', *, *, #2189, .T. ) ;
#2838 = EDGE_CURVE ( 'NONE', #1256, #3105, #65, .T. ) ;
#2839 = EDGE_LOOP ( 'NONE', ( #3020, #1670, #2852, #1729 ) ) ;
#2840 = VECTOR ( 'NONE', #1347, 1000.000000000000000 ) ;
#2841 = AXIS2_PLACEMENT_3D ( 'NONE', #226, #323, #2490 ) ;
#2842 = ORIENTED_EDGE ( 'NONE', *, *, #347, .T. ) ;
#2843 = DIRECTION ( 'NONE',  ( 2.224004456380522396E-16, -1.000000000000000000, 0.000000000000000000 ) ) ;
#2844 = DIRECTION ( 'NONE',  ( 1.000000000000000000, 0.000000000000000000, 0.000000000000000000 ) ) ;
#2845 = ORIENTED_EDGE ( 'NONE', *, *, #3490, .F. ) ;
#2846 = ORIENTED_EDGE ( 'NONE', *, *, #4139, .T. ) ;
#2847 = ORIENTED_EDGE ( 'NONE', *, *, #2824, .T. ) ;
#2848 = EDGE_CURVE ( 'NONE', #78, #3834, #169, .T. ) ;
#2849 = LINE ( 'NONE', #1384, #35 ) ;
#2850 =( NAMED_UNIT ( * ) PLANE_ANGLE_UNIT ( ) SI_UNIT ( $, .RADIAN. ) );
#2851 = DIRECTION ( 'NONE',  ( 0.000000000000000000, 0.000000000000000000, 1.000000000000000000 ) ) ;
#2852 = ORIENTED_EDGE ( 'NONE', *, *, #1362, .F. ) ;
#2853 = AXIS2_PLACEMENT_3D ( 'NONE', #4035, #1170, #1537 ) ;
#2854 = ORIENTED_EDGE ( 'NONE', *, *, #964, .F. ) ;
#2855 = DIRECTION ( 'NONE',  ( -1.112002228190260952E-16, 1.000000000000000000, -0.000000000000000000 ) ) ;
#2856 = ORIENTED_EDGE ( 'NONE', *, *, #2411, .F. ) ;
#2857 = ORIENTED_EDGE ( 'NONE', *, *, #1235, .F. ) ;
#2858 = PLANE ( 'NONE',  #814 ) ;
#2859 = LINE ( 'NONE', #781, #1457 ) ;
#2860 = ORIENTED_EDGE ( 'NONE', *, *, #3490, .T. ) ;
#2861 = DIRECTION ( 'NONE',  ( 1.000000000000000000, 0.000000000000000000, 0.000000000000000000 ) ) ;
#2862 = AXIS2_PLACEMENT_3D ( 'NONE', #3385, #1097, #1776 ) ;
#2863 = ORIENTED_EDGE ( 'NONE', *, *, #3335, .T. ) ;
#2864 = VERTEX_POINT ( 'NONE', #3663 ) ;
#2865 = CIRCLE ( 'NONE', #742, 1.899999999999999911 ) ;
#2866 = VERTEX_POINT ( 'NONE', #2206 ) ;
#2867 = ADVANCED_FACE ( 'NONE', ( #2955 ), #3915, .T. ) ;
#2868 = ORIENTED_EDGE ( 'NONE', *, *, #3532, .F. ) ;
#2869 = DIRECTION ( 'NONE',  ( 1.000000000000000000, 0.000000000000000000, 0.000000000000000000 ) ) ;
#2870 = ORIENTED_EDGE ( 'NONE', *, *, #3622, .T. ) ;
#2871 = ADVANCED_FACE ( 'NONE', ( #55 ), #107, .T. ) ;
#2872 = LINE ( 'NONE', #1223, #2994 ) ;
#2873 = ORIENTED_EDGE ( 'NONE', *, *, #1109, .F. ) ;
#2874 = CARTESIAN_POINT ( 'NONE',  ( 4.999999999999999112, 10.00000000000000000, -1.999999999999999556 ) ) ;
#2875 = DIRECTION ( 'NONE',  ( 1.000000000000000000, 1.204669080539449344E-16, -0.000000000000000000 ) ) ;
#2876 = CARTESIAN_POINT ( 'NONE',  ( -2.499999999999999112, -3.700000000000000178, -0.2999999999999993783 ) ) ;
#2877 = CARTESIAN_POINT ( 'NONE',  ( -1.500000000000000000, 3.615000000000001101, 1.900000000000000577 ) ) ;
#2878 = VERTEX_POINT ( 'NONE', #1315 ) ;
#2879 = VERTEX_POINT ( 'NONE', #60 ) ;
#2880 = VERTEX_POINT ( 'NONE', #871 ) ;
#2881 = CARTESIAN_POINT ( 'NONE',  ( 1.500000000000000444, 3.440000000000000835, 2.000000000000000444 ) ) ;
#2882 = CIRCLE ( 'NONE', #3177, 0.7999999999999999334 ) ;
#2883 = AXIS2_PLACEMENT_3D ( 'NONE', #2451, #1099, #4051 ) ;
#2884 = CARTESIAN_POINT ( 'NONE',  ( -0.6999999999999992895, 1.000000000000000000, 3.800000000000000266 ) ) ;
#2885 = DIRECTION ( 'NONE',  ( -0.000000000000000000, -0.000000000000000000, -1.000000000000000000 ) ) ;
#2886 = ORIENTED_EDGE ( 'NONE', *, *, #1459, .F. ) ;
#2887 = EDGE_LOOP ( 'NONE', ( #3118, #1771, #3615, #3097 ) ) ;
#2888 = DIRECTION ( 'NONE',  ( 0.000000000000000000, -1.000000000000000000, -0.000000000000000000 ) ) ;
#2889 = EDGE_CURVE ( 'NONE', #2106, #1310, #2849, .T. ) ;
#2890 = AXIS2_PLACEMENT_3D ( 'NONE', #4031, #1148, #1822 ) ;
#2891 = ORIENTED_EDGE ( 'NONE', *, *, #1354, .T. ) ;
#2892 = ORIENTED_EDGE ( 'NONE', *, *, #3662, .T. ) ;
#2893 = CARTESIAN_POINT ( 'NONE',  ( -2.874999999999998668, 9.199999999999999289, -0.9499999999999990674 ) ) ;
#2894 = LINE ( 'NONE', #3588, #1533 ) ;
#2895 = AXIS2_PLACEMENT_3D ( 'NONE', #906, #217, #2927 ) ;
#2896 = EDGE_CURVE ( 'NONE', #1156, #2992, #158, .T. ) ;
#2897 = VERTEX_POINT ( 'NONE', #1411 ) ;
#2898 = CARTESIAN_POINT ( 'NONE',  ( -0.6999999999999992895, 1.000000000000000000, -3.020000000000000018 ) ) ;
#2899 = EDGE_CURVE ( 'NONE', #3072, #2864, #2987, .T. ) ;
#2900 = ORIENTED_EDGE ( 'NONE', *, *, #2583, .T. ) ;
#2901 = VERTEX_POINT ( 'NONE', #775 ) ;
#2902 = CARTESIAN_POINT ( 'NONE',  ( -2.500000000000000000, 0.000000000000000000, 0.2000000000000005107 ) ) ;
#2903 = VECTOR ( 'NONE', #3719, 1000.000000000000000 ) ;
#2904 = DIRECTION ( 'NONE',  ( 1.000000000000000000, 0.000000000000000000, 0.000000000000000000 ) ) ;
#2905 = ORIENTED_EDGE ( 'NONE', *, *, #3202, .F. ) ;
#2906 = EDGE_CURVE ( 'NONE', #2241, #2832, #1497, .T. ) ;
#2907 = ORIENTED_EDGE ( 'NONE', *, *, #1852, .T. ) ;
#2908 = ORIENTED_EDGE ( 'NONE', *, *, #1112, .F. ) ;
#2909 = CARTESIAN_POINT ( 'NONE',  ( -2.124999999999998668, 9.199999999999999289, 1.350000000000000977 ) ) ;
#2910 = ORIENTED_EDGE ( 'NONE', *, *, #2973, .F. ) ;
#2911 = EDGE_CURVE ( 'NONE', #3660, #542, #1512, .T. ) ;
#2912 = LINE ( 'NONE', #1935, #1447 ) ;
#2913 = EDGE_LOOP ( 'NONE', ( #3052, #2905, #1471, #279 ) ) ;
#2914 = FILL_AREA_STYLE_COLOUR ( '', #1003 ) ;
#2915 = DIRECTION ( 'NONE',  ( -1.770125995894700463E-16, 1.000000000000000000, 0.000000000000000000 ) ) ;
#2916 = DIRECTION ( 'NONE',  ( 0.000000000000000000, 1.000000000000000000, 0.000000000000000000 ) ) ;
#2917 = ADVANCED_FACE ( 'NONE', ( #142 ), #2988, .F. ) ;
#2918 = EDGE_CURVE ( 'NONE', #1479, #1549, #96, .T. ) ;
#2919 = ORIENTED_EDGE ( 'NONE', *, *, #2480, .T. ) ;
#2920 = EDGE_LOOP ( 'NONE', ( #3842, #3263, #3173, #2100 ) ) ;
#2921 = DIRECTION ( 'NONE',  ( -0.000000000000000000, -0.000000000000000000, 1.000000000000000000 ) ) ;
#2922 = AXIS2_PLACEMENT_3D ( 'NONE', #1153, #3610, #2223 ) ;
#2923 = CARTESIAN_POINT ( 'NONE',  ( 4.299999999999999822, 5.900000000000001243, -3.020000000000000018 ) ) ;
#2924 = ADVANCED_FACE ( 'NONE', ( #82 ), #3746, .F. ) ;
#2925 = DIRECTION ( 'NONE',  ( -1.000000000000000000, -1.204669080539449344E-16, 0.000000000000000000 ) ) ;
#2926 = ORIENTED_EDGE ( 'NONE', *, *, #233, .T. ) ;
#2927 = DIRECTION ( 'NONE',  ( -1.000000000000000000, 0.000000000000000000, 0.000000000000000000 ) ) ;
#2928 = ORIENTED_EDGE ( 'NONE', *, *, #1100, .F. ) ;
#2929 = VERTEX_POINT ( 'NONE', #2488 ) ;
#2930 = CARTESIAN_POINT ( 'NONE',  ( -3.499999999999999556, 3.215000000000000746, -0.5199999999999995737 ) ) ;
#2931 = VECTOR ( 'NONE', #3018, 1000.000000000000000 ) ;
#2932 = DIRECTION ( 'NONE',  ( -1.000000000000000000, 0.000000000000000000, 0.000000000000000000 ) ) ;
#2933 = VERTEX_POINT ( 'NONE', #1197 ) ;
#2934 = CARTESIAN_POINT ( 'NONE',  ( -4.299999999999999822, 5.900000000000000355, -3.020000000000000018 ) ) ;
#2935 = ORIENTED_EDGE ( 'NONE', *, *, #3674, .F. ) ;
#2936 = ORIENTED_EDGE ( 'NONE', *, *, #3248, .T. ) ;
#2937 = VERTEX_POINT ( 'NONE', #3149 ) ;
#2938 = VECTOR ( 'NONE', #3374, 1000.000000000000000 ) ;
#2939 = CARTESIAN_POINT ( 'NONE',  ( 2.125000000000001332, 9.500000000000000000, 1.350000000000000977 ) ) ;
#2940 = EDGE_LOOP ( 'NONE', ( #2578, #1142, #3643, #235 ) ) ;
#2941 = ORIENTED_EDGE ( 'NONE', *, *, #4099, .T. ) ;
#2942 = CARTESIAN_POINT ( 'NONE',  ( 2.875000000000001332, 9.500000000000000000, 0.5500000000000004885 ) ) ;
#2943 = ORIENTED_EDGE ( 'NONE', *, *, #3123, .T. ) ;
#2944 = CARTESIAN_POINT ( 'NONE',  ( -5.000000000000000888, 6.599999999999999645, -2.449999999999929123 ) ) ;
#2945 = EDGE_LOOP ( 'NONE', ( #3047, #2266, #3452, #819, #2928 ) ) ;
#2946 = AXIS2_PLACEMENT_3D ( 'NONE', #2363, #1732, #91 ) ;
#2947 = EDGE_LOOP ( 'NONE', ( #199, #213, #3016, #1740 ) ) ;
#2948 = DIRECTION ( 'NONE',  ( 1.000000000000000000, 0.000000000000000000, 0.000000000000000000 ) ) ;
#2949 = CARTESIAN_POINT ( 'NONE',  ( 2.875000000000001332, 9.500000000000000000, -0.9499999999999990674 ) ) ;
#2950 = ORIENTED_EDGE ( 'NONE', *, *, #1407, .T. ) ;
#2951 = ORIENTED_EDGE ( 'NONE', *, *, #2027, .F. ) ;
#2952 = CLOSED_SHELL ( 'NONE', ( #2523, #2702, #1417, #3693, #3819, #3907, #3272, #3627, #3721, #3045, #3373, #3877, #2254, #3408, #974, #1149 ) ) ;
#2953 = APPLICATION_PROTOCOL_DEFINITION ( 'draft international standard', 'automotive_design', 1998, #2595 ) ;
#2954 = PLANE ( 'NONE',  #1759 ) ;
#2955 = FACE_OUTER_BOUND ( 'NONE', #2082, .T. ) ;
#2956 = EDGE_CURVE ( 'NONE', #1431, #541, #2872, .T. ) ;
#2957 = DIRECTION ( 'NONE',  ( 0.000000000000000000, 0.000000000000000000, -1.000000000000000000 ) ) ;
#2958 = DIRECTION ( 'NONE',  ( 1.000000000000000000, 0.000000000000000000, 0.000000000000000000 ) ) ;
#2959 = EDGE_CURVE ( 'NONE', #821, #3403, #75, .T. ) ;
#2960 = ORIENTED_EDGE ( 'NONE', *, *, #4162, .T. ) ;
#2961 = CARTESIAN_POINT ( 'NONE',  ( -0.6999999999999992895, 1.000000000000000000, -3.020000000000000018 ) ) ;
#2962 = VERTEX_POINT ( 'NONE', #1606 ) ;
#2963 = EDGE_CURVE ( 'NONE', #2897, #2654, #2912, .T. ) ;
#2964 = VERTEX_POINT ( 'NONE', #2002 ) ;
#2965 = CARTESIAN_POINT ( 'NONE',  ( 3.499999999999999556, 3.215000000000000746, 1.900000000000000577 ) ) ;
#2966 = LINE ( 'NONE', #3494, #1560 ) ;
#2967 = EDGE_CURVE ( 'NONE', #570, #388, #134, .T. ) ;
#2968 = ORIENTED_EDGE ( 'NONE', *, *, #2450, .F. ) ;
#2969 = DIRECTION ( 'NONE',  ( 0.000000000000000000, 1.000000000000000000, 0.000000000000000000 ) ) ;
#2970 = ORIENTED_EDGE ( 'NONE', *, *, #792, .F. ) ;
#2971 = ORIENTED_EDGE ( 'NONE', *, *, #228, .T. ) ;
#2972 = ORIENTED_EDGE ( 'NONE', *, *, #1543, .T. ) ;
#2974 = ADVANCED_FACE ( 'NONE', ( #187 ), #1581, .F. ) ;
#2973 = EDGE_CURVE ( 'NONE', #2812, #1644, #148, .T. ) ;
#2975 = CARTESIAN_POINT ( 'NONE',  ( 2.875000000000001332, 9.199999999999999289, -0.9499999999999990674 ) ) ;
#2976 = LINE ( 'NONE', #4070, #1568 ) ;
#2977 = FILL_AREA_STYLE ('',( #2355 ) ) ;
#2978 = ORIENTED_EDGE ( 'NONE', *, *, #3621, .F. ) ;
#2979 = ORIENTED_EDGE ( 'NONE', *, *, #1350, .T. ) ;
#2980 = PLANE ( 'NONE',  #949 ) ;
#2981 = ORIENTED_EDGE ( 'NONE', *, *, #1527, .F. ) ;
#2982 = VERTEX_POINT ( 'NONE', #700 ) ;
#2983 = DIRECTION ( 'NONE',  ( 0.000000000000000000, -1.000000000000000000, 0.000000000000000000 ) ) ;
#2984 = AXIS2_PLACEMENT_3D ( 'NONE', #2439, #4009, #3436 ) ;
#2985 = VERTEX_POINT ( 'NONE', #2296 ) ;
#2986 = DIRECTION ( 'NONE',  ( -1.000000000000000000, 0.000000000000000000, 0.000000000000000000 ) ) ;
#2987 = LINE ( 'NONE', #418, #1433 ) ;
#2988 = PLANE ( 'NONE',  #2265 ) ;
#2989 = CARTESIAN_POINT ( 'NONE',  ( 3.499999999999999556, 2.640000000000001013, -0.5199999999999995737 ) ) ;
#2990 = VERTEX_POINT ( 'NONE', #2276 ) ;
#2991 = LINE ( 'NONE', #815, #230 ) ;
#2992 = VERTEX_POINT ( 'NONE', #1870 ) ;
#2993 = DIRECTION ( 'NONE',  ( 1.000000000000000000, 0.000000000000000000, 0.000000000000000000 ) ) ;
#2994 = VECTOR ( 'NONE', #3563, 1000.000000000000000 ) ;
#2995 = CARTESIAN_POINT ( 'NONE',  ( -1.500000000000000222, 2.640000000000001013, -0.5199999999999995737 ) ) ;
#2996 = VERTEX_POINT ( 'NONE', #3517 ) ;
#2997 = CARTESIAN_POINT ( 'NONE',  ( 4.999999999999999112, 0.000000000000000000, -3.799999999999999378 ) ) ;
#2998 = VECTOR ( 'NONE', #2727, 1000.000000000000000 ) ;
#2999 = CARTESIAN_POINT ( 'NONE',  ( 2.500000000000000888, -3.700000000000000178, -0.09999999999999939493 ) ) ;
#3000 = SURFACE_SIDE_STYLE ('',( #2729 ) ) ;
#3001 = ORIENTED_EDGE ( 'NONE', *, *, #3311, .T. ) ;
#3002 = ADVANCED_FACE ( 'NONE', ( #1550 ), #1475, .F. ) ;
#3003 = CARTESIAN_POINT ( 'NONE',  ( -2.874999999999998668, 9.500000000000000000, -0.1499999999999994671 ) ) ;
#3004 = SURFACE_STYLE_FILL_AREA ( #877 ) ;
#3005 = CARTESIAN_POINT ( 'NONE',  ( 0.000000000000000000, 9.500000000000000000, 0.5500000000000004885 ) ) ;
#3006 = VERTEX_POINT ( 'NONE', #3791 ) ;
#3007 = CIRCLE ( 'NONE', #1131, 2.000000000000000000 ) ;
#3008 = AXIS2_PLACEMENT_3D ( 'NONE', #1598, #2345, #385 ) ;
#3009 = DIRECTION ( 'NONE',  ( 1.000000000000000000, 0.000000000000000000, -0.000000000000000000 ) ) ;
#3010 = ORIENTED_EDGE ( 'NONE', *, *, #3573, .T. ) ;
#3011 = AXIS2_PLACEMENT_3D ( 'NONE', #3725, #188, #1399 ) ;
#3012 = EDGE_LOOP ( 'NONE', ( #258, #320, #240, #501 ) ) ;
#3013 = PLANE ( 'NONE',  #3776 ) ;
#3014 = DIRECTION ( 'NONE',  ( -0.000000000000000000, -0.000000000000000000, 1.000000000000000000 ) ) ;
#3015 = EDGE_CURVE ( 'NONE', #568, #4017, #2894, .T. ) ;
#3016 = ORIENTED_EDGE ( 'NONE', *, *, #216, .T. ) ;
#3017 = FACE_OUTER_BOUND ( 'NONE', #2947, .T. ) ;
#3018 = DIRECTION ( 'NONE',  ( 0.000000000000000000, 0.000000000000000000, 1.000000000000000000 ) ) ;
#3019 = DIRECTION ( 'NONE',  ( 1.000000000000000000, 0.000000000000000000, 0.000000000000000000 ) ) ;
#3020 = ORIENTED_EDGE ( 'NONE', *, *, #1551, .T. ) ;
#3021 = AXIS2_PLACEMENT_3D ( 'NONE', #122, #1066, #1434 ) ;
#3022 = EDGE_CURVE ( 'NONE', #1744, #653, #2882, .T. ) ;
#3023 = DIRECTION ( 'NONE',  ( -0.000000000000000000, -0.000000000000000000, -1.000000000000000000 ) ) ;
#3024 = VECTOR ( 'NONE', #1652, 1000.000000000000000 ) ;
#3025 = ORIENTED_EDGE ( 'NONE', *, *, #1796, .F. ) ;
#3026 = VECTOR ( 'NONE', #3995, 1000.000000000000000 ) ;
#3027 = ORIENTED_EDGE ( 'NONE', *, *, #788, .F. ) ;
#3028 = CARTESIAN_POINT ( 'NONE',  ( -4.299999999999998934, 0.9999999999999995559, -3.020000000000000018 ) ) ;
#3029 = VECTOR ( 'NONE', #2592, 1000.000000000000000 ) ;
#3030 = EDGE_CURVE ( 'NONE', #26, #300, #2966, .T. ) ;
#3031 = ORIENTED_EDGE ( 'NONE', *, *, #1245, .T. ) ;
#3032 = CARTESIAN_POINT ( 'NONE',  ( 0.000000000000000000, 0.000000000000000000, -3.020000000000000018 ) ) ;
#3033 = LINE ( 'NONE', #729, #288 ) ;
#3034 = CARTESIAN_POINT ( 'NONE',  ( 2.125000000000001332, 9.199999999999999289, -0.1499999999999994671 ) ) ;
#3035 = ORIENTED_EDGE ( 'NONE', *, *, #1117, .F. ) ;
#3036 = CARTESIAN_POINT ( 'NONE',  ( -3.100000000000000533, 0.9999999999999997780, 3.800000000000000266 ) ) ;
#3037 = ORIENTED_EDGE ( 'NONE', *, *, #1767, .T. ) ;
#3038 = VERTEX_POINT ( 'NONE', #4128 ) ;
#3039 = ORIENTED_EDGE ( 'NONE', *, *, #3568, .T. ) ;
#3040 = DIRECTION ( 'NONE',  ( -1.000000000000000000, 0.000000000000000000, 0.000000000000000000 ) ) ;
#3041 = DIRECTION ( 'NONE',  ( 1.000000000000000000, 0.000000000000000000, 0.000000000000000000 ) ) ;
#3042 = FACE_BOUND ( 'NONE', #2786, .T. ) ;
#3043 = ORIENTED_EDGE ( 'NONE', *, *, #2269, .F. ) ;
#3044 = CARTESIAN_POINT ( 'NONE',  ( -3.499999999999999556, 2.640000000000001013, -0.5199999999999995737 ) ) ;
#3045 = ADVANCED_FACE ( 'NONE', ( #1427 ), #1542, .F. ) ;
#3046 = LINE ( 'NONE', #3924, #3102 ) ;
#3047 = ORIENTED_EDGE ( 'NONE', *, *, #797, .F. ) ;
#3048 = CARTESIAN_POINT ( 'NONE',  ( 2.500000000000000000, 2.999999999999999112, -3.020000000000000018 ) ) ;
#3049 = DIRECTION ( 'NONE',  ( 1.770125995894700463E-16, -1.000000000000000000, 0.000000000000000000 ) ) ;
#3050 = ORIENTED_EDGE ( 'NONE', *, *, #927, .T. ) ;
#3051 = VECTOR ( 'NONE', #3551, 1000.000000000000000 ) ;
#3052 = ORIENTED_EDGE ( 'NONE', *, *, #3666, .F. ) ;
#3053 = CARTESIAN_POINT ( 'NONE',  ( -4.629999999999999005, 6.599999999999999645, -2.236380400399769819 ) ) ;
#3054 = VERTEX_POINT ( 'NONE', #2467 ) ;
#3055 = ORIENTED_EDGE ( 'NONE', *, *, #3800, .F. ) ;
#3056 = DIRECTION ( 'NONE',  ( 0.000000000000000000, 0.000000000000000000, -1.000000000000000000 ) ) ;
#3057 = COLOUR_RGB ( '',0.7921568627450980005, 0.8196078431372548767, 0.9333333333333333481 ) ;
#3058 = AXIS2_PLACEMENT_3D ( 'NONE', #3619, #7, #398 ) ;
#3059 = ORIENTED_EDGE ( 'NONE', *, *, #2911, .T. ) ;
#3060 = LINE ( 'NONE', #1010, #200 ) ;
#3061 = CARTESIAN_POINT ( 'NONE',  ( -4.629999999999999005, -3.899999999999999023, -2.236380400399769819 ) ) ;
#3062 = ORIENTED_EDGE ( 'NONE', *, *, #1906, .T. ) ;
#3063 = EDGE_CURVE ( 'NONE', #2250, #610, #2865, .T. ) ;
#3064 = ORIENTED_EDGE ( 'NONE', *, *, #181, .F. ) ;
#3065 = AXIS2_PLACEMENT_3D ( 'NONE', #2098, #2364, #2628 ) ;
#3066 = VECTOR ( 'NONE', #2194, 1000.000000000000000 ) ;
#3067 = EDGE_CURVE ( 'NONE', #446, #2106, #2976, .T. ) ;
#3068 = CARTESIAN_POINT ( 'NONE',  ( 4.300000000000000711, 1.000000000000000000, 3.800000000000000266 ) ) ;
#3069 = ORIENTED_EDGE ( 'NONE', *, *, #2838, .F. ) ;
#3070 = DIRECTION ( 'NONE',  ( 1.000000000000000000, 2.224004456380522396E-16, 0.000000000000000000 ) ) ;
#3071 = FACE_OUTER_BOUND ( 'NONE', #2570, .T. ) ;
#3072 = VERTEX_POINT ( 'NONE', #1898 ) ;
#3073 = EDGE_CURVE ( 'NONE', #31, #3140, #3505, .T. ) ;
#3074 = ORIENTED_EDGE ( 'NONE', *, *, #2134, .F. ) ;
#3075 = CARTESIAN_POINT ( 'NONE',  ( -1.949999999999999289, 6.816761817258089273, -3.750000000000000444 ) ) ;
#3076 = CARTESIAN_POINT ( 'NONE',  ( 0.6325150603016909123, 9.199999999999999289, -0.1499999999999994393 ) ) ;
#3077 = LINE ( 'NONE', #3999, #1738 ) ;
#3078 = DIRECTION ( 'NONE',  ( 1.000000000000000000, 0.000000000000000000, 0.000000000000000000 ) ) ;
#3079 = ORIENTED_EDGE ( 'NONE', *, *, #2081, .T. ) ;
#3080 = CYLINDRICAL_SURFACE ( 'NONE', #4106, 2.000000000000000000 ) ;
#3081 = ORIENTED_EDGE ( 'NONE', *, *, #2178, .F. ) ;
#3082 = CARTESIAN_POINT ( 'NONE',  ( 0.7000000000000000666, 5.900000000000000355, 2.299999999999999822 ) ) ;
#3083 = CARTESIAN_POINT ( 'NONE',  ( -1.500000000000000222, 3.440000000000000835, 2.800000000000000266 ) ) ;
#3084 = ORIENTED_EDGE ( 'NONE', *, *, #3189, .F. ) ;
#3085 = AXIS2_PLACEMENT_3D ( 'NONE', #2563, #2090, #3686 ) ;
#3086 = LINE ( 'NONE', #2810, #2998 ) ;
#3087 = ORIENTED_EDGE ( 'NONE', *, *, #1229, .F. ) ;
#3088 = PLANE ( 'NONE',  #1082 ) ;
#3089 = ORIENTED_EDGE ( 'NONE', *, *, #2385, .F. ) ;
#3090 = ORIENTED_EDGE ( 'NONE', *, *, #3535, .F. ) ;
#3091 = CARTESIAN_POINT ( 'NONE',  ( 2.500000000000000000, 2.999999999999999112, 2.300000000000000266 ) ) ;
#3092 = LINE ( 'NONE', #3159, #246 ) ;
#3093 = DIRECTION ( 'NONE',  ( -1.015347001549929225E-15, 1.000000000000000000, 0.000000000000000000 ) ) ;
#3094 = EDGE_LOOP ( 'NONE', ( #157, #2950, #2979, #1554 ) ) ;
#3095 = VECTOR ( 'NONE', #4021, 1000.000000000000000 ) ;
#3096 = CARTESIAN_POINT ( 'NONE',  ( -1.500000000000000000, 3.790000000000000924, 2.800000000000000266 ) ) ;
#3097 = ORIENTED_EDGE ( 'NONE', *, *, #2131, .T. ) ;
#3098 = ORIENTED_EDGE ( 'NONE', *, *, #3839, .F. ) ;
#3099 = CIRCLE ( 'NONE', #1636, 2.000000000000000000 ) ;
#3100 = ORIENTED_EDGE ( 'NONE', *, *, #2580, .F. ) ;
#3101 = CARTESIAN_POINT ( 'NONE',  ( 0.000000000000000000, 3.440000000000000835, 2.000000000000000444 ) ) ;
#3102 = VECTOR ( 'NONE', #33, 1000.000000000000000 ) ;
#3103 = ORIENTED_EDGE ( 'NONE', *, *, #1890, .T. ) ;
#3104 = ORIENTED_EDGE ( 'NONE', *, *, #2190, .F. ) ;
#3105 = VERTEX_POINT ( 'NONE', #2253 ) ;
#3106 = CARTESIAN_POINT ( 'NONE',  ( 0.7000000000000000666, 5.900000000000000355, 2.800000000000000266 ) ) ;
#3107 = VECTOR ( 'NONE', #2664, 1000.000000000000000 ) ;
#3108 = DIRECTION ( 'NONE',  ( 0.000000000000000000, 0.000000000000000000, -1.000000000000000000 ) ) ;
#3109 = ORIENTED_EDGE ( 'NONE', *, *, #1760, .F. ) ;
#3110 = FACE_OUTER_BOUND ( 'NONE', #1282, .T. ) ;
#3111 = ORIENTED_EDGE ( 'NONE', *, *, #181, .T. ) ;
#3112 = VERTEX_POINT ( 'NONE', #670 ) ;
#3113 = DIRECTION ( 'NONE',  ( 1.000000000000000000, -3.771137991253929066E-16, -0.000000000000000000 ) ) ;
#3114 = ORIENTED_EDGE ( 'NONE', *, *, #1311, .F. ) ;
#3115 = LINE ( 'NONE', #1396, #3122 ) ;
#3116 = EDGE_LOOP ( 'NONE', ( #1567, #2681, #1292, #3323 ) ) ;
#3117 = LINE ( 'NONE', #2495, #355 ) ;
#3118 = ORIENTED_EDGE ( 'NONE', *, *, #1293, .F. ) ;
#3119 = AXIS2_PLACEMENT_3D ( 'NONE', #2396, #108, #2550 ) ;
#3120 = ORIENTED_EDGE ( 'NONE', *, *, #3525, .T. ) ;
#3121 = CARTESIAN_POINT ( 'NONE',  ( 4.367484939698311308, 15.37401153701776124, -0.1499999999999994393 ) ) ;
#3122 = VECTOR ( 'NONE', #901, 1000.000000000000000 ) ;
#3123 = EDGE_CURVE ( 'NONE', #610, #3160, #179, .T. ) ;
#3124 = ORIENTED_EDGE ( 'NONE', *, *, #2448, .T. ) ;
#3125 = AXIS2_PLACEMENT_3D ( 'NONE', #1621, #2325, #1381 ) ;
#3126 = DIRECTION ( 'NONE',  ( -1.000000000000000000, 3.771137991253929066E-16, 0.000000000000000000 ) ) ;
#3127 = DIRECTION ( 'NONE',  ( 0.000000000000000000, 0.000000000000000000, -1.000000000000000000 ) ) ;
#3128 = ORIENTED_EDGE ( 'NONE', *, *, #4068, .F. ) ;
#3129 = ORIENTED_EDGE ( 'NONE', *, *, #2517, .F. ) ;
#3130 = ORIENTED_EDGE ( 'NONE', *, *, #3324, .F. ) ;
#3131 = AXIS2_PLACEMENT_3D ( 'NONE', #1569, #1627, #278 ) ;
#3132 = EDGE_CURVE ( 'NONE', #1563, #2879, #1482, .T. ) ;
#3133 = CIRCLE ( 'NONE', #2409, 0.7999999999999999334 ) ;
#3134 = EDGE_CURVE ( 'NONE', #2462, #2933, #2813, .T. ) ;
#3135 = CARTESIAN_POINT ( 'NONE',  ( -2.500000000000000000, 2.999999999999999112, 2.300000000000000266 ) ) ;
#3136 = ORIENTED_EDGE ( 'NONE', *, *, #103, .T. ) ;
#3137 = DIRECTION ( 'NONE',  ( 1.112002228190260952E-16, -1.000000000000000000, 0.000000000000000000 ) ) ;
#3138 = EDGE_LOOP ( 'NONE', ( #1645, #517, #585, #841 ) ) ;
#3139 = ORIENTED_EDGE ( 'NONE', *, *, #3889, .T. ) ;
#3140 = VERTEX_POINT ( 'NONE', #1255 ) ;
#3141 = DIRECTION ( 'NONE',  ( -1.000000000000000000, 0.000000000000000000, 1.777380610631973643E-17 ) ) ;
#3142 = FACE_OUTER_BOUND ( 'NONE', #1254, .T. ) ;
#3143 = EDGE_CURVE ( 'NONE', #446, #147, #11, .T. ) ;
#3144 = DIRECTION ( 'NONE',  ( -1.000000000000000000, -2.409338161078898687E-16, 0.000000000000000000 ) ) ;
#3145 = VERTEX_POINT ( 'NONE', #2368 ) ;
#3146 = FACE_OUTER_BOUND ( 'NONE', #3212, .T. ) ;
#3147 = VERTEX_POINT ( 'NONE', #2605 ) ;
#3148 = EDGE_LOOP ( 'NONE', ( #1320, #1541, #555, #1496 ) ) ;
#3149 = CARTESIAN_POINT ( 'NONE',  ( -3.499999999999999556, 3.790000000000000924, 2.300000000000000266 ) ) ;
#3150 = ORIENTED_EDGE ( 'NONE', *, *, #2776, .F. ) ;
#3151 = CARTESIAN_POINT ( 'NONE',  ( -5.000000000000000888, 10.00000000000000000, -1.999999999999999556 ) ) ;
#3152 = LINE ( 'NONE', #565, #1609 ) ;
#3153 = ORIENTED_EDGE ( 'NONE', *, *, #2520, .T. ) ;
#3154 = ORIENTED_EDGE ( 'NONE', *, *, #412, .T. ) ;
#3155 = ORIENTED_EDGE ( 'NONE', *, *, #480, .F. ) ;
#3156 = PLANE ( 'NONE',  #2486 ) ;
#3157 = VECTOR ( 'NONE', #1378, 1000.000000000000000 ) ;
#3158 = VERTEX_POINT ( 'NONE', #3028 ) ;
#3159 = CARTESIAN_POINT ( 'NONE',  ( -5.000000000000000888, 6.725812154894035721, -3.799999999999999378 ) ) ;
#3160 = VERTEX_POINT ( 'NONE', #392 ) ;
#3161 = CARTESIAN_POINT ( 'NONE',  ( 2.500000000000001332, 9.500000000000000000, 2.100000000000000533 ) ) ;
#3162 = VERTEX_POINT ( 'NONE', #1671 ) ;
#3163 = TOROIDAL_SURFACE ( 'NONE', #3399, 0.2999999999999999334, 0.2000000000000000111 ) ;
#3164 = CARTESIAN_POINT ( 'NONE',  ( 2.125000000000001332, 9.500000000000000000, -0.1499999999999994671 ) ) ;
#3165 = ORIENTED_EDGE ( 'NONE', *, *, #1547, .T. ) ;
#3166 = DIRECTION ( 'NONE',  ( -0.000000000000000000, -0.000000000000000000, -1.000000000000000000 ) ) ;
#3167 = VECTOR ( 'NONE', #1105, 1000.000000000000000 ) ;
#3168 = ORIENTED_EDGE ( 'NONE', *, *, #3970, .F. ) ;
#3169 = ORIENTED_EDGE ( 'NONE', *, *, #3573, .F. ) ;
#3170 = FACE_OUTER_BOUND ( 'NONE', #3094, .T. ) ;
#3171 = CARTESIAN_POINT ( 'NONE',  ( 2.500000000000000888, 5.900000000000000355, -2.649999999999999467 ) ) ;
#3172 = CARTESIAN_POINT ( 'NONE',  ( 0.7000000000000000666, 5.900000000000000355, -3.020000000000000018 ) ) ;
#3173 = ORIENTED_EDGE ( 'NONE', *, *, #2445, .T. ) ;
#3174 = LINE ( 'NONE', #1582, #581 ) ;
#3175 = ORIENTED_EDGE ( 'NONE', *, *, #1469, .T. ) ;
#3176 = ORIENTED_EDGE ( 'NONE', *, *, #3022, .F. ) ;
#3177 = AXIS2_PLACEMENT_3D ( 'NONE', #612, #3113, #3832 ) ;
#3178 = CIRCLE ( 'NONE', #805, 0.1999999999999996503 ) ;
#3179 = AXIS2_PLACEMENT_3D ( 'NONE', #2902, #733, #3679 ) ;
#3180 = ORIENTED_EDGE ( 'NONE', *, *, #954, .F. ) ;
#3181 = CYLINDRICAL_SURFACE ( 'NONE', #3481, 1.899999999999999911 ) ;
#3182 = ORIENTED_EDGE ( 'NONE', *, *, #750, .F. ) ;
#3183 = DIRECTION ( 'NONE',  ( -0.000000000000000000, 1.000000000000000000, -0.000000000000000000 ) ) ;
#3184 = EDGE_CURVE ( 'NONE', #2226, #189, #2859, .T. ) ;
#3185 = ORIENTED_EDGE ( 'NONE', *, *, #495, .F. ) ;
#3186 = DIRECTION ( 'NONE',  ( 0.000000000000000000, 0.000000000000000000, 1.000000000000000000 ) ) ;
#3187 = LINE ( 'NONE', #1342, #3214 ) ;
#3188 = EDGE_LOOP ( 'NONE', ( #3315, #1464, #3296, #1626, #1997, #1856, #1816, #369, #527, #1871, #3114, #3150, #529, #1882, #3130, #3605, #3232, #3215, #3593, #2644 ) ) ;
#3189 = EDGE_CURVE ( 'NONE', #2462, #2864, #2823, .T. ) ;
#3190 = DIRECTION ( 'NONE',  ( 0.5372996083468184469, 0.8433914458128891622, 0.000000000000000000 ) ) ;
#3191 = ORIENTED_EDGE ( 'NONE', *, *, #3387, .T. ) ;
#3192 = DIRECTION ( 'NONE',  ( 0.000000000000000000, -0.2198462043528308096, -0.9755345439458581458 ) ) ;
#3193 = DIRECTION ( 'NONE',  ( 0.000000000000000000, 0.000000000000000000, 1.000000000000000000 ) ) ;
#3194 = ORIENTED_EDGE ( 'NONE', *, *, #1278, .T. ) ;
#3195 = EDGE_CURVE ( 'NONE', #3912, #3072, #2834, .T. ) ;
#3196 = CIRCLE ( 'NONE', #3330, 1.899999999999999911 ) ;
#3197 = DIRECTION ( 'NONE',  ( -1.000000000000000000, 0.000000000000000000, 1.777380610631973643E-17 ) ) ;
#3198 = ORIENTED_EDGE ( 'NONE', *, *, #1406, .F. ) ;
#3199 = CARTESIAN_POINT ( 'NONE',  ( 0.7000000000000009548, 0.9999999999999995559, 2.299999999999999822 ) ) ;
#3200 = VECTOR ( 'NONE', #151, 1000.000000000000000 ) ;
#3201 = ORIENTED_EDGE ( 'NONE', *, *, #1316, .F. ) ;
#3202 = EDGE_CURVE ( 'NONE', #533, #54, #1477, .T. ) ;
#3203 = UNCERTAINTY_MEASURE_WITH_UNIT (LENGTH_MEASURE( 1.000000000000000082E-05 ), #1516, 'distance_accuracy_value', 'NONE');
#3204 = ORIENTED_EDGE ( 'NONE', *, *, #3369, .T. ) ;
#3205 = DIRECTION ( 'NONE',  ( 1.269183751937411383E-15, 1.000000000000000000, 0.000000000000000000 ) ) ;
#3206 = EDGE_CURVE ( 'NONE', #1744, #81, #1749, .T. ) ;
#3207 = FILL_AREA_STYLE_COLOUR ( '', #604 ) ;
#3208 = ORIENTED_EDGE ( 'NONE', *, *, #3680, .T. ) ;
#3209 = LINE ( 'NONE', #2172, #1968 ) ;
#3210 = ORIENTED_EDGE ( 'NONE', *, *, #2666, .T. ) ;
#3211 = DIRECTION ( 'NONE',  ( -1.000000000000000000, 0.000000000000000000, -1.777380610631974876E-17 ) ) ;
#3212 = EDGE_LOOP ( 'NONE', ( #3312, #2978, #4055, #1553 ) ) ;
#3213 = DIRECTION ( 'NONE',  ( 0.000000000000000000, 0.000000000000000000, -1.000000000000000000 ) ) ;
#3214 = VECTOR ( 'NONE', #3985, 1000.000000000000000 ) ;
#3215 = ORIENTED_EDGE ( 'NONE', *, *, #3780, .F. ) ;
#3216 = FACE_OUTER_BOUND ( 'NONE', #4028, .T. ) ;
#3217 = VERTEX_POINT ( 'NONE', #72 ) ;
#3218 = DIRECTION ( 'NONE',  ( -1.000000000000000000, -0.000000000000000000, -0.000000000000000000 ) ) ;
#3219 = EDGE_LOOP ( 'NONE', ( #4124, #587 ) ) ;
#3220 = CARTESIAN_POINT ( 'NONE',  ( -2.500000000000000000, 0.9999999999999997780, 0.2000000000000005107 ) ) ;
#3221 = VECTOR ( 'NONE', #2539, 1000.000000000000000 ) ;
#3222 = ORIENTED_EDGE ( 'NONE', *, *, #1117, .T. ) ;
#3223 = VECTOR ( 'NONE', #3327, 1000.000000000000000 ) ;
#3224 = CARTESIAN_POINT ( 'NONE',  ( 3.050000000000000711, 8.817654389267289616, -2.649999999999999467 ) ) ;
#3225 = VERTEX_POINT ( 'NONE', #3672 ) ;
#3226 = CARTESIAN_POINT ( 'NONE',  ( -3.499999999999999556, 3.215000000000000746, -0.5199999999999995737 ) ) ;
#3227 = CARTESIAN_POINT ( 'NONE',  ( -2.906939798987514756, 5.900000000000000355, -3.020000000000000018 ) ) ;
#3228 = VERTEX_POINT ( 'NONE', #494 ) ;
#3229 = FACE_OUTER_BOUND ( 'NONE', #1750, .T. ) ;
#3230 = ADVANCED_FACE ( 'NONE', ( #3071 ), #1654, .F. ) ;
#3231 = CARTESIAN_POINT ( 'NONE',  ( 2.500000000000000888, -3.899999999999999911, 0.5000000000000004441 ) ) ;
#3232 = ORIENTED_EDGE ( 'NONE', *, *, #118, .F. ) ;
#3233 = PLANE ( 'NONE',  #1222 ) ;
#3234 = ORIENTED_EDGE ( 'NONE', *, *, #283, .T. ) ;
#3235 = ORIENTED_EDGE ( 'NONE', *, *, #2956, .T. ) ;
#3236 = CARTESIAN_POINT ( 'NONE',  ( 3.000000000000001332, -9.214213562373096522, 0.2000000000000005662 ) ) ;
#3237 = FACE_OUTER_BOUND ( 'NONE', #413, .T. ) ;
#3238 = CARTESIAN_POINT ( 'NONE',  ( 3.000000000000000888, -3.700000000000000178, 0.2000000000000005662 ) ) ;
#3239 = EDGE_CURVE ( 'NONE', #481, #568, #3046, .T. ) ;
#3240 = ORIENTED_EDGE ( 'NONE', *, *, #1642, .T. ) ;
#3241 = VECTOR ( 'NONE', #3651, 1000.000000000000000 ) ;
#3242 = ORIENTED_EDGE ( 'NONE', *, *, #2824, .F. ) ;
#3243 = DIRECTION ( 'NONE',  ( -1.269183751937411383E-15, -1.000000000000000000, 0.000000000000000000 ) ) ;
#3244 = ORIENTED_EDGE ( 'NONE', *, *, #421, .T. ) ;
#3245 = ORIENTED_EDGE ( 'NONE', *, *, #126, .T. ) ;
#3246 = VECTOR ( 'NONE', #1108, 1000.000000000000000 ) ;
#3247 = CARTESIAN_POINT ( 'NONE',  ( -2.499999999999998668, -9.214213562373096522, 0.2000000000000005107 ) ) ;
#3248 = EDGE_CURVE ( 'NONE', #34, #3112, #194, .T. ) ;
#3249 = ORIENTED_EDGE ( 'NONE', *, *, #2959, .T. ) ;
#3250 = EDGE_CURVE ( 'NONE', #1698, #541, #265, .T. ) ;
#3251 = CIRCLE ( 'NONE', #1519, 0.5999999999999998668 ) ;
#3252 = ORIENTED_EDGE ( 'NONE', *, *, #1467, .F. ) ;
#3253 = VERTEX_POINT ( 'NONE', #1779 ) ;
#3254 = ORIENTED_EDGE ( 'NONE', *, *, #3442, .F. ) ;
#3255 = DIRECTION ( 'NONE',  ( 0.000000000000000000, 0.9755345439458581458, -0.2198462043528307541 ) ) ;
#3256 = VECTOR ( 'NONE', #3822, 1000.000000000000000 ) ;
#3257 = CARTESIAN_POINT ( 'NONE',  ( 3.499999999999999556, 2.640000000000001013, 2.800000000000000266 ) ) ;
#3258 = ORIENTED_EDGE ( 'NONE', *, *, #109, .F. ) ;
#3259 = DIRECTION ( 'NONE',  ( 0.000000000000000000, 0.000000000000000000, -1.000000000000000000 ) ) ;
#3260 = CARTESIAN_POINT ( 'NONE',  ( -4.530000000000000249, 6.599999999999999645, -2.409585481156657938 ) ) ;
#3261 = CARTESIAN_POINT ( 'NONE',  ( -0.6999999999999998446, 5.900000000000001243, 3.800000000000000266 ) ) ;
#3262 = ORIENTED_EDGE ( 'NONE', *, *, #2105, .F. ) ;
#3263 = ORIENTED_EDGE ( 'NONE', *, *, #2621, .T. ) ;
#3264 = CIRCLE ( 'NONE', #1539, 1.450000000000000400 ) ;
#3265 = PLANE ( 'NONE',  #881 ) ;
#3266 = ORIENTED_EDGE ( 'NONE', *, *, #2623, .F. ) ;
#3267 = VERTEX_POINT ( 'NONE', #3880 ) ;
#3268 = ADVANCED_FACE ( 'NONE', ( #3110 ), #3860, .F. ) ;
#3269 = ORIENTED_EDGE ( 'NONE', *, *, #1978, .F. ) ;
#3270 = CARTESIAN_POINT ( 'NONE',  ( -0.6999999999999998446, 5.900000000000001243, 9.880296045424104889 ) ) ;
#3271 = LINE ( 'NONE', #1122, #457 ) ;
#3272 = ADVANCED_FACE ( 'NONE', ( #1757 ), #3614, .F. ) ;
#3273 = CARTESIAN_POINT ( 'NONE',  ( 3.499999999999999556, 2.640000000000001013, 2.000000000000000444 ) ) ;
#3274 = CLOSED_SHELL ( 'NONE', ( #1332, #862, #1087, #1281, #4125, #3762, #1869, #14, #330, #2740, #1240, #2867, #382 ) ) ;
#3275 = FACE_OUTER_BOUND ( 'NONE', #1414, .T. ) ;
#3276 = DIRECTION ( 'NONE',  ( 1.000000000000000000, 1.204669080539449344E-16, 0.000000000000000000 ) ) ;
#3277 = AXIS2_PLACEMENT_3D ( 'NONE', #2797, #1129, #3788 ) ;
#3278 = CLOSED_SHELL ( 'NONE', ( #764, #2381, #3902, #2633, #1023, #2062, #689, #721, #1559, #1925, #921, #1060, #2328 ) ) ;
#3279 = VERTEX_POINT ( 'NONE', #1706 ) ;
#3280 = LINE ( 'NONE', #2341, #386 ) ;
#3281 = CARTESIAN_POINT ( 'NONE',  ( -2.499999999999999112, 10.00000000000000000, 0.2000000000000005107 ) ) ;
#3282 = PRODUCT_DEFINITION_SHAPE ( 'NONE', 'NONE',  #1270 ) ;
#3283 = VERTEX_POINT ( 'NONE', #2997 ) ;
#3284 = VERTEX_POINT ( 'NONE', #464 ) ;
#3285 = VERTEX_POINT ( 'NONE', #4151 ) ;
#3286 = CARTESIAN_POINT ( 'NONE',  ( 0.7000000000000000666, 5.900000000000000355, -3.020000000000000018 ) ) ;
#3287 = ORIENTED_EDGE ( 'NONE', *, *, #1158, .F. ) ;
#3288 = LINE ( 'NONE', #773, #1805 ) ;
#3289 = DIRECTION ( 'NONE',  ( 1.770125995894700463E-16, -1.000000000000000000, 0.000000000000000000 ) ) ;
#3290 = ORIENTED_EDGE ( 'NONE', *, *, #176, .T. ) ;
#3291 =( LENGTH_UNIT ( ) NAMED_UNIT ( * ) SI_UNIT ( .MILLI., .METRE. ) );
#3292 = CARTESIAN_POINT ( 'NONE',  ( -2.499999999999998668, 8.500000000000000000, -1.799999999999999600 ) ) ;
#3293 = LINE ( 'NONE', #1325, #663 ) ;
#3294 = CARTESIAN_POINT ( 'NONE',  ( 0.7000000000000009548, 5.045748461694008924, 2.800000000000000266 ) ) ;
#3295 = PLANE ( 'NONE',  #2566 ) ;
#3296 = ORIENTED_EDGE ( 'NONE', *, *, #1360, .F. ) ;
#3297 = ORIENTED_EDGE ( 'NONE', *, *, #176, .F. ) ;
#3298 = FACE_OUTER_BOUND ( 'NONE', #1664, .T. ) ;
#3299 =( LENGTH_UNIT ( ) NAMED_UNIT ( * ) SI_UNIT ( .MILLI., .METRE. ) );
#3300 = DIRECTION ( 'NONE',  ( -1.000000000000000000, 0.000000000000000000, -1.777380610631974876E-17 ) ) ;
#3301 = EDGE_CURVE ( 'NONE', #218, #1778, #3033, .T. ) ;
#3302 = DIRECTION ( 'NONE',  ( 1.000000000000000000, 0.000000000000000000, 0.000000000000000000 ) ) ;
#3303 = EDGE_LOOP ( 'NONE', ( #275, #1948, #553, #1913 ) ) ;
#3304 = DIRECTION ( 'NONE',  ( -1.000000000000000000, -1.327594496921025224E-16, 0.000000000000000000 ) ) ;
#3305 = ORIENTED_EDGE ( 'NONE', *, *, #1284, .F. ) ;
#3306 = ORIENTED_EDGE ( 'NONE', *, *, #1030, .T. ) ;
#3307 = VERTEX_POINT ( 'NONE', #2039 ) ;
#3308 = AXIS2_PLACEMENT_3D ( 'NONE', #1042, #1205, #4161 ) ;
#3309 = DIRECTION ( 'NONE',  ( 0.000000000000000000, 1.000000000000000000, 0.000000000000000000 ) ) ;
#3310 = ORIENTED_EDGE ( 'NONE', *, *, #2526, .T. ) ;
#3311 = EDGE_CURVE ( 'NONE', #3006, #2277, #3060, .T. ) ;
#3312 = ORIENTED_EDGE ( 'NONE', *, *, #174, .T. ) ;
#3313 = DIRECTION ( 'NONE',  ( -0.000000000000000000, -0.000000000000000000, 1.000000000000000000 ) ) ;
#3314 = ADVANCED_FACE ( 'NONE', ( #343 ), #3080, .F. ) ;
#3315 = ORIENTED_EDGE ( 'NONE', *, *, #58, .T. ) ;
#3316 = EDGE_LOOP ( 'NONE', ( #2970, #1536, #21, #38 ) ) ;
#3317 = EDGE_CURVE ( 'NONE', #3418, #253, #1707, .T. ) ;
#3318 = EDGE_LOOP ( 'NONE', ( #4029, #4024, #503, #3297, #496, #830, #4056, #809 ) ) ;
#3319 = LINE ( 'NONE', #375, #1885 ) ;
#3320 = ADVANCED_FACE ( 'NONE', ( #1634 ), #3156, .F. ) ;
#3321 = CARTESIAN_POINT ( 'NONE',  ( -4.367484939698309532, 15.37401153701776124, 0.5500000000000004885 ) ) ;
#3322 = ORIENTED_EDGE ( 'NONE', *, *, #3535, .T. ) ;
#3323 = ORIENTED_EDGE ( 'NONE', *, *, #1543, .F. ) ;
#3324 = EDGE_CURVE ( 'NONE', #408, #2982, #361, .T. ) ;
#3325 = VERTEX_POINT ( 'NONE', #2211 ) ;
#3326 = ORIENTED_EDGE ( 'NONE', *, *, #2085, .T. ) ;
#3327 = DIRECTION ( 'NONE',  ( 1.000000000000000000, 0.000000000000000000, 0.000000000000000000 ) ) ;
#3328 = ORIENTED_EDGE ( 'NONE', *, *, #1956, .T. ) ;
#3329 = VECTOR ( 'NONE', #3041, 1000.000000000000000 ) ;
#3330 = AXIS2_PLACEMENT_3D ( 'NONE', #744, #3366, #3259 ) ;
#3331 = PLANE ( 'NONE',  #2522 ) ;
#3332 = ORIENTED_EDGE ( 'NONE', *, *, #3317, .T. ) ;
#3333 = DIRECTION ( 'NONE',  ( 1.000000000000000000, 1.770125995894700463E-16, -0.000000000000000000 ) ) ;
#3334 = ORIENTED_EDGE ( 'NONE', *, *, #2275, .F. ) ;
#3335 = EDGE_CURVE ( 'NONE', #1711, #10, #1672, .T. ) ;
#3336 = ORIENTED_EDGE ( 'NONE', *, *, #532, .T. ) ;
#3337 = VERTEX_POINT ( 'NONE', #231 ) ;
#3338 = ORIENTED_EDGE ( 'NONE', *, *, #2691, .T. ) ;
#3339 = LINE ( 'NONE', #3952, #651 ) ;
#3340 = CARTESIAN_POINT ( 'NONE',  ( -0.6999999999999992895, 1.000000000000000000, 3.800000000000000266 ) ) ;
#3341 = ORIENTED_EDGE ( 'NONE', *, *, #174, .F. ) ;
#3342 = CARTESIAN_POINT ( 'NONE',  ( 2.500000000000000888, 15.37401153701776124, -1.699999999999999512 ) ) ;
#3343 = ORIENTED_EDGE ( 'NONE', *, *, #2848, .F. ) ;
#3344 = MANIFOLD_SOLID_BREP ( 'Cut-Extrude8', #1415 ) ;
#3345 = FACE_OUTER_BOUND ( 'NONE', #1616, .T. ) ;
#3346 = ORIENTED_EDGE ( 'NONE', *, *, #1278, .F. ) ;
#3347 = CARTESIAN_POINT ( 'NONE',  ( 2.500000000000000888, 10.00000000000000000, 0.2000000000000005107 ) ) ;
#3348 = EDGE_LOOP ( 'NONE', ( #1572, #2886, #2910, #180 ) ) ;
#3349 = EDGE_LOOP ( 'NONE', ( #1084, #4048, #2981, #1371 ) ) ;
#3350 = ORIENTED_EDGE ( 'NONE', *, *, #796, .T. ) ;
#3351 = DIRECTION ( 'NONE',  ( -0.000000000000000000, -0.000000000000000000, 1.000000000000000000 ) ) ;
#3352 = LINE ( 'NONE', #1566, #552 ) ;
#3353 = PLANE ( 'NONE',  #1136 ) ;
#3354 =( BOUNDED_CURVE ( )  B_SPLINE_CURVE ( 3, ( #1089, #1792, #3075, #2383 ),
 .UNSPECIFIED., .F., .F. ) 
 B_SPLINE_CURVE_WITH_KNOTS ( ( 4, 4 ),
 ( 4.712388980384689674, 7.853981633974482790 ),
 .UNSPECIFIED. ) 
 CURVE ( )  GEOMETRIC_REPRESENTATION_ITEM ( )  RATIONAL_B_SPLINE_CURVE ( ( 1.000000000000000000, 0.3333333333333333703, 0.3333333333333333703, 1.000000000000000000 ) ) 
 REPRESENTATION_ITEM ( '' )  );
#3355 = EDGE_LOOP ( 'NONE', ( #1983, #3334, #3388, #2710 ) ) ;
#3356 =( LENGTH_UNIT ( ) NAMED_UNIT ( * ) SI_UNIT ( .MILLI., .METRE. ) );
#3357 = VERTEX_POINT ( 'NONE', #1909 ) ;
#3358 = ORIENTED_EDGE ( 'NONE', *, *, #2010, .T. ) ;
#3359 = LINE ( 'NONE', #401, #1985 ) ;
#3360 = CARTESIAN_POINT ( 'NONE',  ( 4.299999999999998934, 5.045748461694009812, 2.800000000000000266 ) ) ;
#3361 = VERTEX_POINT ( 'NONE', #592 ) ;
#3362 = CARTESIAN_POINT ( 'NONE',  ( 0.7000000000000000666, 5.900000000000000355, -3.020000000000000018 ) ) ;
#3363 = ADVANCED_FACE ( 'NONE', ( #1742 ), #1420, .T. ) ;
#3364 = ORIENTED_EDGE ( 'NONE', *, *, #1069, .F. ) ;
#3365 = CARTESIAN_POINT ( 'NONE',  ( 4.299999999999999822, 5.900000000000001243, 3.800000000000000266 ) ) ;
#3366 = DIRECTION ( 'NONE',  ( 0.000000000000000000, -1.000000000000000000, 0.000000000000000000 ) ) ;
#3367 = LINE ( 'NONE', #2332, #3412 ) ;
#3368 = AXIS2_PLACEMENT_3D ( 'NONE', #2354, #975, #1040 ) ;
#3369 = EDGE_CURVE ( 'NONE', #1440, #661, #1688, .T. ) ;
#3370 = ORIENTED_EDGE ( 'NONE', *, *, #634, .T. ) ;
#3371 = CIRCLE ( 'NONE', #185, 1.899999999999999689 ) ;
#3372 = DIRECTION ( 'NONE',  ( 0.000000000000000000, 0.000000000000000000, -1.000000000000000000 ) ) ;
#3373 = ADVANCED_FACE ( 'NONE', ( #3146 ), #140, .F. ) ;
#3374 = DIRECTION ( 'NONE',  ( -0.000000000000000000, -0.000000000000000000, -1.000000000000000000 ) ) ;
#3375 = EDGE_LOOP ( 'NONE', ( #3037, #312, #69, #3001 ) ) ;
#3376 = CARTESIAN_POINT ( 'NONE',  ( -5.000000000000000888, 0.000000000000000000, 3.800000000000000266 ) ) ;
#3377 = EDGE_CURVE ( 'NONE', #81, #2436, #3117, .T. ) ;
#3378 = ORIENTED_EDGE ( 'NONE', *, *, #402, .F. ) ;
#3379 = AXIS2_PLACEMENT_3D ( 'NONE', #770, #1015, #1303 ) ;
#3380 = LINE ( 'NONE', #2356, #1817 ) ;
#3381 = VERTEX_POINT ( 'NONE', #1809 ) ;
#3382 = COLOUR_RGB ( '',0.7921568627450980005, 0.8196078431372548767, 0.9333333333333333481 ) ;
#3383 = EDGE_CURVE ( 'NONE', #462, #2770, #259, .T. ) ;
#3384 = DIRECTION ( 'NONE',  ( 0.000000000000000000, 0.000000000000000000, -1.000000000000000000 ) ) ;
#3385 = CARTESIAN_POINT ( 'NONE',  ( -4.399999999999999467, 9.199999999999999289, 0.5500000000000004885 ) ) ;
#3386 = VERTEX_POINT ( 'NONE', #2410 ) ;
#3387 = EDGE_CURVE ( 'NONE', #2654, #3975, #316, .T. ) ;
#3388 = ORIENTED_EDGE ( 'NONE', *, *, #2271, .F. ) ;
#3389 = CARTESIAN_POINT ( 'NONE',  ( -2.500000000000000000, 0.000000000000000000, 0.2000000000000005107 ) ) ;
#3390 = VECTOR ( 'NONE', #3816, 1000.000000000000000 ) ;
#3391 = DIRECTION ( 'NONE',  ( -0.000000000000000000, 1.000000000000000000, -0.000000000000000000 ) ) ;
#3392 = ORIENTED_EDGE ( 'NONE', *, *, #2691, .F. ) ;
#3393 = FACE_OUTER_BOUND ( 'NONE', #3138, .T. ) ;
#3394 = EDGE_CURVE ( 'NONE', #1328, #1549, #205, .T. ) ;
#3395 = CARTESIAN_POINT ( 'NONE',  ( 2.500000000000000888, -3.700000000000000178, 0.2000000000000005107 ) ) ;
#3396 = DIRECTION ( 'NONE',  ( -1.000000000000000000, 0.000000000000000000, 0.000000000000000000 ) ) ;
#3397 = ORIENTED_EDGE ( 'NONE', *, *, #946, .F. ) ;
#3398 = ORIENTED_EDGE ( 'NONE', *, *, #1715, .F. ) ;
#3399 = AXIS2_PLACEMENT_3D ( 'NONE', #2285, #2983, #3601 ) ;
#3400 = LINE ( 'NONE', #3199, #1826 ) ;
#3401 = VECTOR ( 'NONE', #3737, 1000.000000000000000 ) ;
#3402 = DIRECTION ( 'NONE',  ( 0.000000000000000000, 1.000000000000000000, -0.000000000000000000 ) ) ;
#3403 = VERTEX_POINT ( 'NONE', #1874 ) ;
#3404 = DIRECTION ( 'NONE',  ( -1.327594496921025224E-16, 1.000000000000000000, -0.000000000000000000 ) ) ;
#3405 =( LENGTH_UNIT ( ) NAMED_UNIT ( * ) SI_UNIT ( .MILLI., .METRE. ) );
#3406 = VECTOR ( 'NONE', #2932, 1000.000000000000000 ) ;
#3407 = VECTOR ( 'NONE', #286, 1000.000000000000000 ) ;
#3408 = ADVANCED_FACE ( 'NONE', ( #234 ), #620, .F. ) ;
#3409 = DIRECTION ( 'NONE',  ( -2.409338161078898687E-16, 1.000000000000000000, 0.000000000000000000 ) ) ;
#3410 = ORIENTED_EDGE ( 'NONE', *, *, #495, .T. ) ;
#3411 = DIRECTION ( 'NONE',  ( -0.8660254037844420383, 0.000000000000000000, -0.4999999999999939493 ) ) ;
#3412 = VECTOR ( 'NONE', #2825, 1000.000000000000000 ) ;
#3413 = FACE_OUTER_BOUND ( 'NONE', #1210, .T. ) ;
#3414 = VECTOR ( 'NONE', #1157, 1000.000000000000000 ) ;
#3415 = DIRECTION ( 'NONE',  ( -1.000000000000000000, 0.000000000000000000, 0.000000000000000000 ) ) ;
#3416 = DIRECTION ( 'NONE',  ( 1.204669080539449344E-16, -1.000000000000000000, 0.000000000000000000 ) ) ;
#3417 = ORIENTED_EDGE ( 'NONE', *, *, #1045, .F. ) ;
#3418 = VERTEX_POINT ( 'NONE', #3548 ) ;
#3419 = DIRECTION ( 'NONE',  ( 1.204669080539449344E-16, -1.000000000000000000, 0.000000000000000000 ) ) ;
#3420 = FACE_OUTER_BOUND ( 'NONE', #1576, .T. ) ;
#3421 = LINE ( 'NONE', #1847, #3401 ) ;
#3422 = DIRECTION ( 'NONE',  ( 0.000000000000000000, -0.000000000000000000, -1.000000000000000000 ) ) ;
#3423 = ORIENTED_EDGE ( 'NONE', *, *, #3749, .F. ) ;
#3424 = VERTEX_POINT ( 'NONE', #3974 ) ;
#3425 = LINE ( 'NONE', #3747, #2102 ) ;
#3426 = VECTOR ( 'NONE', #2772, 1000.000000000000000 ) ;
#3427 = AXIS2_PLACEMENT_3D ( 'NONE', #3048, #2122, #3963 ) ;
#3428 = EDGE_LOOP ( 'NONE', ( #1474, #1063, #1928, #2847 ) ) ;
#3429 = MECHANICAL_DESIGN_GEOMETRIC_PRESENTATION_REPRESENTATION (  '', ( #746 ), #4057 ) ;
#3430 = DIRECTION ( 'NONE',  ( 0.000000000000000000, 0.000000000000000000, 1.000000000000000000 ) ) ;
#3431 = PLANE ( 'NONE',  #2142 ) ;
#3432 = VECTOR ( 'NONE', #1090, 1000.000000000000000 ) ;
#3433 = VECTOR ( 'NONE', #3289, 1000.000000000000000 ) ;
#3434 = EDGE_CURVE ( 'NONE', #499, #1843, #1725, .T. ) ;
#3435 = EDGE_CURVE ( 'NONE', #393, #218, #1607, .T. ) ;
#3436 = DIRECTION ( 'NONE',  ( -1.000000000000000000, -2.409338161078898687E-16, 0.000000000000000000 ) ) ;
#3437 = PLANE ( 'NONE',  #3125 ) ;
#3438 = CARTESIAN_POINT ( 'NONE',  ( -0.6999999999999998446, 5.900000000000001243, -3.020000000000000018 ) ) ;
#3439 = ORIENTED_EDGE ( 'NONE', *, *, #3717, .F. ) ;
#3440 = DIRECTION ( 'NONE',  ( 0.000000000000000000, -0.000000000000000000, 1.000000000000000000 ) ) ;
#3441 = LINE ( 'NONE', #2709, #3512 ) ;
#3442 = EDGE_CURVE ( 'NONE', #3267, #461, #3932, .T. ) ;
#3443 = LINE ( 'NONE', #350, #677 ) ;
#3444 = PLANE ( 'NONE',  #609 ) ;
#3445 = CARTESIAN_POINT ( 'NONE',  ( 3.100000000000000089, 5.368065933568310300, 3.800000000000000266 ) ) ;
#3446 = ORIENTED_EDGE ( 'NONE', *, *, #3067, .F. ) ;
#3447 = CYLINDRICAL_SURFACE ( 'NONE', #1257, 0.1999999999999996503 ) ;
#3448 = DIRECTION ( 'NONE',  ( 1.000000000000000000, 0.000000000000000000, 0.000000000000000000 ) ) ;
#3449 = VECTOR ( 'NONE', #1961, 1000.000000000000000 ) ;
#3450 = VECTOR ( 'NONE', #3473, 1000.000000000000000 ) ;
#3451 = ADVANCED_FACE ( 'NONE', ( #3017 ), #333, .F. ) ;
#3452 = ORIENTED_EDGE ( 'NONE', *, *, #3577, .F. ) ;
#3453 = FACE_OUTER_BOUND ( 'NONE', #1571, .T. ) ;
#3454 = VECTOR ( 'NONE', #3664, 1000.000000000000114 ) ;
#3455 = FACE_OUTER_BOUND ( 'NONE', #1981, .T. ) ;
#3456 = DIRECTION ( 'NONE',  ( -0.000000000000000000, -0.000000000000000000, -1.000000000000000000 ) ) ;
#3457 = AXIS2_PLACEMENT_3D ( 'NONE', #1703, #2103, #3973 ) ;
#3458 = VERTEX_POINT ( 'NONE', #3888 ) ;
#3459 = DIRECTION ( 'NONE',  ( -0.000000000000000000, 1.000000000000000000, -0.000000000000000000 ) ) ;
#3460 = DIRECTION ( 'NONE',  ( 1.000000000000000000, 2.224004456380522396E-16, 0.000000000000000000 ) ) ;
#3461 = VECTOR ( 'NONE', #909, 1000.000000000000000 ) ;
#3462 = VECTOR ( 'NONE', #2925, 1000.000000000000000 ) ;
#3463 = LINE ( 'NONE', #3810, #2065 ) ;
#3464 = DIRECTION ( 'NONE',  ( 0.000000000000000000, 0.000000000000000000, -1.000000000000000000 ) ) ;
#3465 = ORIENTED_EDGE ( 'NONE', *, *, #2889, .F. ) ;
#3466 = CARTESIAN_POINT ( 'NONE',  ( -4.299999999999998934, 5.045748461694008924, 2.800000000000000266 ) ) ;
#3467 = VECTOR ( 'NONE', #1390, 1000.000000000000000 ) ;
#3468 = LINE ( 'NONE', #3376, #3449 ) ;
#3469 = ORIENTED_EDGE ( 'NONE', *, *, #3250, .F. ) ;
#3470 = VECTOR ( 'NONE', #3078, 1000.000000000000000 ) ;
#3471 = CARTESIAN_POINT ( 'NONE',  ( -1.999999999999998668, -9.214213562373096522, 0.2000000000000005662 ) ) ;
#3472 = CIRCLE ( 'NONE', #3715, 2.000000000000000000 ) ;
#3473 = DIRECTION ( 'NONE',  ( -0.000000000000000000, 1.000000000000000000, -0.000000000000000000 ) ) ;
#3474 = LINE ( 'NONE', #1036, #673 ) ;
#3475 = DIRECTION ( 'NONE',  ( 1.000000000000000000, 0.000000000000000000, 0.000000000000000000 ) ) ;
#3476 = DIRECTION ( 'NONE',  ( -0.000000000000000000, -0.000000000000000000, 1.000000000000000000 ) ) ;
#3477 = CARTESIAN_POINT ( 'NONE',  ( 3.499999999999999556, 2.640000000000001013, 2.000000000000000444 ) ) ;
#3478 = ORIENTED_EDGE ( 'NONE', *, *, #2918, .F. ) ;
#3479 = EDGE_CURVE ( 'NONE', #2864, #3361, #211, .T. ) ;
#3480 = VECTOR ( 'NONE', #869, 1000.000000000000000 ) ;
#3481 = AXIS2_PLACEMENT_3D ( 'NONE', #1494, #3802, #2458 ) ;
#3482 = VECTOR ( 'NONE', #3989, 1000.000000000000000 ) ;
#3483 = EDGE_CURVE ( 'NONE', #1758, #3337, #1618, .T. ) ;
#3484 = CARTESIAN_POINT ( 'NONE',  ( -4.299999999999999822, 5.900000000000000355, -3.020000000000000018 ) ) ;
#3485 = DIRECTION ( 'NONE',  ( 0.000000000000000000, 0.000000000000000000, -1.000000000000000000 ) ) ;
#3486 = ADVANCED_FACE ( 'NONE', ( #574 ), #710, .F. ) ;
#3487 = VERTEX_POINT ( 'NONE', #3286 ) ;
#3488 = EDGE_CURVE ( 'NONE', #590, #1936, #3251, .T. ) ;
#3489 = LINE ( 'NONE', #835, #760 ) ;
#3490 = EDGE_CURVE ( 'NONE', #54, #1035, #1810, .T. ) ;
#3491 = LINE ( 'NONE', #1074, #730 ) ;
#3492 = DIRECTION ( 'NONE',  ( -0.000000000000000000, -0.000000000000000000, -1.000000000000000000 ) ) ;
#3493 = EDGE_CURVE ( 'NONE', #2436, #2487, #3380, .T. ) ;
#3494 = CARTESIAN_POINT ( 'NONE',  ( -4.330000000000000071, -3.899999999999999023, -2.409585481156657494 ) ) ;
#3495 = ORIENTED_EDGE ( 'NONE', *, *, #1978, .T. ) ;
#3496 = LINE ( 'NONE', #3539, #2150 ) ;
#3497 = DIRECTION ( 'NONE',  ( 1.000000000000000000, 0.000000000000000000, 0.000000000000000000 ) ) ;
#3498 = LINE ( 'NONE', #2989, #708 ) ;
#3499 = LINE ( 'NONE', #3833, #615 ) ;
#3500 = ADVANCED_FACE ( 'NONE', ( #3216 ), #440, .F. ) ;
#3501 = LINE ( 'NONE', #1501, #3480 ) ;
#3502 = VECTOR ( 'NONE', #2290, 1000.000000000000000 ) ;
#3503 = CARTESIAN_POINT ( 'NONE',  ( -5.000000000000000888, 0.000000000000000000, 3.800000000000000266 ) ) ;
#3504 = DIRECTION ( 'NONE',  ( 1.000000000000000000, -0.000000000000000000, -0.000000000000000000 ) ) ;
#3505 =( BOUNDED_CURVE ( )  B_SPLINE_CURVE ( 3, ( #198, #4038, #2508, #950 ),
 .UNSPECIFIED., .F., .F. ) 
 B_SPLINE_CURVE_WITH_KNOTS ( ( 4, 4 ),
 ( 1.570796326794896558, 4.712388980384689674 ),
 .UNSPECIFIED. ) 
 CURVE ( )  GEOMETRIC_REPRESENTATION_ITEM ( )  RATIONAL_B_SPLINE_CURVE ( ( 1.000000000000000000, 0.3333333333333333703, 0.3333333333333333703, 1.000000000000000000 ) ) 
 REPRESENTATION_ITEM ( '' )  );
#3506 = LINE ( 'NONE', #2678, #3470 ) ;
#3507 = VECTOR ( 'NONE', #3853, 1000.000000000000000 ) ;
#3508 = LINE ( 'NONE', #2502, #716 ) ;
#3509 = DIRECTION ( 'NONE',  ( 0.000000000000000000, 0.000000000000000000, -1.000000000000000000 ) ) ;
#3510 = PLANE ( 'NONE',  #404 ) ;
#3511 = DIRECTION ( 'NONE',  ( -1.000000000000000000, 0.000000000000000000, 0.000000000000000000 ) ) ;
#3512 = VECTOR ( 'NONE', #3492, 1000.000000000000000 ) ;
#3513 = LINE ( 'NONE', #3981, #686 ) ;
#3514 = CARTESIAN_POINT ( 'NONE',  ( 2.500000000000000888, 8.500000000000000000, 2.200000000000000622 ) ) ;
#3515 = VECTOR ( 'NONE', #209, 1000.000000000000000 ) ;
#3516 = DIRECTION ( 'NONE',  ( 0.000000000000000000, 0.000000000000000000, 1.000000000000000000 ) ) ;
#3517 = CARTESIAN_POINT ( 'NONE',  ( -2.874999999999998668, 9.199999999999999289, 1.350000000000000977 ) ) ;
#3518 = VECTOR ( 'NONE', #2408, 1000.000000000000114 ) ;
#3519 = CARTESIAN_POINT ( 'NONE',  ( -2.499999999999999112, 15.37401153701776124, 0.2000000000000005107 ) ) ;
#3520 = FACE_OUTER_BOUND ( 'NONE', #3428, .T. ) ;
#3521 = LINE ( 'NONE', #2540, #3531 ) ;
#3522 = AXIS2_PLACEMENT_3D ( 'NONE', #1456, #2167, #623 ) ;
#3523 = DIRECTION ( 'NONE',  ( 0.000000000000000000, 0.000000000000000000, -1.000000000000000000 ) ) ;
#3524 = LINE ( 'NONE', #3261, #2123 ) ;
#3525 = EDGE_CURVE ( 'NONE', #2996, #481, #451, .T. ) ;
#3526 = AXIS2_PLACEMENT_3D ( 'NONE', #3786, #2505, #1125 ) ;
#3527 = DIRECTION ( 'NONE',  ( 1.000000000000000000, -0.000000000000000000, -0.000000000000000000 ) ) ;
#3528 = CARTESIAN_POINT ( 'NONE',  ( -2.874999999999998668, 9.199999999999999289, 0.5500000000000004885 ) ) ;
#3529 = AXIS2_PLACEMENT_3D ( 'NONE', #1283, #3898, #28 ) ;
#3530 = VECTOR ( 'NONE', #2086, 1000.000000000000000 ) ;
#3531 = VECTOR ( 'NONE', #1164, 1000.000000000000000 ) ;
#3532 = EDGE_CURVE ( 'NONE', #3228, #2901, #558, .T. ) ;
#3533 = DIRECTION ( 'NONE',  ( -1.000000000000000000, 0.000000000000000000, 1.777380610631973643E-17 ) ) ;
#3534 = LINE ( 'NONE', #281, #2165 ) ;
#3535 = EDGE_CURVE ( 'NONE', #98, #3789, #1802, .T. ) ;
#3536 = CIRCLE ( 'NONE', #3569, 1.899999999999999689 ) ;
#3537 = CARTESIAN_POINT ( 'NONE',  ( -0.6999999999999992895, 1.000000000000000000, 2.299999999999999822 ) ) ;
#3538 = CYLINDRICAL_SURFACE ( 'NONE', #2267, 0.5000000000000000000 ) ;
#3539 = CARTESIAN_POINT ( 'NONE',  ( -1.949999999999999956, 10.00000000000000178, -2.649999999999999467 ) ) ;
#3540 = AXIS2_PLACEMENT_3D ( 'NONE', #3847, #3333, #1238 ) ;
#3541 = DIRECTION ( 'NONE',  ( 0.000000000000000000, -1.000000000000000000, 0.000000000000000000 ) ) ;
#3542 = EDGE_CURVE ( 'NONE', #3361, #2469, #3174, .T. ) ;
#3543 = FACE_BOUND ( 'NONE', #1428, .T. ) ;
#3544 = PLANE ( 'NONE',  #2841 ) ;
#3545 = FACE_OUTER_BOUND ( 'NONE', #145, .T. ) ;
#3546 = DIRECTION ( 'NONE',  ( 0.000000000000000000, 0.000000000000000000, 1.000000000000000000 ) ) ;
#3547 = VECTOR ( 'NONE', #2422, 1000.000000000000000 ) ;
#3548 = CARTESIAN_POINT ( 'NONE',  ( 4.367484939698311308, 9.500000000000000000, -0.1499999999999994393 ) ) ;
#3549 = FACE_OUTER_BOUND ( 'NONE', #1666, .T. ) ;
#3550 = FACE_BOUND ( 'NONE', #852, .T. ) ;
#3551 = DIRECTION ( 'NONE',  ( 0.000000000000000000, -1.000000000000000000, 0.000000000000000000 ) ) ;
#3552 = DIRECTION ( 'NONE',  ( -0.000000000000000000, -0.000000000000000000, -1.000000000000000000 ) ) ;
#3553 = LINE ( 'NONE', #2312, #695 ) ;
#3554 = LINE ( 'NONE', #1094, #747 ) ;
#3555 = CARTESIAN_POINT ( 'NONE',  ( -2.124999999999998668, 9.199999999999999289, 1.350000000000000977 ) ) ;
#3556 = PLANE ( 'NONE',  #2303 ) ;
#3557 = ADVANCED_FACE ( 'NONE', ( #425 ), #2282, .F. ) ;
#3558 = DIRECTION ( 'NONE',  ( 0.000000000000000000, 0.000000000000000000, -1.000000000000000000 ) ) ;
#3559 = VECTOR ( 'NONE', #1345, 1000.000000000000000 ) ;
#3560 = CARTESIAN_POINT ( 'NONE',  ( 2.500000000000000888, 8.500000000000000000, 2.200000000000000622 ) ) ;
#3561 = CIRCLE ( 'NONE', #3119, 0.4999999999999998890 ) ;
#3562 = CARTESIAN_POINT ( 'NONE',  ( -2.499999999999999112, -3.899999999999999911, 0.5000000000000004441 ) ) ;
#3563 = DIRECTION ( 'NONE',  ( 0.000000000000000000, -1.000000000000000000, 0.000000000000000000 ) ) ;
#3564 = AXIS2_PLACEMENT_3D ( 'NONE', #2877, #1853, #2240 ) ;
#3565 = VECTOR ( 'NONE', #1490, 1000.000000000000000 ) ;
#3566 = EDGE_CURVE ( 'NONE', #3054, #10, #389, .T. ) ;
#3567 = DIRECTION ( 'NONE',  ( 1.000000000000000000, 0.000000000000000000, 0.000000000000000000 ) ) ;
#3568 = EDGE_CURVE ( 'NONE', #1393, #3660, #3359, .T. ) ;
#3569 = AXIS2_PLACEMENT_3D ( 'NONE', #48, #3685, #2338 ) ;
#3570 = DIRECTION ( 'NONE',  ( -0.000000000000000000, 0.000000000000000000, 1.000000000000000000 ) ) ;
#3571 = CIRCLE ( 'NONE', #2661, 0.5000000000000000000 ) ;
#3572 = AXIS2_PLACEMENT_3D ( 'NONE', #3636, #1565, #2814 ) ;
#3573 = EDGE_CURVE ( 'NONE', #2717, #1583, #2019, .T. ) ;
#3574 = SURFACE_STYLE_USAGE ( .BOTH. , #2512 ) ;
#3575 = CARTESIAN_POINT ( 'NONE',  ( -1.500000000000000444, 3.215000000000000746, 1.900000000000000577 ) ) ;
#3576 = CARTESIAN_POINT ( 'NONE',  ( -3.499999999999999556, 2.640000000000001013, 2.800000000000000266 ) ) ;
#3577 = EDGE_CURVE ( 'NONE', #3112, #34, #1993, .T. ) ;
#3578 = EDGE_CURVE ( 'NONE', #1920, #490, #588, .T. ) ;
#3579 = FACE_OUTER_BOUND ( 'NONE', #3303, .T. ) ;
#3580 = CARTESIAN_POINT ( 'NONE',  ( 5.000000000000000000, 9.500000000000000000, -0.1499999999999994393 ) ) ;
#3581 = DIRECTION ( 'NONE',  ( 1.000000000000000000, 2.409338161078898687E-16, 0.000000000000000000 ) ) ;
#3582 = EDGE_CURVE ( 'NONE', #1583, #3147, #459, .T. ) ;
#3583 = PLANE ( 'NONE',  #1955 ) ;
#3584 = STYLED_ITEM ( 'NONE', ( #2021 ), #926 ) ;
#3585 = CARTESIAN_POINT ( 'NONE',  ( -0.6999999999999998446, 5.900000000000001243, -3.020000000000000018 ) ) ;
#3586 = LINE ( 'NONE', #1012, #2140 ) ;
#3587 = CARTESIAN_POINT ( 'NONE',  ( -2.874999999999998668, 9.199999999999999289, -0.1499999999999994671 ) ) ;
#3588 = CARTESIAN_POINT ( 'NONE',  ( -2.124999999999998668, 9.500000000000000000, 1.350000000000000977 ) ) ;
#3589 = PLANE ( 'NONE',  #3661 ) ;
#3590 = CYLINDRICAL_SURFACE ( 'NONE', #1769, 0.5500000000000001554 ) ;
#3591 = AXIS2_PLACEMENT_3D ( 'NONE', #550, #2225, #2485 ) ;
#3592 = ADVANCED_FACE ( 'NONE', ( #443 ), #1770, .F. ) ;
#3593 = ORIENTED_EDGE ( 'NONE', *, *, #2040, .F. ) ;
#3594 = DIRECTION ( 'NONE',  ( -1.000000000000000000, 0.000000000000000000, -1.777380610631974876E-17 ) ) ;
#3595 = FACE_OUTER_BOUND ( 'NONE', #1343, .T. ) ;
#3596 = CARTESIAN_POINT ( 'NONE',  ( 5.000000000000000000, 9.500000000000000000, 0.5500000000000004885 ) ) ;
#3597 = VECTOR ( 'NONE', #2559, 1000.000000000000000 ) ;
#3598 = CARTESIAN_POINT ( 'NONE',  ( -2.527387470581984541, -0.000000000000000000, -4.377563509461045221 ) ) ;
#3599 = LINE ( 'NONE', #2833, #738 ) ;
#3600 = DIRECTION ( 'NONE',  ( 0.000000000000000000, -0.8763066800438664705, -0.4817536741017101609 ) ) ;
#3601 = DIRECTION ( 'NONE',  ( 0.000000000000000000, 0.000000000000000000, -1.000000000000000000 ) ) ;
#3602 = DIRECTION ( 'NONE',  ( 0.000000000000000000, 0.000000000000000000, 1.000000000000000000 ) ) ;
#3603 = CARTESIAN_POINT ( 'NONE',  ( -2.499999999999999112, -3.700000000000000178, 0.2000000000000005107 ) ) ;
#3604 = CARTESIAN_POINT ( 'NONE',  ( 0.7000000000000009548, 0.9999999999999995559, -3.020000000000000018 ) ) ;
#3605 = ORIENTED_EDGE ( 'NONE', *, *, #990, .F. ) ;
#3606 = DIRECTION ( 'NONE',  ( -0.000000000000000000, 0.000000000000000000, 1.000000000000000000 ) ) ;
#3607 = DIRECTION ( 'NONE',  ( 0.000000000000000000, 1.000000000000000000, 0.000000000000000000 ) ) ;
#3608 = ORIENTED_EDGE ( 'NONE', *, *, #3774, .F. ) ;
#3609 = CARTESIAN_POINT ( 'NONE',  ( -1.900000000000000133, 5.368065933568310300, 0.2000000000000005107 ) ) ;
#3610 = DIRECTION ( 'NONE',  ( 1.000000000000000000, 0.000000000000000000, 0.000000000000000000 ) ) ;
#3611 = ORIENTED_EDGE ( 'NONE', *, *, #589, .T. ) ;
#3612 = VECTOR ( 'NONE', #1578, 1000.000000000000000 ) ;
#3613 = AXIS2_PLACEMENT_3D ( 'NONE', #3091, #899, #3448 ) ;
#3614 = PLANE ( 'NONE',  #2773 ) ;
#3615 = ORIENTED_EDGE ( 'NONE', *, *, #882, .T. ) ;
#3616 = CARTESIAN_POINT ( 'NONE',  ( -4.299999999999998934, 5.045748461694008924, 2.300000000000000266 ) ) ;
#3617 = FACE_OUTER_BOUND ( 'NONE', #1178, .T. ) ;
#3618 = ORIENTED_EDGE ( 'NONE', *, *, #534, .F. ) ;
#3619 = CARTESIAN_POINT ( 'NONE',  ( -2.124999999999998668, 9.199999999999999289, 1.350000000000000977 ) ) ;
#3620 = CIRCLE ( 'NONE', #2177, 0.5500000000000001554 ) ;
#3621 = EDGE_CURVE ( 'NONE', #1908, #98, #567, .T. ) ;
#3622 = EDGE_CURVE ( 'NONE', #2219, #1834, #3400, .T. ) ;
#3623 = ADVANCED_FACE ( 'NONE', ( #394, #1837, #3413 ), #1924, .F. ) ;
#3624 = EDGE_LOOP ( 'NONE', ( #3089, #4061, #1160, #3951, #3650 ) ) ;
#3625 = DIRECTION ( 'NONE',  ( -0.000000000000000000, 1.000000000000000000, -0.000000000000000000 ) ) ;
#3626 = CARTESIAN_POINT ( 'NONE',  ( -2.500000000000000000, 2.999999999999999112, -3.020000000000000018 ) ) ;
#3627 = ADVANCED_FACE ( 'NONE', ( #3345 ), #4059, .F. ) ;
#3628 = ORIENTED_EDGE ( 'NONE', *, *, #954, .T. ) ;
#3629 = LINE ( 'NONE', #1143, #2201 ) ;
#3630 = FILL_AREA_STYLE ('',( #2914 ) ) ;
#3631 = DIRECTION ( 'NONE',  ( 1.015347001549929225E-15, -1.000000000000000000, -0.000000000000000000 ) ) ;
#3632 = ORIENTED_EDGE ( 'NONE', *, *, #956, .F. ) ;
#3633 = SURFACE_STYLE_FILL_AREA ( #2152 ) ;
#3634 = DIRECTION ( 'NONE',  ( -1.000000000000000000, -2.409338161078898687E-16, 0.000000000000000000 ) ) ;
#3635 = ORIENTED_EDGE ( 'NONE', *, *, #1515, .F. ) ;
#3636 = CARTESIAN_POINT ( 'NONE',  ( -4.530000000000000249, 0.000000000000000000, -2.409585481156657938 ) ) ;
#3637 = CARTESIAN_POINT ( 'NONE',  ( 2.500000000000000000, 5.368065933568310300, 0.2000000000000005107 ) ) ;
#3638 = VECTOR ( 'NONE', #740, 1000.000000000000114 ) ;
#3639 = CARTESIAN_POINT ( 'NONE',  ( -3.499999999999999556, 3.215000000000000746, 1.900000000000000577 ) ) ;
#3640 = ORIENTED_EDGE ( 'NONE', *, *, #3772, .T. ) ;
#3641 = PLANE ( 'NONE',  #2288 ) ;
#3642 = DIRECTION ( 'NONE',  ( 0.000000000000000000, 0.000000000000000000, 1.000000000000000000 ) ) ;
#3643 = ORIENTED_EDGE ( 'NONE', *, *, #1367, .F. ) ;
#3644 = DIRECTION ( 'NONE',  ( 1.015347001549929225E-15, -1.000000000000000000, -0.000000000000000000 ) ) ;
#3645 = VECTOR ( 'NONE', #711, 1000.000000000000000 ) ;
#3646 = ORIENTED_EDGE ( 'NONE', *, *, #2230, .T. ) ;
#3647 = CARTESIAN_POINT ( 'NONE',  ( 1.900000000000000133, 5.368065933568310300, 0.2000000000000005107 ) ) ;
#3648 = PLANE ( 'NONE',  #3058 ) ;
#3649 = DIRECTION ( 'NONE',  ( 0.000000000000000000, -0.000000000000000000, 1.000000000000000000 ) ) ;
#3650 = ORIENTED_EDGE ( 'NONE', *, *, #3248, .F. ) ;
#3651 = DIRECTION ( 'NONE',  ( 0.000000000000000000, 0.9755345439458581458, -0.2198462043528307541 ) ) ;
#3652 = CARTESIAN_POINT ( 'NONE',  ( 1.900000000000000133, 5.368065933568310300, 0.2000000000000005107 ) ) ;
#3653 = MECHANICAL_DESIGN_GEOMETRIC_PRESENTATION_REPRESENTATION (  '', ( #1503 ), #2575 ) ;
#3654 = PRODUCT_RELATED_PRODUCT_CATEGORY ( 'part', '', ( #1017 ) ) ;
#3655 = CARTESIAN_POINT ( 'NONE',  ( -2.499999999999999112, 8.500000000000000000, 2.200000000000000622 ) ) ;
#3656 = DIRECTION ( 'NONE',  ( 0.000000000000000000, 1.000000000000000000, 0.000000000000000000 ) ) ;
#3657 = CARTESIAN_POINT ( 'NONE',  ( 4.999999999999999112, 6.700000000000000178, 3.750000000000000444 ) ) ;
#3658 = VECTOR ( 'NONE', #3850, 1000.000000000000000 ) ;
#3659 = ADVANCED_FACE ( 'NONE', ( #1939 ), #607, .F. ) ;
#3660 = VERTEX_POINT ( 'NONE', #2199 ) ;
#3661 = AXIS2_PLACEMENT_3D ( 'NONE', #2442, #910, #672 ) ;
#3662 = EDGE_CURVE ( 'NONE', #1846, #489, #371, .T. ) ;
#3663 = CARTESIAN_POINT ( 'NONE',  ( -4.299999999999999822, 5.900000000000000355, 3.800000000000000266 ) ) ;
#3664 = DIRECTION ( 'NONE',  ( 0.5372996083468188910, -0.8433914458128888292, -0.000000000000000000 ) ) ;
#3665 = CARTESIAN_POINT ( 'NONE',  ( 4.299999999999998934, 5.045748461694009812, 2.800000000000000266 ) ) ;
#3666 = EDGE_CURVE ( 'NONE', #54, #1393, #544, .T. ) ;
#3667 = AXIS2_PLACEMENT_3D ( 'NONE', #3626, #2590, #1721 ) ;
#3668 = VECTOR ( 'NONE', #2051, 1000.000000000000000 ) ;
#3669 = CARTESIAN_POINT ( 'NONE',  ( 4.999999999999999112, 10.00000000000000000, -1.999999999999999556 ) ) ;
#3670 = ADVANCED_FACE ( 'NONE', ( #1947 ), #3556, .F. ) ;
#3671 = EDGE_LOOP ( 'NONE', ( #2687, #2808, #4141, #2892, #1917 ) ) ;
#3672 = CARTESIAN_POINT ( 'NONE',  ( 2.875000000000001332, 9.199999999999999289, -0.1499999999999994671 ) ) ;
#3673 = CARTESIAN_POINT ( 'NONE',  ( 5.000000000000000000, -3.899999999999999911, 0.000000000000000000 ) ) ;
#3674 = EDGE_CURVE ( 'NONE', #1440, #1632, #2000, .T. ) ;
#3675 = CARTESIAN_POINT ( 'NONE',  ( -3.499999999999999556, 3.615000000000001101, 1.900000000000000577 ) ) ;
#3676 = FACE_OUTER_BOUND ( 'NONE', #1305, .T. ) ;
#3677 = AXIS2_PLACEMENT_3D ( 'NONE', #2898, #1327, #3276 ) ;
#3678 = ORIENTED_EDGE ( 'NONE', *, *, #691, .T. ) ;
#3679 = DIRECTION ( 'NONE',  ( 0.000000000000000000, 0.000000000000000000, 1.000000000000000000 ) ) ;
#3680 = EDGE_CURVE ( 'NONE', #189, #1440, #3352, .T. ) ;
#3681 = ORIENTED_EDGE ( 'NONE', *, *, #2046, .T. ) ;
#3682 = CARTESIAN_POINT ( 'NONE',  ( 3.499999999999999556, 2.640000000000001013, 2.300000000000000266 ) ) ;
#3683 = PRESENTATION_LAYER_ASSIGNMENT (  '', '', ( #3584 ) ) ;
#3684 = LINE ( 'NONE', #442, #2257 ) ;
#3685 = DIRECTION ( 'NONE',  ( 0.000000000000000000, 1.000000000000000000, 0.000000000000000000 ) ) ;
#3686 = DIRECTION ( 'NONE',  ( -1.000000000000000000, 0.000000000000000000, -0.000000000000000000 ) ) ;
#3687 = LINE ( 'NONE', #2323, #3597 ) ;
#3688 = CARTESIAN_POINT ( 'NONE',  ( -2.874999999999998668, 9.199999999999999289, -0.9499999999999990674 ) ) ;
#3689 = CARTESIAN_POINT ( 'NONE',  ( 4.299999999999999822, 5.900000000000001243, 3.800000000000000266 ) ) ;
#3690 = VECTOR ( 'NONE', #2139, 1000.000000000000000 ) ;
#3691 = ORIENTED_EDGE ( 'NONE', *, *, #1852, .F. ) ;
#3692 = LINE ( 'NONE', #3598, #3638 ) ;
#3693 = ADVANCED_FACE ( 'NONE', ( #1958 ), #3181, .T. ) ;
#3694 = CARTESIAN_POINT ( 'NONE',  ( -5.000000000000000888, 6.700000000000000178, 3.800000000000000266 ) ) ;
#3695 = CARTESIAN_POINT ( 'NONE',  ( 0.000000000000000000, 0.000000000000000000, 0.000000000000000000 ) ) ;
#3696 = CIRCLE ( 'NONE', #2370, 1.899999999999999911 ) ;
#3697 = CARTESIAN_POINT ( 'NONE',  ( -0.6999999999999998446, 5.900000000000001243, -3.020000000000000018 ) ) ;
#3698 = DIRECTION ( 'NONE',  ( 0.000000000000000000, -0.000000000000000000, -1.000000000000000000 ) ) ;
#3699 = ADVANCED_FACE ( 'NONE', ( #1794 ), #406, .T. ) ;
#3700 = DIRECTION ( 'NONE',  ( 1.000000000000000000, 0.000000000000000000, 0.000000000000000000 ) ) ;
#3701 = CARTESIAN_POINT ( 'NONE',  ( -2.124999999999998668, 9.500000000000000000, -0.1499999999999994671 ) ) ;
#3702 = VECTOR ( 'NONE', #2397, 1000.000000000000000 ) ;
#3703 = CARTESIAN_POINT ( 'NONE',  ( 4.299999999999999822, 5.900000000000001243, -3.020000000000000018 ) ) ;
#3704 = PLANE ( 'NONE',  #2076 ) ;
#3705 = VECTOR ( 'NONE', #1953, 1000.000000000000000 ) ;
#3706 = CARTESIAN_POINT ( 'NONE',  ( 2.093060201012485244, 5.900000000000000355, -3.020000000000000018 ) ) ;
#3707 =( NAMED_UNIT ( * ) PLANE_ANGLE_UNIT ( ) SI_UNIT ( $, .RADIAN. ) );
#3708 = AXIS2_PLACEMENT_3D ( 'NONE', #307, #626, #271 ) ;
#3709 =( NAMED_UNIT ( * ) SI_UNIT ( $, .STERADIAN. ) SOLID_ANGLE_UNIT ( ) );
#3710 = CARTESIAN_POINT ( 'NONE',  ( 2.500000000000000888, 9.500000000000000000, 0.2000000000000005107 ) ) ;
#3711 = CARTESIAN_POINT ( 'NONE',  ( 4.300000000000000711, 1.000000000000000000, -3.020000000000000018 ) ) ;
#3712 = CARTESIAN_POINT ( 'NONE',  ( 2.500000000000000000, 2.999999999999999112, -3.799999999999998934 ) ) ;
#3713 = EDGE_CURVE ( 'NONE', #2822, #1035, #3209, .T. ) ;
#3714 = LINE ( 'NONE', #381, #3739 ) ;
#3715 = AXIS2_PLACEMENT_3D ( 'NONE', #1280, #3827, #4116 ) ;
#3716 = PLANE ( 'NONE',  #2862 ) ;
#3717 = EDGE_CURVE ( 'NONE', #1273, #56, #1979, .T. ) ;
#3718 = LINE ( 'NONE', #3005, #908 ) ;
#3719 = DIRECTION ( 'NONE',  ( 0.000000000000000000, 0.000000000000000000, -1.000000000000000000 ) ) ;
#3720 = DIRECTION ( 'NONE',  ( 3.771137991253928573E-16, 1.000000000000000000, 0.000000000000000000 ) ) ;
#3721 = ADVANCED_FACE ( 'NONE', ( #1845 ), #3510, .F. ) ;
#3722 = EDGE_CURVE ( 'NONE', #3285, #1337, #657, .T. ) ;
#3723 = CARTESIAN_POINT ( 'NONE',  ( 3.499999999999999556, 3.215000000000000746, 1.900000000000000577 ) ) ;
#3724 = LINE ( 'NONE', #3701, #3107 ) ;
#3725 = CARTESIAN_POINT ( 'NONE',  ( 5.000000000000000000, 0.000000000000000000, -0.5200000000000000178 ) ) ;
#3726 = ADVANCED_FACE ( 'NONE', ( #3549 ), #1430, .F. ) ;
#3727 = EDGE_CURVE ( 'NONE', #4017, #2250, #3513, .T. ) ;
#3728 = VECTOR ( 'NONE', #2565, 1000.000000000000000 ) ;
#3729 = CARTESIAN_POINT ( 'NONE',  ( 0.7000000000000000666, 5.900000000000000355, 2.800000000000000266 ) ) ;
#3730 = CARTESIAN_POINT ( 'NONE',  ( -0.6999999999999998446, 5.900000000000001243, -3.020000000000000018 ) ) ;
#3731 = DIRECTION ( 'NONE',  ( -0.000000000000000000, -0.000000000000000000, 1.000000000000000000 ) ) ;
#3732 = LINE ( 'NONE', #2564, #2337 ) ;
#3733 = PLANE ( 'NONE',  #968 ) ;
#3734 = CARTESIAN_POINT ( 'NONE',  ( 0.7000000000000009548, 0.9999999999999995559, -3.020000000000000018 ) ) ;
#3735 = LINE ( 'NONE', #2025, #3705 ) ;
#3736 = DIRECTION ( 'NONE',  ( 0.5372996083468184469, 0.8433914458128891622, 0.000000000000000000 ) ) ;
#3737 = DIRECTION ( 'NONE',  ( -0.000000000000000000, -0.000000000000000000, 1.000000000000000000 ) ) ;
#3738 = DIRECTION ( 'NONE',  ( -0.000000000000000000, 1.000000000000000000, -0.000000000000000000 ) ) ;
#3739 = VECTOR ( 'NONE', #749, 1000.000000000000000 ) ;
#3740 = AXIS2_PLACEMENT_3D ( 'NONE', #1073, #24, #2957 ) ;
#3741 = CARTESIAN_POINT ( 'NONE',  ( -5.000000000000000888, 10.00000000000000000, -1.999999999999999556 ) ) ;
#3742 = AXIS2_PLACEMENT_3D ( 'NONE', #3603, #2215, #4026 ) ;
#3743 = DIRECTION ( 'NONE',  ( -1.000000000000000000, -0.000000000000000000, -0.000000000000000000 ) ) ;
#3744 = CARTESIAN_POINT ( 'NONE',  ( 1.900000000000000133, 1.000000000000000000, 0.2000000000000005107 ) ) ;
#3745 = EDGE_CURVE ( 'NONE', #1337, #3145, #2166, .T. ) ;
#3746 = PLANE ( 'NONE',  #97 ) ;
#3747 = CARTESIAN_POINT ( 'NONE',  ( -0.1891188803640719562, 0.000000000000000000, 0.3275635094611180076 ) ) ;
#3748 = CIRCLE ( 'NONE', #2334, 0.1999999999999996503 ) ;
#3749 = EDGE_CURVE ( 'NONE', #2754, #1451, #2043, .T. ) ;
#3750 = FACE_OUTER_BOUND ( 'NONE', #4084, .T. ) ;
#3751 = DIRECTION ( 'NONE',  ( 1.015347001549929225E-15, -1.000000000000000000, -0.000000000000000000 ) ) ;
#3752 = EDGE_CURVE ( 'NONE', #1834, #83, #3443, .T. ) ;
#3753 = CARTESIAN_POINT ( 'NONE',  ( 1.500000000000000444, 3.615000000000001101, 2.300000000000000266 ) ) ;
#3754 = DIRECTION ( 'NONE',  ( -1.000000000000000000, -1.204669080539449344E-16, 0.000000000000000000 ) ) ;
#3755 = FACE_OUTER_BOUND ( 'NONE', #167, .T. ) ;
#3756 = CARTESIAN_POINT ( 'NONE',  ( 4.299999999999999822, 5.900000000000001243, 2.800000000000000266 ) ) ;
#3757 = DIRECTION ( 'NONE',  ( 0.000000000000000000, 0.000000000000000000, 1.000000000000000000 ) ) ;
#3758 = LINE ( 'NONE', #3604, #917 ) ;
#3759 = DIRECTION ( 'NONE',  ( -0.000000000000000000, 1.000000000000000000, -0.000000000000000000 ) ) ;
#3760 = VECTOR ( 'NONE', #2372, 1000.000000000000000 ) ;
#3761 = PLANE ( 'NONE',  #3808 ) ;
#3762 = ADVANCED_FACE ( 'NONE', ( #2137 ), #967, .F. ) ;
#3763 =( NAMED_UNIT ( * ) PLANE_ANGLE_UNIT ( ) SI_UNIT ( $, .RADIAN. ) );
#3764 = CARTESIAN_POINT ( 'NONE',  ( -2.499999999999999112, 8.500000000000000000, 0.2000000000000005107 ) ) ;
#3765 = CARTESIAN_POINT ( 'NONE',  ( 3.100000000000000089, 0.000000000000000000, 0.2000000000000005107 ) ) ;
#3766 = FACE_OUTER_BOUND ( 'NONE', #2940, .T. ) ;
#3767 = AXIS2_PLACEMENT_3D ( 'NONE', #720, #3304, #1318 ) ;
#3768 = AXIS2_PLACEMENT_3D ( 'NONE', #2198, #119, #3509 ) ;
#3769 = DIRECTION ( 'NONE',  ( -0.000000000000000000, 1.000000000000000000, -0.000000000000000000 ) ) ;
#3770 = DIRECTION ( 'NONE',  ( -1.777380610631973643E-17, 0.000000000000000000, -1.000000000000000000 ) ) ;
#3771 = ADVANCED_FACE ( 'NONE', ( #3545 ), #4175, .T. ) ;
#3772 = EDGE_CURVE ( 'NONE', #1535, #446, #650, .T. ) ;
#3773 = CARTESIAN_POINT ( 'NONE',  ( 2.125000000000001332, 9.199999999999999289, -0.9499999999999990674 ) ) ;
#3774 = EDGE_CURVE ( 'NONE', #315, #1246, #2030, .T. ) ;
#3775 = CARTESIAN_POINT ( 'NONE',  ( -5.000000000000000888, -3.899999999999999023, -2.449999999999929123 ) ) ;
#3776 = AXIS2_PLACEMENT_3D ( 'NONE', #1127, #477, #2147 ) ;
#3777 = DIRECTION ( 'NONE',  ( -0.000000000000000000, 1.000000000000000000, -0.000000000000000000 ) ) ;
#3778 = DIRECTION ( 'NONE',  ( 1.000000000000000000, 0.000000000000000000, 0.000000000000000000 ) ) ;
#3779 = AXIS2_PLACEMENT_3D ( 'NONE', #4107, #962, #1209 ) ;
#3780 = EDGE_CURVE ( 'NONE', #1655, #153, #736, .T. ) ;
#3781 = SURFACE_STYLE_USAGE ( .BOTH. , #652 ) ;
#3782 = AXIS2_PLACEMENT_3D ( 'NONE', #2259, #2804, #3546 ) ;
#3783 = CARTESIAN_POINT ( 'NONE',  ( -4.299999999999998934, 5.045748461694008924, 2.300000000000000266 ) ) ;
#3784 = PLANE ( 'NONE',  #1236 ) ;
#3785 = CARTESIAN_POINT ( 'NONE',  ( -4.630000000000002558, 6.599999999999999645, -3.163619599600087984 ) ) ;
#3786 = CARTESIAN_POINT ( 'NONE',  ( 0.6000000000000007550, 9.199999999999999289, 0.5500000000000004885 ) ) ;
#3787 = CARTESIAN_POINT ( 'NONE',  ( -5.000000000000000888, 0.000000000000000000, 3.800000000000000266 ) ) ;
#3788 = DIRECTION ( 'NONE',  ( 0.000000000000000000, 0.000000000000000000, 1.000000000000000000 ) ) ;
#3789 = VERTEX_POINT ( 'NONE', #988 ) ;
#3790 = VECTOR ( 'NONE', #2202, 1000.000000000000000 ) ;
#3791 = CARTESIAN_POINT ( 'NONE',  ( -2.124999999999998668, 9.199999999999999289, -0.1499999999999994671 ) ) ;
#3792 = DIRECTION ( 'NONE',  ( 0.000000000000000000, 1.000000000000000000, 0.000000000000000000 ) ) ;
#3793 = LINE ( 'NONE', #2222, #1071 ) ;
#3794 = CARTESIAN_POINT ( 'NONE',  ( 0.7000000000000000666, 5.900000000000000355, -3.020000000000000018 ) ) ;
#3795 = EDGE_CURVE ( 'NONE', #1510, #2816, #3498, .T. ) ;
#3796 = AXIS2_PLACEMENT_3D ( 'NONE', #1093, #3943, #3019 ) ;
#3797 = LINE ( 'NONE', #84, #3804 ) ;
#3798 = PLANE ( 'NONE',  #3881 ) ;
#3799 = EDGE_CURVE ( 'NONE', #5, #1150, #625, .T. ) ;
#3800 = EDGE_CURVE ( 'NONE', #1241, #1346, #715, .T. ) ;
#3801 = DIRECTION ( 'NONE',  ( -0.000000000000000000, -0.000000000000000000, -1.000000000000000000 ) ) ;
#3802 = DIRECTION ( 'NONE',  ( -0.000000000000000000, -1.000000000000000000, -0.000000000000000000 ) ) ;
#3803 = EDGE_CURVE ( 'NONE', #433, #3381, #754, .T. ) ;
#3804 = VECTOR ( 'NONE', #448, 1000.000000000000000 ) ;
#3805 = CARTESIAN_POINT ( 'NONE',  ( 2.000000000000001332, -9.214213562373096522, 0.2000000000000005107 ) ) ;
#3806 = EDGE_CURVE ( 'NONE', #121, #1352, #2077, .T. ) ;
#3807 = CARTESIAN_POINT ( 'NONE',  ( -4.630000000000002558, 6.599999999999999645, -3.163619599600087984 ) ) ;
#3808 = AXIS2_PLACEMENT_3D ( 'NONE', #1133, #896, #973 ) ;
#3809 = DIRECTION ( 'NONE',  ( -1.000000000000000000, 0.000000000000000000, 0.000000000000000000 ) ) ;
#3810 = CARTESIAN_POINT ( 'NONE',  ( 4.300000000000000711, 1.000000000000000000, 3.800000000000000266 ) ) ;
#3811 = EDGE_LOOP ( 'NONE', ( #4153, #2603, #1383, #1827 ) ) ;
#3812 = DIRECTION ( 'NONE',  ( 1.000000000000000000, 1.204669080539449344E-16, 0.000000000000000000 ) ) ;
#3813 = FACE_OUTER_BOUND ( 'NONE', #133, .T. ) ;
#3814 = AXIS2_PLACEMENT_3D ( 'NONE', #3171, #3857, #1194 ) ;
#3815 = EDGE_CURVE ( 'NONE', #2642, #2726, #762, .T. ) ;
#3816 = DIRECTION ( 'NONE',  ( -1.000000000000000000, 0.000000000000000000, 0.000000000000000000 ) ) ;
#3817 = DIRECTION ( 'NONE',  ( 0.000000000000000000, 0.000000000000000000, 1.000000000000000000 ) ) ;
#3818 = ORIENTED_EDGE ( 'NONE', *, *, #1949, .F. ) ;
#3819 = ADVANCED_FACE ( 'NONE', ( #2070 ), #3916, .F. ) ;
#3820 = LINE ( 'NONE', #3106, #3790 ) ;
#3821 = PLANE ( 'NONE',  #2557 ) ;
#3822 = DIRECTION ( 'NONE',  ( 1.000000000000000000, -0.000000000000000000, 0.000000000000000000 ) ) ;
#3823 = DIRECTION ( 'NONE',  ( -0.000000000000000000, 1.000000000000000000, -0.000000000000000000 ) ) ;
#3824 = ORIENTED_EDGE ( 'NONE', *, *, #2571, .F. ) ;
#3825 = UNCERTAINTY_MEASURE_WITH_UNIT (LENGTH_MEASURE( 1.000000000000000082E-05 ), #3299, 'distance_accuracy_value', 'NONE');
#3826 = DIRECTION ( 'NONE',  ( 1.000000000000000000, 0.000000000000000000, 1.777380610631974876E-17 ) ) ;
#3827 = DIRECTION ( 'NONE',  ( 0.000000000000000000, 1.000000000000000000, 0.000000000000000000 ) ) ;
#3828 = FACE_OUTER_BOUND ( 'NONE', #1186, .T. ) ;
#3829 = PLANE ( 'NONE',  #2228 ) ;
#3830 = EDGE_LOOP ( 'NONE', ( #1791, #512, #3322, #2682 ) ) ;
#3831 = VECTOR ( 'NONE', #4078, 1000.000000000000000 ) ;
#3832 = DIRECTION ( 'NONE',  ( -5.421010862427522170E-16, -1.000000000000000000, 0.000000000000000000 ) ) ;
#3833 = CARTESIAN_POINT ( 'NONE',  ( -1.500000000000000000, 3.790000000000000924, 2.300000000000000266 ) ) ;
#3834 = VERTEX_POINT ( 'NONE', #1661 ) ;
#3835 = DIRECTION ( 'NONE',  ( -1.000000000000000000, 0.000000000000000000, 0.000000000000000000 ) ) ;
#3836 = AXIS2_PLACEMENT_3D ( 'NONE', #6, #2554, #2078 ) ;
#3837 = PRESENTATION_STYLE_ASSIGNMENT (( #3574 ) ) ;
#3838 = DIRECTION ( 'NONE',  ( -0.000000000000000000, -0.000000000000000000, -1.000000000000000000 ) ) ;
#3839 = EDGE_CURVE ( 'NONE', #4098, #1778, #3468, .T. ) ;
#3840 =( GEOMETRIC_REPRESENTATION_CONTEXT ( 3 ) GLOBAL_UNCERTAINTY_ASSIGNED_CONTEXT ( ( #3825 ) ) GLOBAL_UNIT_ASSIGNED_CONTEXT ( ( #3299, #717, #3709 ) ) REPRESENTATION_CONTEXT ( 'NONE', 'WORKASPACE' ) );
#3841 = DIRECTION ( 'NONE',  ( -3.771137991253929066E-16, -1.000000000000000000, 0.000000000000000000 ) ) ;
#3842 = ORIENTED_EDGE ( 'NONE', *, *, #845, .F. ) ;
#3843 = EDGE_CURVE ( 'NONE', #653, #1510, #3553, .T. ) ;
#3844 = ORIENTED_EDGE ( 'NONE', *, *, #2736, .T. ) ;
#3845 = FACE_OUTER_BOUND ( 'NONE', #2839, .T. ) ;
#3846 = DIRECTION ( 'NONE',  ( 2.224004456380522396E-16, -1.000000000000000000, 0.000000000000000000 ) ) ;
#3847 = CARTESIAN_POINT ( 'NONE',  ( 0.7000000000000000666, 5.900000000000000355, 9.880296045424104889 ) ) ;
#3848 = ADVANCED_FACE ( 'NONE', ( #3420 ), #3233, .F. ) ;
#3849 = DIRECTION ( 'NONE',  ( -0.000000000000000000, -1.000000000000000000, -0.000000000000000000 ) ) ;
#3850 = DIRECTION ( 'NONE',  ( 1.000000000000000000, 0.000000000000000000, 0.000000000000000000 ) ) ;
#3851 = ORIENTED_EDGE ( 'NONE', *, *, #3143, .T. ) ;
#3852 = CARTESIAN_POINT ( 'NONE',  ( 0.7000000000000000666, 5.900000000000000355, 2.300000000000000266 ) ) ;
#3853 = DIRECTION ( 'NONE',  ( -1.000000000000000000, -2.409338161078898687E-16, 0.000000000000000000 ) ) ;
#3854 = FACE_OUTER_BOUND ( 'NONE', #2696, .T. ) ;
#3855 = EDGE_CURVE ( 'NONE', #391, #3403, #3472, .T. ) ;
#3856 = DIRECTION ( 'NONE',  ( -0.000000000000000000, -0.000000000000000000, -1.000000000000000000 ) ) ;
#3857 = DIRECTION ( 'NONE',  ( 2.224004456380522396E-16, -1.000000000000000000, 0.000000000000000000 ) ) ;
#3858 = ORIENTED_EDGE ( 'NONE', *, *, #3815, .F. ) ;
#3859 = LINE ( 'NONE', #2175, #1031 ) ;
#3860 = PLANE ( 'NONE',  #3677 ) ;
#3861 = EDGE_CURVE ( 'NONE', #1346, #2287, #613, .T. ) ;
#3862 = CARTESIAN_POINT ( 'NONE',  ( 4.299999999999999822, 5.900000000000001243, 9.880296045424104889 ) ) ;
#3863 = LINE ( 'NONE', #2400, #1076 ) ;
#3864 = DIRECTION ( 'NONE',  ( -0.8433914458128891622, 0.5372996083468184469, 0.000000000000000000 ) ) ;
#3865 = ORIENTED_EDGE ( 'NONE', *, *, #3795, .F. ) ;
#3866 = LINE ( 'NONE', #3236, #2492 ) ;
#3867 =( NAMED_UNIT ( * ) PLANE_ANGLE_UNIT ( ) SI_UNIT ( $, .RADIAN. ) );
#3868 = PLANE ( 'NONE',  #3540 ) ;
#3869 =( NAMED_UNIT ( * ) PLANE_ANGLE_UNIT ( ) SI_UNIT ( $, .RADIAN. ) );
#3870 = VERTEX_POINT ( 'NONE', #854 ) ;
#3871 = CARTESIAN_POINT ( 'NONE',  ( -3.499999999999999556, 2.640000000000001013, -0.5199999999999995737 ) ) ;
#3872 = PLANE ( 'NONE',  #524 ) ;
#3873 = CARTESIAN_POINT ( 'NONE',  ( -0.7000000000000009548, 5.045748461694009812, 2.800000000000000266 ) ) ;
#3874 = LINE ( 'NONE', #338, #2428 ) ;
#3875 = DIRECTION ( 'NONE',  ( 0.000000000000000000, -1.000000000000000000, 0.000000000000000000 ) ) ;
#3876 = ORIENTED_EDGE ( 'NONE', *, *, #1030, .F. ) ;
#3877 = ADVANCED_FACE ( 'NONE', ( #3520 ), #2391, .F. ) ;
#3878 = CARTESIAN_POINT ( 'NONE',  ( 3.050000000000000711, 8.817654389267289616, -2.649999999999999467 ) ) ;
#3879 = LINE ( 'NONE', #3270, #2558 ) ;
#3880 = CARTESIAN_POINT ( 'NONE',  ( 1.950000000000000178, 8.817654389267289616, -2.649999999999999467 ) ) ;
#3881 = AXIS2_PLACEMENT_3D ( 'NONE', #3764, #113, #498 ) ;
#3882 = ORIENTED_EDGE ( 'NONE', *, *, #1367, .T. ) ;
#3883 = DIRECTION ( 'NONE',  ( -0.000000000000000000, 1.000000000000000000, -0.000000000000000000 ) ) ;
#3884 = DIRECTION ( 'NONE',  ( 1.000000000000000000, 0.000000000000000000, 0.000000000000000000 ) ) ;
#3885 = EDGE_CURVE ( 'NONE', #309, #3975, #643, .T. ) ;
#3886 = EDGE_CURVE ( 'NONE', #2048, #3458, #2095, .T. ) ;
#3887 = VECTOR ( 'NONE', #3743, 1000.000000000000000 ) ;
#3888 = CARTESIAN_POINT ( 'NONE',  ( 2.125000000000001332, 9.199999999999999289, 1.350000000000000977 ) ) ;
#3889 = EDGE_CURVE ( 'NONE', #3253, #2866, #3425, .T. ) ;
#3890 = LINE ( 'NONE', #981, #3831 ) ;
#3891 = DIRECTION ( 'NONE',  ( 1.000000000000000000, 0.000000000000000000, 0.000000000000000000 ) ) ;
#3892 = PLANE ( 'NONE',  #960 ) ;
#3893 = DIRECTION ( 'NONE',  ( -0.000000000000000000, 0.000000000000000000, -1.000000000000000000 ) ) ;
#3894 = EDGE_CURVE ( 'NONE', #362, #3992, #2115, .T. ) ;
#3895 = DIRECTION ( 'NONE',  ( -0.000000000000000000, -0.000000000000000000, -1.000000000000000000 ) ) ;
#3896 = DIRECTION ( 'NONE',  ( -0.000000000000000000, -1.000000000000000000, -0.000000000000000000 ) ) ;
#3897 = SURFACE_STYLE_FILL_AREA ( #3630 ) ;
#3898 = DIRECTION ( 'NONE',  ( 0.000000000000000000, 1.000000000000000000, 0.000000000000000000 ) ) ;
#3899 = CARTESIAN_POINT ( 'NONE',  ( -2.124999999999998668, 9.199999999999999289, -0.9499999999999990674 ) ) ;
#3900 = DIRECTION ( 'NONE',  ( 0.000000000000000000, 0.000000000000000000, 1.000000000000000000 ) ) ;
#3901 = DIRECTION ( 'NONE',  ( 0.000000000000000000, 0.000000000000000000, 1.000000000000000000 ) ) ;
#3902 = ADVANCED_FACE ( 'NONE', ( #701 ), #2121, .F. ) ;
#3903 = CARTESIAN_POINT ( 'NONE',  ( 2.500000000000000000, 0.9999999999999997780, 0.2000000000000005107 ) ) ;
#3904 = CARTESIAN_POINT ( 'NONE',  ( -0.6325150603016893580, 15.37401153701776124, 0.5500000000000004885 ) ) ;
#3905 = LINE ( 'NONE', #387, #1181 ) ;
#3906 = DIRECTION ( 'NONE',  ( -0.000000000000000000, 0.000000000000000000, -1.000000000000000000 ) ) ;
#3907 = ADVANCED_FACE ( 'NONE', ( #2173 ), #2656, .T. ) ;
#3908 = PRODUCT_DEFINITION_FORMATION_WITH_SPECIFIED_SOURCE ( 'ANY', '', #1017, .NOT_KNOWN. ) ;
#3909 = VECTOR ( 'NONE', #2790, 1000.000000000000000 ) ;
#3910 = CARTESIAN_POINT ( 'NONE',  ( 1.500000000000000444, 3.790000000000000924, 2.800000000000000266 ) ) ;
#3911 = DIRECTION ( 'NONE',  ( 0.000000000000000000, 1.000000000000000000, 0.000000000000000000 ) ) ;
#3912 = VERTEX_POINT ( 'NONE', #483 ) ;
#3913 = CARTESIAN_POINT ( 'NONE',  ( -2.499999999999999112, -3.700000000000000178, 0.2000000000000005107 ) ) ;
#3914 = EDGE_CURVE ( 'NONE', #572, #1768, #664, .T. ) ;
#3915 = PLANE ( 'NONE',  #1174 ) ;
#3916 = PLANE ( 'NONE',  #1140 ) ;
#3917 = CYLINDRICAL_SURFACE ( 'NONE', #2489, 1.899999999999999911 ) ;
#3918 = ORIENTED_EDGE ( 'NONE', *, *, #2520, .F. ) ;
#3919 = AXIS2_PLACEMENT_3D ( 'NONE', #531, #1945, #3056 ) ;
#3920 = CARTESIAN_POINT ( 'NONE',  ( 2.500000000000000888, 5.900000000000000355, -2.649999999999999467 ) ) ;
#3921 = DIRECTION ( 'NONE',  ( 0.000000000000000000, -1.000000000000000000, 0.000000000000000000 ) ) ;
#3922 = AXIS2_PLACEMENT_3D ( 'NONE', #2457, #3769, #3931 ) ;
#3923 = VECTOR ( 'NONE', #1789, 1000.000000000000000 ) ;
#3924 = CARTESIAN_POINT ( 'NONE',  ( -2.874999999999998668, 9.500000000000000000, 1.350000000000000977 ) ) ;
#3925 = ORIENTED_EDGE ( 'NONE', *, *, #2046, .F. ) ;
#3926 = EDGE_CURVE ( 'NONE', #661, #2472, #3491, .T. ) ;
#3927 = DIRECTION ( 'NONE',  ( -1.000000000000000000, 0.000000000000000000, 0.000000000000000000 ) ) ;
#3928 = CARTESIAN_POINT ( 'NONE',  ( -2.499999999999998668, 8.500000000000000000, 2.100000000000000533 ) ) ;
#3929 = LINE ( 'NONE', #777, #3954 ) ;
#3930 = EDGE_LOOP ( 'NONE', ( #2951, #3249, #837, #1080 ) ) ;
#3931 = DIRECTION ( 'NONE',  ( 0.000000000000000000, 0.000000000000000000, -1.000000000000000000 ) ) ;
#3932 =( BOUNDED_CURVE ( )  B_SPLINE_CURVE ( 3, ( #1338, #2321, #1612, #2611 ),
 .UNSPECIFIED., .F., .F. ) 
 B_SPLINE_CURVE_WITH_KNOTS ( ( 4, 4 ),
 ( 4.712388980384689674, 7.853981633974482790 ),
 .UNSPECIFIED. ) 
 CURVE ( )  GEOMETRIC_REPRESENTATION_ITEM ( )  RATIONAL_B_SPLINE_CURVE ( ( 1.000000000000000000, 0.3333333333333333703, 0.3333333333333333703, 1.000000000000000000 ) ) 
 REPRESENTATION_ITEM ( '' )  );
#3933 = ADVANCED_FACE ( 'NONE', ( #2063 ), #165, .F. ) ;
#3934 = VECTOR ( 'NONE', #571, 1000.000000000000000 ) ;
#3935 = CARTESIAN_POINT ( 'NONE',  ( -2.874999999999998668, 9.199999999999999289, 0.5500000000000004885 ) ) ;
#3936 =( NAMED_UNIT ( * ) SI_UNIT ( $, .STERADIAN. ) SOLID_ANGLE_UNIT ( ) );
#3937 = EDGE_CURVE ( 'NONE', #1910, #2801, #2087, .T. ) ;
#3938 = ORIENTED_EDGE ( 'NONE', *, *, #593, .F. ) ;
#3939 = DIRECTION ( 'NONE',  ( -0.000000000000000000, -0.000000000000000000, 1.000000000000000000 ) ) ;
#3940 = AXIS2_PLACEMENT_3D ( 'NONE', #3920, #1253, #4182 ) ;
#3941 = DIRECTION ( 'NONE',  ( 0.000000000000000000, -1.000000000000000000, 0.000000000000000000 ) ) ;
#3942 = CARTESIAN_POINT ( 'NONE',  ( 3.500000000000000000, 3.790000000000000924, 2.800000000000000266 ) ) ;
#3943 = DIRECTION ( 'NONE',  ( -0.000000000000000000, 0.000000000000000000, 1.000000000000000000 ) ) ;
#3944 = VECTOR ( 'NONE', #4179, 1000.000000000000000 ) ;
#3945 = VERTEX_POINT ( 'NONE', #3083 ) ;
#3946 = CARTESIAN_POINT ( 'NONE',  ( 2.125000000000001332, 9.500000000000000000, 0.5500000000000004885 ) ) ;
#3947 = AXIS2_PLACEMENT_3D ( 'NONE', #2739, #3108, #1999 ) ;
#3948 = PLANE ( 'NONE',  #1124 ) ;
#3949 = LINE ( 'NONE', #969, #1230 ) ;
#3950 = CARTESIAN_POINT ( 'NONE',  ( 2.500000000000000000, 10.00000000000000178, -2.649999999999999467 ) ) ;
#3951 = ORIENTED_EDGE ( 'NONE', *, *, #2503, .T. ) ;
#3952 = CARTESIAN_POINT ( 'NONE',  ( 1.500000000000000444, 3.790000000000000924, 2.300000000000000266 ) ) ;
#3953 = CARTESIAN_POINT ( 'NONE',  ( -2.499999999999999112, 9.500000000000000000, 0.2000000000000005107 ) ) ;
#3954 = VECTOR ( 'NONE', #2346, 1000.000000000000000 ) ;
#3955 = PRESENTATION_LAYER_ASSIGNMENT (  '', '', ( #1503 ) ) ;
#3956 = ORIENTED_EDGE ( 'NONE', *, *, #1710, .T. ) ;
#3957 = CARTESIAN_POINT ( 'NONE',  ( -2.499999999999999112, -3.700000000000000178, -0.09999999999999939493 ) ) ;
#3958 = DIRECTION ( 'NONE',  ( 1.000000000000000000, 1.327594496921025224E-16, 0.000000000000000000 ) ) ;
#3959 = ORIENTED_EDGE ( 'NONE', *, *, #994, .F. ) ;
#3960 = AXIS2_PLACEMENT_3D ( 'NONE', #1019, #1727, #2118 ) ;
#3961 = EDGE_CURVE ( 'NONE', #2106, #2754, #2154, .T. ) ;
#3962 = CARTESIAN_POINT ( 'NONE',  ( -0.6999999999999998446, 5.900000000000001243, 2.300000000000000266 ) ) ;
#3963 = DIRECTION ( 'NONE',  ( 1.000000000000000000, 0.000000000000000000, 0.000000000000000000 ) ) ;
#3964 = DIRECTION ( 'NONE',  ( 2.224004456380522396E-16, -1.000000000000000000, 0.000000000000000000 ) ) ;
#3965 = EDGE_CURVE ( 'NONE', #466, #1363, #2160, .T. ) ;
#3966 = LINE ( 'NONE', #1665, #1166 ) ;
#3967 = AXIS2_PLACEMENT_3D ( 'NONE', #4134, #4101, #295 ) ;
#3968 = ORIENTED_EDGE ( 'NONE', *, *, #3015, .F. ) ;
#3969 = PRESENTATION_LAYER_ASSIGNMENT (  '', '', ( #4014 ) ) ;
#3970 = EDGE_CURVE ( 'NONE', #429, #1532, #3536, .T. ) ;
#3971 = CARTESIAN_POINT ( 'NONE',  ( -3.499999999999999556, 2.640000000000001013, 2.800000000000000266 ) ) ;
#3972 = ADVANCED_FACE ( 'NONE', ( #745 ), #2114, .F. ) ;
#3973 = DIRECTION ( 'NONE',  ( 8.673617379884037444E-16, 0.000000000000000000, -1.000000000000000000 ) ) ;
#3974 = CARTESIAN_POINT ( 'NONE',  ( -1.949999999999999067, 5.900000000000000355, -2.649999999999999467 ) ) ;
#3975 = VERTEX_POINT ( 'NONE', #2380 ) ;
#3976 = CARTESIAN_POINT ( 'NONE',  ( 3.000000000000000000, 0.9999999999999997780, 0.2000000000000005662 ) ) ;
#3977 = LINE ( 'NONE', #1007, #1154 ) ;
#3978 = ORIENTED_EDGE ( 'NONE', *, *, #2906, .T. ) ;
#3979 = ORIENTED_EDGE ( 'NONE', *, *, #757, .F. ) ;
#3980 = CARTESIAN_POINT ( 'NONE',  ( 4.299999999999998934, 5.045748461694009812, 2.300000000000000266 ) ) ;
#3981 = CARTESIAN_POINT ( 'NONE',  ( -2.124999999999998668, 9.500000000000000000, 0.5500000000000004885 ) ) ;
#3982 = EDGE_CURVE ( 'NONE', #3145, #499, #2052, .T. ) ;
#3983 = LINE ( 'NONE', #2248, #2567 ) ;
#3984 = DIRECTION ( 'NONE',  ( -0.000000000000000000, 1.000000000000000000, -0.000000000000000000 ) ) ;
#3985 = DIRECTION ( 'NONE',  ( -1.000000000000000000, 0.000000000000000000, 0.000000000000000000 ) ) ;
#3986 = ORIENTED_EDGE ( 'NONE', *, *, #3982, .F. ) ;
#3987 = ORIENTED_EDGE ( 'NONE', *, *, #103, .F. ) ;
#3988 = EDGE_CURVE ( 'NONE', #3487, #83, #2037, .T. ) ;
#3989 = DIRECTION ( 'NONE',  ( 0.000000000000000000, 0.000000000000000000, 1.000000000000000000 ) ) ;
#3990 = DIRECTION ( 'NONE',  ( 2.224004456380522396E-16, -1.000000000000000000, 0.000000000000000000 ) ) ;
#3991 = ORIENTED_EDGE ( 'NONE', *, *, #2629, .T. ) ;
#3992 = VERTEX_POINT ( 'NONE', #1649 ) ;
#3993 = DIRECTION ( 'NONE',  ( 0.000000000000000000, 1.000000000000000000, 0.000000000000000000 ) ) ;
#3994 = LINE ( 'NONE', #2314, #1196 ) ;
#3995 = DIRECTION ( 'NONE',  ( -0.000000000000000000, -0.000000000000000000, -1.000000000000000000 ) ) ;
#3996 = ORIENTED_EDGE ( 'NONE', *, *, #3745, .F. ) ;
#3997 = ORIENTED_EDGE ( 'NONE', *, *, #891, .T. ) ;
#3998 = ADVANCED_FACE ( 'NONE', ( #2262 ), #3331, .F. ) ;
#3999 = CARTESIAN_POINT ( 'NONE',  ( -5.000000000000000888, 10.00000000000000000, 3.800000000000000266 ) ) ;
#4000 = VECTOR ( 'NONE', #1218, 1000.000000000000000 ) ;
#4001 = ORIENTED_EDGE ( 'NONE', *, *, #2318, .T. ) ;
#4002 = DIRECTION ( 'NONE',  ( 1.000000000000000000, -3.771137991253929066E-16, -0.000000000000000000 ) ) ;
#4003 = DIRECTION ( 'NONE',  ( 0.000000000000000000, -0.8763066800438664705, -0.4817536741017101609 ) ) ;
#4004 = AXIS2_PLACEMENT_3D ( 'NONE', #4168, #656, #2286 ) ;
#4005 = CIRCLE ( 'NONE', #1144, 0.7999999999999999334 ) ;
#4006 = ORIENTED_EDGE ( 'NONE', *, *, #3063, .F. ) ;
#4007 = ORIENTED_EDGE ( 'NONE', *, *, #2899, .T. ) ;
#4008 = EDGE_CURVE ( 'NONE', #3870, #1716, #2218, .T. ) ;
#4009 = DIRECTION ( 'NONE',  ( -2.409338161078898687E-16, 1.000000000000000000, 0.000000000000000000 ) ) ;
#4010 = AXIS2_PLACEMENT_3D ( 'NONE', #1692, #4142, #2029 ) ;
#4011 = DIRECTION ( 'NONE',  ( -1.000000000000000000, -2.409338161078898687E-16, -0.000000000000000000 ) ) ;
#4012 = ADVANCED_FACE ( 'NONE', ( #850 ), #2980, .T. ) ;
#4013 = VECTOR ( 'NONE', #3456, 1000.000000000000000 ) ;
#4014 = STYLED_ITEM ( 'NONE', ( #2738 ), #2706 ) ;
#4015 = CARTESIAN_POINT ( 'NONE',  ( 0.6000000000000007550, 9.199999999999999289, 0.5500000000000004885 ) ) ;
#4016 = EDGE_CURVE ( 'NONE', #1479, #470, #3684, .T. ) ;
#4017 = VERTEX_POINT ( 'NONE', #790 ) ;
#4018 = ORIENTED_EDGE ( 'NONE', *, *, #2778, .T. ) ;
#4019 = EDGE_CURVE ( 'NONE', #4138, #3279, #2193, .T. ) ;
#4020 = CIRCLE ( 'NONE', #170, 2.000000000000000000 ) ;
#4021 = DIRECTION ( 'NONE',  ( 1.000000000000000000, 1.204669080539449344E-16, -0.000000000000000000 ) ) ;
#4022 = EDGE_CURVE ( 'NONE', #3285, #2964, #3692, .T. ) ;
#4023 = ORIENTED_EDGE ( 'NONE', *, *, #3369, .F. ) ;
#4024 = ORIENTED_EDGE ( 'NONE', *, *, #2576, .T. ) ;
#4025 = DIRECTION ( 'NONE',  ( 0.000000000000000000, -1.000000000000000000, 0.000000000000000000 ) ) ;
#4026 = DIRECTION ( 'NONE',  ( 0.000000000000000000, 0.000000000000000000, -1.000000000000000000 ) ) ;
#4027 = FACE_OUTER_BOUND ( 'NONE', #1344, .T. ) ;
#4028 = EDGE_LOOP ( 'NONE', ( #1376, #3201, #4181, #505 ) ) ;
#4029 = ORIENTED_EDGE ( 'NONE', *, *, #233, .F. ) ;
#4030 = PLANE ( 'NONE',  #951 ) ;
#4031 = CARTESIAN_POINT ( 'NONE',  ( 2.500000000000000000, 5.368065933568310300, 0.2000000000000005107 ) ) ;
#4032 = CIRCLE ( 'NONE', #1353, 0.1999999999999999833 ) ;
#4033 = CARTESIAN_POINT ( 'NONE',  ( -2.124999999999998668, 9.199999999999999289, -0.1499999999999994671 ) ) ;
#4034 = EDGE_LOOP ( 'NONE', ( #559, #1895, #2941, #1904, #4042, #1942, #342, #1690, #332, #249, #373, #3338 ) ) ;
#4035 = CARTESIAN_POINT ( 'NONE',  ( -2.499999999999999112, -3.700000000000000178, 0.2000000000000005107 ) ) ;
#4036 = ORIENTED_EDGE ( 'NONE', *, *, #3134, .T. ) ;
#4037 = CARTESIAN_POINT ( 'NONE',  ( 0.7000000000000000666, 5.900000000000000355, 3.800000000000000266 ) ) ;
#4038 = CARTESIAN_POINT ( 'NONE',  ( -1.950000000000000178, 10.81854696127649085, -1.550000000000000044 ) ) ;
#4039 = ORIENTED_EDGE ( 'NONE', *, *, #2896, .T. ) ;
#4040 = COLOUR_RGB ( '',0.7921568627450980005, 0.8196078431372548767, 0.9333333333333333481 ) ;
#4041 = VERTEX_POINT ( 'NONE', #1267 ) ;
#4042 = ORIENTED_EDGE ( 'NONE', *, *, #2967, .T. ) ;
#4043 = VECTOR ( 'NONE', #67, 1000.000000000000000 ) ;
#4044 = UNCERTAINTY_MEASURE_WITH_UNIT (LENGTH_MEASURE( 1.000000000000000082E-05 ), #3405, 'distance_accuracy_value', 'NONE');
#4045 = ADVANCED_FACE ( 'NONE', ( #3676 ), #1614, .F. ) ;
#4046 = EDGE_LOOP ( 'NONE', ( #3182, #1689, #4159, #4132, #2676, #580, #497, #1386 ) ) ;
#4047 = VECTOR ( 'NONE', #2289, 1000.000000000000000 ) ;
#4048 = ORIENTED_EDGE ( 'NONE', *, *, #4162, .F. ) ;
#4049 = AXIS2_PLACEMENT_3D ( 'NONE', #2619, #3846, #3891 ) ;
#4050 = EDGE_LOOP ( 'NONE', ( #3608, #2608, #2699, #1368 ) ) ;
#4051 = DIRECTION ( 'NONE',  ( -1.000000000000000000, -1.204669080539449344E-16, 0.000000000000000000 ) ) ;
#4052 = ORIENTED_EDGE ( 'NONE', *, *, #3926, .F. ) ;
#4053 = FACE_OUTER_BOUND ( 'NONE', #2734, .T. ) ;
#4054 = AXIS2_PLACEMENT_3D ( 'NONE', #256, #642, #836 ) ;
#4055 = ORIENTED_EDGE ( 'NONE', *, *, #2230, .F. ) ;
#4056 = ORIENTED_EDGE ( 'NONE', *, *, #3800, .T. ) ;
#4057 =( GEOMETRIC_REPRESENTATION_CONTEXT ( 3 ) GLOBAL_UNCERTAINTY_ASSIGNED_CONTEXT ( ( #1807 ) ) GLOBAL_UNIT_ASSIGNED_CONTEXT ( ( #3356, #997, #1610 ) ) REPRESENTATION_CONTEXT ( 'NONE', 'WORKASPACE' ) );
#4058 = DIRECTION ( 'NONE',  ( 0.000000000000000000, 0.000000000000000000, -1.000000000000000000 ) ) ;
#4059 = PLANE ( 'NONE',  #3526 ) ;
#4060 = VECTOR ( 'NONE', #875, 1000.000000000000000 ) ;
#4061 = ORIENTED_EDGE ( 'NONE', *, *, #2583, .F. ) ;
#4062 = EDGE_CURVE ( 'NONE', #1233, #1744, #2200, .T. ) ;
#4063 = VECTOR ( 'NONE', #965, 999.9999999999998863 ) ;
#4064 = CARTESIAN_POINT ( 'NONE',  ( -3.100000000000000089, 5.368065933568310300, 0.2000000000000005107 ) ) ;
#4065 = VERTEX_POINT ( 'NONE', #680 ) ;
#4066 = DIRECTION ( 'NONE',  ( 0.000000000000000000, 0.000000000000000000, -1.000000000000000000 ) ) ;
#4067 = CARTESIAN_POINT ( 'NONE',  ( -1.500000000000000444, 2.640000000000001013, 2.000000000000000444 ) ) ;
#4068 = EDGE_CURVE ( 'NONE', #1936, #434, #2212, .T. ) ;
#4069 = FACE_OUTER_BOUND ( 'NONE', #1854, .T. ) ;
#4070 = CARTESIAN_POINT ( 'NONE',  ( -4.299999999999999822, 5.900000000000000355, 2.800000000000000266 ) ) ;
#4071 = ORIENTED_EDGE ( 'NONE', *, *, #2189, .F. ) ;
#4072 = VECTOR ( 'NONE', #4058, 1000.000000000000000 ) ;
#4073 = ORIENTED_EDGE ( 'NONE', *, *, #2963, .F. ) ;
#4074 = ORIENTED_EDGE ( 'NONE', *, *, #3184, .T. ) ;
#4075 = CARTESIAN_POINT ( 'NONE',  ( -2.499999999999999112, 8.500000000000000000, 0.2000000000000005107 ) ) ;
#4076 = LINE ( 'NONE', #3580, #4088 ) ;
#4077 = VERTEX_POINT ( 'NONE', #958 ) ;
#4078 = DIRECTION ( 'NONE',  ( -0.000000000000000000, -0.000000000000000000, -1.000000000000000000 ) ) ;
#4079 = DIRECTION ( 'NONE',  ( -0.000000000000000000, -0.000000000000000000, 1.000000000000000000 ) ) ;
#4080 = VECTOR ( 'NONE', #2632, 1000.000000000000000 ) ;
#4081 = ADVANCED_FACE ( 'NONE', ( #3617 ), #3590, .F. ) ;
#4082 = ORIENTED_EDGE ( 'NONE', *, *, #3123, .F. ) ;
#4083 = LINE ( 'NONE', #1462, #4133 ) ;
#4084 = EDGE_LOOP ( 'NONE', ( #3208, #3204, #2610, #3165, #423, #4074 ) ) ;
#4085 = ORIENTED_EDGE ( 'NONE', *, *, #8, .F. ) ;
#4086 = LINE ( 'NONE', #2294, #4118 ) ;
#4087 = ORIENTED_EDGE ( 'NONE', *, *, #2666, .F. ) ;
#4088 = VECTOR ( 'NONE', #3826, 1000.000000000000000 ) ;
#4089 = CARTESIAN_POINT ( 'NONE',  ( 2.125000000000001332, 9.199999999999999289, -0.1499999999999994671 ) ) ;
#4090 = ORIENTED_EDGE ( 'NONE', *, *, #606, .F. ) ;
#4091 = COLOUR_RGB ( '',0.7921568627450980005, 0.8196078431372548767, 0.9333333333333333481 ) ;
#4092 = CARTESIAN_POINT ( 'NONE',  ( -2.124999999999998668, 9.199999999999999289, -0.9499999999999990674 ) ) ;
#4093 = ORIENTED_EDGE ( 'NONE', *, *, #115, .T. ) ;
#4094 = VECTOR ( 'NONE', #1959, 1000.000000000000000 ) ;
#4095 = DIRECTION ( 'NONE',  ( -0.000000000000000000, 1.000000000000000000, -0.000000000000000000 ) ) ;
#4096 = ORIENTED_EDGE ( 'NONE', *, *, #3206, .F. ) ;
#4097 = DIRECTION ( 'NONE',  ( 1.000000000000000000, 0.000000000000000000, 0.000000000000000000 ) ) ;
#4098 = VERTEX_POINT ( 'NONE', #2017 ) ;
#4099 = EDGE_CURVE ( 'NONE', #3381, #3006, #867, .T. ) ;
#4100 = VECTOR ( 'NONE', #4115, 1000.000000000000000 ) ;
#4101 = DIRECTION ( 'NONE',  ( 0.000000000000000000, -1.000000000000000000, 0.000000000000000000 ) ) ;
#4102 = VERTEX_POINT ( 'NONE', #980 ) ;
#4103 = CARTESIAN_POINT ( 'NONE',  ( 5.000000000000000000, 3.440000000000000835, 2.800000000000000266 ) ) ;
#4104 = ORIENTED_EDGE ( 'NONE', *, *, #2680, .T. ) ;
#4105 = EDGE_CURVE ( 'NONE', #461, #1910, #3687, .T. ) ;
#4106 = AXIS2_PLACEMENT_3D ( 'NONE', #1291, #807, #2074 ) ;
#4107 = CARTESIAN_POINT ( 'NONE',  ( 2.500000000000000888, 8.500000000000000000, 0.2000000000000005107 ) ) ;
#4108 = VECTOR ( 'NONE', #2728, 1000.000000000000000 ) ;
#4109 = CARTESIAN_POINT ( 'NONE',  ( 3.499999999999999556, 2.640000000000001013, -0.5199999999999995737 ) ) ;
#4110 = ORIENTED_EDGE ( 'NONE', *, *, #1829, .T. ) ;
#4111 = LINE ( 'NONE', #3703, #1269 ) ;
#4112 = EDGE_CURVE ( 'NONE', #1555, #568, #2284, .T. ) ;
#4113 = ORIENTED_EDGE ( 'NONE', *, *, #1841, .F. ) ;
#4114 = EDGE_CURVE ( 'NONE', #2440, #2714, #2279, .T. ) ;
#4115 = DIRECTION ( 'NONE',  ( 0.000000000000000000, 0.000000000000000000, 1.000000000000000000 ) ) ;
#4116 = DIRECTION ( 'NONE',  ( 0.000000000000000000, 0.000000000000000000, 1.000000000000000000 ) ) ;
#4117 = EDGE_CURVE ( 'NONE', #1549, #56, #2300, .T. ) ;
#4118 = VECTOR ( 'NONE', #4126, 1000.000000000000000 ) ;
#4119 = ADVANCED_FACE ( 'NONE', ( #802 ), #452, .F. ) ;
#4120 = ORIENTED_EDGE ( 'NONE', *, *, #2963, .T. ) ;
#4121 = FACE_OUTER_BOUND ( 'NONE', #2663, .T. ) ;
#4122 = DIRECTION ( 'NONE',  ( -0.000000000000000000, 0.000000000000000000, -1.000000000000000000 ) ) ;
#4123 = EDGE_CURVE ( 'NONE', #1405, #4077, #873, .T. ) ;
#4124 = ORIENTED_EDGE ( 'NONE', *, *, #1231, .F. ) ;
#4125 = ADVANCED_FACE ( 'NONE', ( #2291 ), #2679, .F. ) ;
#4126 = DIRECTION ( 'NONE',  ( -0.000000000000000000, 1.000000000000000000, -0.000000000000000000 ) ) ;
#4127 = VECTOR ( 'NONE', #1052, 1000.000000000000000 ) ;
#4128 = CARTESIAN_POINT ( 'NONE',  ( -1.050000000000000044, 2.999999999999999112, 2.300000000000000266 ) ) ;
#4129 = ORIENTED_EDGE ( 'NONE', *, *, #2517, .T. ) ;
#4130 = ORIENTED_EDGE ( 'NONE', *, *, #3674, .T. ) ;
#4131 = DIRECTION ( 'NONE',  ( 0.000000000000000000, 0.000000000000000000, -1.000000000000000000 ) ) ;
#4132 = ORIENTED_EDGE ( 'NONE', *, *, #2275, .T. ) ;
#4133 = VECTOR ( 'NONE', #1820, 1000.000000000000114 ) ;
#4134 = CARTESIAN_POINT ( 'NONE',  ( -2.499999999999999112, -3.899999999999999911, 0.2000000000000005107 ) ) ;
#4135 = VERTEX_POINT ( 'NONE', #1022 ) ;
#4136 = CARTESIAN_POINT ( 'NONE',  ( -2.499999999999998668, 15.37401153701776124, 2.100000000000000089 ) ) ;
#4137 = CIRCLE ( 'NONE', #2587, 0.3999999999999999667 ) ;
#4138 = VERTEX_POINT ( 'NONE', #2093 ) ;
#4139 = EDGE_CURVE ( 'NONE', #1445, #475, #808, .T. ) ;
#4140 = LINE ( 'NONE', #1213, #4047 ) ;
#4141 = ORIENTED_EDGE ( 'NONE', *, *, #2310, .T. ) ;
#4142 = DIRECTION ( 'NONE',  ( 0.000000000000000000, -1.000000000000000000, 0.000000000000000000 ) ) ;
#4143 = CARTESIAN_POINT ( 'NONE',  ( -4.367484939698309532, 9.199999999999999289, 0.5500000000000004885 ) ) ;
#4144 = CARTESIAN_POINT ( 'NONE',  ( -2.500000000000000000, 2.999999999999999112, -3.799999999999998934 ) ) ;
#4145 = DIRECTION ( 'NONE',  ( 0.000000000000000000, 0.000000000000000000, 1.000000000000000000 ) ) ;
#4146 = VECTOR ( 'NONE', #2349, 1000.000000000000000 ) ;
#4147 = ORIENTED_EDGE ( 'NONE', *, *, #3132, .T. ) ;
#4148 = LINE ( 'NONE', #3164, #2784 ) ;
#4149 = CARTESIAN_POINT ( 'NONE',  ( -2.124999999999998668, 9.199999999999999289, 0.5500000000000004885 ) ) ;
#4150 = ORIENTED_EDGE ( 'NONE', *, *, #3377, .F. ) ;
#4151 = CARTESIAN_POINT ( 'NONE',  ( -5.000000000000000888, 0.000000000000000000, -2.949999999999929567 ) ) ;
#4152 = ADVANCED_FACE ( 'NONE', ( #2205 ), #3437, .F. ) ;
#4153 = ORIENTED_EDGE ( 'NONE', *, *, #3324, .T. ) ;
#4154 = ORIENTED_EDGE ( 'NONE', *, *, #1949, .T. ) ;
#4155 = ADVANCED_FACE ( 'NONE', ( #2235 ), #878, .F. ) ;
#4156 = CARTESIAN_POINT ( 'NONE',  ( 2.500000000000000888, 9.500000000000000000, -1.699999999999999512 ) ) ;
#4157 = AXIS2_PLACEMENT_3D ( 'NONE', #953, #2607, #996 ) ;
#4158 = EDGE_CURVE ( 'NONE', #2929, #1393, #785, .T. ) ;
#4159 = ORIENTED_EDGE ( 'NONE', *, *, #1829, .F. ) ;
#4160 = CIRCLE ( 'NONE', #3768, 1.899999999999999911 ) ;
#4161 = DIRECTION ( 'NONE',  ( 1.000000000000000000, 0.000000000000000000, 0.000000000000000000 ) ) ;
#4162 = EDGE_CURVE ( 'NONE', #3225, #3357, #782, .T. ) ;
#4163 = AXIS2_PLACEMENT_3D ( 'NONE', #2510, #3864, #2836 ) ;
#4164 = DIRECTION ( 'NONE',  ( -1.327594496921025224E-16, 1.000000000000000000, 0.000000000000000000 ) ) ;
#4165 = EDGE_LOOP ( 'NONE', ( #3191, #2798, #1329, #2669 ) ) ;
#4166 = AXIS2_PLACEMENT_3D ( 'NONE', #3637, #3875, #2600 ) ;
#4167 = VECTOR ( 'NONE', #4079, 1000.000000000000000 ) ;
#4168 = CARTESIAN_POINT ( 'NONE',  ( 5.000000000000000000, 0.000000000000000000, -3.020000000000000018 ) ) ;
#4169 = ORIENTED_EDGE ( 'NONE', *, *, #3387, .F. ) ;
#4170 = LINE ( 'NONE', #799, #2670 ) ;
#4171 = EDGE_CURVE ( 'NONE', #3307, #1655, #2245, .T. ) ;
#4172 = ORIENTED_EDGE ( 'NONE', *, *, #998, .F. ) ;
#4173 =( NAMED_UNIT ( * ) SI_UNIT ( $, .STERADIAN. ) SOLID_ANGLE_UNIT ( ) );
#4174 = CARTESIAN_POINT ( 'NONE',  ( -4.330000000000000071, -0.000000000000000000, 0.000000000000000000 ) ) ;
#4175 = PLANE ( 'NONE',  #3008 ) ;
#4176 = VECTOR ( 'NONE', #3144, 1000.000000000000000 ) ;
#4177 = ORIENTED_EDGE ( 'NONE', *, *, #1182, .F. ) ;
#4178 = LINE ( 'NONE', #3785, #4063 ) ;
#4179 = DIRECTION ( 'NONE',  ( 1.000000000000000000, 0.000000000000000000, 0.000000000000000000 ) ) ;
#4180 = AXIS2_PLACEMENT_3D ( 'NONE', #982, #3656, #410 ) ;
#4181 = ORIENTED_EDGE ( 'NONE', *, *, #2424, .F. ) ;
#4182 = DIRECTION ( 'NONE',  ( 1.000000000000000000, 0.000000000000000000, 0.000000000000000000 ) ) ;
ENDSEC;
END-ISO-10303-21;
