ISO-10303-21;
HEADER;
/* Generated by software containing ST-Developer
 * from STEP Tools, Inc. (www.steptools.com) 
 */
/* OPTION: strings as raw bytes, not using required /X/ escapes */

FILE_DESCRIPTION(
/* description */ ('Unknown'),
/* implementation_level */ '2;1');

FILE_NAME(
/* name */ 'WRIS-KWKH_0612',
/* time_stamp */ '2018-07-19T15:10:02+02:00',
/* author */ ('Unknown'),
/* organization */ ('Unknown'),
/* preprocessor_version */ 'ST-DEVELOPER v16.7',
/* originating_system */ 'DEX',
/* authorisation */ $);

FILE_SCHEMA (('AUTOMOTIVE_DESIGN {1 0 10303 214 3 1 1}'));
ENDSEC;

DATA;
#10=PROPERTY_DEFINITION_REPRESENTATION(#14,#12);
#11=PROPERTY_DEFINITION_REPRESENTATION(#15,#13);
#12=REPRESENTATION('',(#16),#4184);
#13=REPRESENTATION('',(#17),#4184);
#14=PROPERTY_DEFINITION('pmi validation property','',#4195);
#15=PROPERTY_DEFINITION('pmi validation property','',#4195);
#16=VALUE_REPRESENTATION_ITEM('number of annotations',COUNT_MEASURE(0.));
#17=VALUE_REPRESENTATION_ITEM('number of views',COUNT_MEASURE(0.));
#18=B_SPLINE_SURFACE_WITH_KNOTS('',3,1,((#3381,#3382),(#3383,#3384),(#3385,
#3386),(#3387,#3388),(#3389,#3390)),.SURF_OF_LINEAR_EXTRUSION.,.F.,.F.,
 .F.,(4,1,4),(2,2),(0.149069852529666,0.205269041541305,0.261468230552944),
(0.,1.),.UNSPECIFIED.);
#19=B_SPLINE_SURFACE_WITH_KNOTS('',3,1,((#3400,#3401),(#3402,#3403),(#3404,
#3405),(#3406,#3407),(#3408,#3409)),.SURF_OF_LINEAR_EXTRUSION.,.F.,.F.,
 .F.,(4,1,4),(2,2),(0.261468230552944,0.317854169875738,0.374240109198532),
(0.,1.),.UNSPECIFIED.);
#20=B_SPLINE_SURFACE_WITH_KNOTS('',3,1,((#3474,#3475),(#3476,#3477),(#3478,
#3479),(#3480,#3481)),.SURF_OF_LINEAR_EXTRUSION.,.F.,.F.,.F.,(4,4),(2,2),
(0.973259864798146,1.),(0.,1.),.PIECEWISE_BEZIER_KNOTS.);
#21=B_SPLINE_SURFACE_WITH_KNOTS('',3,1,((#3490,#3491),(#3492,#3493),(#3494,
#3495),(#3496,#3497),(#3498,#3499),(#3500,#3501),(#3502,#3503)),
 .SURF_OF_LINEAR_EXTRUSION.,.F.,.F.,.F.,(4,1,1,1,4),(2,2),(0.,0.0904685248897091,
0.180937049779418,0.271405574669127,0.361874099558837),(0.,1.),
 .UNSPECIFIED.);
#22=B_SPLINE_SURFACE_WITH_KNOTS('',3,1,((#3531,#3532),(#3533,#3534),(#3535,
#3536),(#3537,#3538),(#3539,#3540),(#3541,#3542),(#3543,#3544),(#3545,#3546)),
 .SURF_OF_LINEAR_EXTRUSION.,.F.,.F.,.F.,(4,1,1,1,1,4),(2,2),(0.361874099558837,
0.3814214917024,0.400968883845964,0.440063668133091,0.479158452420218,0.518253236707345),
(0.,1.),.UNSPECIFIED.);
#23=B_SPLINE_SURFACE_WITH_KNOTS('',3,1,((#3571,#3572),(#3573,#3574),(#3575,
#3576),(#3577,#3578),(#3579,#3580),(#3581,#3582)),
 .SURF_OF_LINEAR_EXTRUSION.,.F.,.F.,.F.,(4,1,1,4),(2,2),(0.55270373426795,
0.745249506182209,0.841522392139339,0.937795278096468),(0.,1.),
 .UNSPECIFIED.);
#24=B_SPLINE_SURFACE_WITH_KNOTS('',3,1,((#3614,#3615),(#3616,#3617),(#3618,
#3619),(#3620,#3621),(#3622,#3623)),.SURF_OF_LINEAR_EXTRUSION.,.F.,.F.,
 .F.,(4,1,4),(2,2),(0.499265096298639,0.74963254814932,1.),(0.,1.),
 .UNSPECIFIED.);
#25=B_SPLINE_SURFACE_WITH_KNOTS('',3,1,((#3662,#3663),(#3664,#3665),(#3666,
#3667),(#3668,#3669),(#3670,#3671)),.SURF_OF_LINEAR_EXTRUSION.,.F.,.F.,
 .F.,(4,1,4),(2,2),(0.,0.24963254814932,0.499265096298639),(0.,1.),
 .UNSPECIFIED.);
#26=B_SPLINE_SURFACE_WITH_KNOTS('',3,1,((#3739,#3740),(#3741,#3742),(#3743,
#3744),(#3745,#3746)),.SURF_OF_LINEAR_EXTRUSION.,.F.,.F.,.F.,(4,4),(2,2),
(0.409840806187226,0.558495160106587),(0.,1.),.PIECEWISE_BEZIER_KNOTS.);
#27=B_SPLINE_SURFACE_WITH_KNOTS('',3,1,((#3765,#3766),(#3767,#3768),(#3769,
#3770),(#3771,#3772),(#3773,#3774)),.SURF_OF_LINEAR_EXTRUSION.,.F.,.F.,
 .F.,(4,1,4),(2,2),(0.610615742799227,0.778917699854131,0.947219656909034),
(0.,1.),.UNSPECIFIED.);
#28=B_SPLINE_SURFACE_WITH_KNOTS('',3,1,((#3924,#3925),(#3926,#3927),(#3928,
#3929),(#3930,#3931),(#3932,#3933),(#3934,#3935)),
 .SURF_OF_LINEAR_EXTRUSION.,.F.,.F.,.F.,(4,1,1,4),(2,2),(0.245640314251374,
0.397954829553406,0.474112087204422,0.550269344855437),(0.,1.),
 .UNSPECIFIED.);
#29=B_SPLINE_SURFACE_WITH_KNOTS('',3,1,((#3963,#3964),(#3965,#3966),(#3967,
#3968),(#3969,#3970),(#3971,#3972),(#3973,#3974),(#3975,#3976),(#3977,#3978),
(#3979,#3980)),.SURF_OF_LINEAR_EXTRUSION.,.F.,.F.,.F.,(4,1,1,1,1,1,4),(2,
2),(0.582301816735134,0.678718244581427,0.726926458504573,0.775134672427719,
0.823342886350865,0.871551100274011,0.967967528120303),(0.,1.),
 .UNSPECIFIED.);
#30=B_SPLINE_SURFACE_WITH_KNOTS('',3,1,((#4002,#4003),(#4004,#4005),(#4006,
#4007),(#4008,#4009),(#4010,#4011),(#4012,#4013),(#4014,#4015)),
 .SURF_OF_LINEAR_EXTRUSION.,.F.,.F.,.F.,(4,1,1,1,4),(2,2),(0.606665047240643,
0.704998785430482,0.803332523620321,0.901666261810161,1.),(0.,1.),
 .UNSPECIFIED.);
#31=B_SPLINE_SURFACE_WITH_KNOTS('',3,1,((#4044,#4045),(#4046,#4047),(#4048,
#4049),(#4050,#4051),(#4052,#4053)),.SURF_OF_LINEAR_EXTRUSION.,.F.,.F.,
 .F.,(4,1,4),(2,2),(0.0289427784437561,0.105890877618774,0.182838976793792),
(0.,1.),.UNSPECIFIED.);
#32=B_SPLINE_SURFACE_WITH_KNOTS('',3,1,((#4070,#4071),(#4072,#4073),(#4074,
#4075),(#4076,#4077),(#4078,#4079),(#4080,#4081),(#4082,#4083)),
 .SURF_OF_LINEAR_EXTRUSION.,.F.,.F.,.F.,(4,1,1,1,4),(2,2),(0.182838976793792,
0.276841790440202,0.370844604086612,0.464847417733022,0.558850231379431),
(0.,1.),.UNSPECIFIED.);
#33=B_SPLINE_SURFACE_WITH_KNOTS('',3,1,((#4111,#4112),(#4113,#4114),(#4115,
#4116),(#4117,#4118),(#4119,#4120),(#4121,#4122),(#4123,#4124),(#4125,#4126),
(#4127,#4128)),.SURF_OF_LINEAR_EXTRUSION.,.T.,.F.,.F.,(1,1,1,1,1,1,1,1,
1,1,1,1,1),(2,2),(-0.368792117104186,-0.251582888458848,-0.144967905741348,
0.,0.171140698645811,0.342281397291622,0.631207882895814,0.748417111541152,
0.855032094258652,1.,1.17114069864581,1.34228139729162,1.63120788289581),
(0.,1.),.UNSPECIFIED.);
#34=B_SPLINE_CURVE_WITH_KNOTS('',3,(#2940,#2941,#2942,#2943),
 .UNSPECIFIED.,.F.,.F.,(4,4),(0.878124202881752,0.984247345950703),
 .UNSPECIFIED.);
#35=B_SPLINE_CURVE_WITH_KNOTS('',3,(#2946,#2947,#2948,#2949),
 .UNSPECIFIED.,.F.,.F.,(4,4),(0.984247345950703,1.),.UNSPECIFIED.);
#36=B_SPLINE_CURVE_WITH_KNOTS('',3,(#2951,#2952,#2953,#2954),
 .UNSPECIFIED.,.F.,.F.,(4,4),(0.,0.124528875694971),.UNSPECIFIED.);
#37=B_SPLINE_CURVE_WITH_KNOTS('',3,(#2956,#2957,#2958,#2959),
 .UNSPECIFIED.,.F.,.F.,(4,4),(0.124528875694971,0.149069852529666),
 .UNSPECIFIED.);
#38=B_SPLINE_CURVE_WITH_KNOTS('',3,(#2961,#2962,#2963,#2964,#2965,#2966,
#2967),.UNSPECIFIED.,.F.,.F.,(4,3,4),(0.149069852529666,0.242039240282829,
0.261468230552944),.UNSPECIFIED.);
#39=B_SPLINE_CURVE_WITH_KNOTS('',3,(#2969,#2970,#2971,#2972,#2973,#2974,
#2975),.UNSPECIFIED.,.F.,.F.,(4,3,4),(0.261468230552944,0.28252187520109,
0.374240109198532),.UNSPECIFIED.);
#40=B_SPLINE_CURVE_WITH_KNOTS('',3,(#2977,#2978,#2979,#2980),
 .UNSPECIFIED.,.F.,.F.,(4,4),(0.374240109198532,0.396128007456503),
 .UNSPECIFIED.);
#41=B_SPLINE_CURVE_WITH_KNOTS('',3,(#2982,#2983,#2984,#2985),
 .UNSPECIFIED.,.F.,.F.,(4,4),(0.396128007456503,0.520656883151474),
 .UNSPECIFIED.);
#42=B_SPLINE_CURVE_WITH_KNOTS('',3,(#2987,#2988,#2989,#2990),
 .UNSPECIFIED.,.F.,.F.,(4,4),(0.520656883151474,0.536492445906294),
 .UNSPECIFIED.);
#43=B_SPLINE_CURVE_WITH_KNOTS('',3,(#2992,#2993,#2994,#2995),
 .UNSPECIFIED.,.F.,.F.,(4,4),(0.536492445906294,0.640874506159269),
 .UNSPECIFIED.);
#44=B_SPLINE_CURVE_WITH_KNOTS('',3,(#2997,#2998,#2999,#3000),
 .UNSPECIFIED.,.F.,.F.,(4,4),(0.640874506159269,0.751474905777646),
 .UNSPECIFIED.);
#45=B_SPLINE_CURVE_WITH_KNOTS('',3,(#3002,#3003,#3004,#3005),
 .UNSPECIFIED.,.F.,.F.,(4,4),(0.751474905777646,0.766066837949626),
 .UNSPECIFIED.);
#46=B_SPLINE_CURVE_WITH_KNOTS('',3,(#3007,#3008,#3009,#3010),
 .UNSPECIFIED.,.F.,.F.,(4,4),(0.766066837949626,0.878124202881752),
 .UNSPECIFIED.);
#47=B_SPLINE_CURVE_WITH_KNOTS('',3,(#3011,#3012,#3013,#3014),
 .UNSPECIFIED.,.F.,.F.,(4,4),(0.937795278096468,0.973259864798146),
 .UNSPECIFIED.);
#48=B_SPLINE_CURVE_WITH_KNOTS('',3,(#3017,#3018,#3019,#3020),
 .UNSPECIFIED.,.F.,.F.,(4,4),(0.973259864798146,1.),.UNSPECIFIED.);
#49=B_SPLINE_CURVE_WITH_KNOTS('',3,(#3022,#3023,#3024,#3025,#3026,#3027,
#3028,#3029,#3030,#3031,#3032,#3033,#3034,#3035,#3036,#3037,#3038,#3039,
#3040,#3041,#3042,#3043,#3044,#3045,#3046),.UNSPECIFIED.,.F.,.F.,(4,3,2,
3,2,2,3,3,3,4),(0.,0.0435638216839923,0.0792759739261158,0.137980881721388,
0.185553075564697,0.212958795930951,0.240364516297205,0.267788989284261,
0.299022718295814,0.361874099558837),.UNSPECIFIED.);
#50=B_SPLINE_CURVE_WITH_KNOTS('',3,(#3048,#3049,#3050,#3051,#3052,#3053,
#3054,#3055,#3056,#3057,#3058,#3059,#3060,#3061,#3062),.UNSPECIFIED.,.F.,
 .F.,(4,2,3,3,3,4),(0.361874099558837,0.365413816403879,0.40333935402933,
0.445351932389541,0.482793293465244,0.518253236707345),.UNSPECIFIED.);
#51=B_SPLINE_CURVE_WITH_KNOTS('',3,(#3064,#3065,#3066,#3067),
 .UNSPECIFIED.,.F.,.F.,(4,4),(0.518253236707345,0.55270373426795),
 .UNSPECIFIED.);
#52=B_SPLINE_CURVE_WITH_KNOTS('',3,(#3069,#3070,#3071,#3072,#3073,#3074,
#3075,#3076,#3077,#3078,#3079,#3080,#3081,#3082,#3083,#3084,#3085,#3086,
#3087,#3088,#3089,#3090,#3091,#3092,#3093,#3094,#3095,#3096,#3097),
 .UNSPECIFIED.,.F.,.F.,(4,3,3,2,3,2,3,3,3,3,4),(0.55270373426795,0.591087798597976,
0.628264512461586,0.673559569258793,0.718372763749648,0.745662116123218,
0.772951468496788,0.804970043029894,0.851074147843538,0.911992415995526,
0.937795278096468),.UNSPECIFIED.);
#53=B_SPLINE_CURVE_WITH_KNOTS('',3,(#3098,#3099,#3100,#3101,#3102,#3103,
#3104,#3105,#3106,#3107,#3108,#3109,#3110,#3111,#3112),.UNSPECIFIED.,.F.,
 .F.,(4,2,3,3,3,4),(0.610615742799227,0.649515610191699,0.683995038107752,
0.719625121518288,0.782799083170768,0.947219656909034),.UNSPECIFIED.);
#54=B_SPLINE_CURVE_WITH_KNOTS('',3,(#3115,#3116,#3117,#3118),
 .UNSPECIFIED.,.F.,.F.,(4,4),(0.947219656909034,1.),.UNSPECIFIED.);
#55=B_SPLINE_CURVE_WITH_KNOTS('',3,(#3120,#3121,#3122,#3123),
 .UNSPECIFIED.,.F.,.F.,(4,4),(0.,0.314374721142911),.UNSPECIFIED.);
#56=B_SPLINE_CURVE_WITH_KNOTS('',3,(#3125,#3126,#3127,#3128),
 .UNSPECIFIED.,.F.,.F.,(4,4),(0.314374721142911,0.362251972252749),
 .UNSPECIFIED.);
#57=B_SPLINE_CURVE_WITH_KNOTS('',3,(#3130,#3131,#3132,#3133),
 .UNSPECIFIED.,.F.,.F.,(4,4),(0.362251972252749,0.409840806187226),
 .UNSPECIFIED.);
#58=B_SPLINE_CURVE_WITH_KNOTS('',3,(#3135,#3136,#3137,#3138,#3139,#3140,
#3141,#3142,#3143),.UNSPECIFIED.,.F.,.F.,(4,3,2,4),(0.409840806187226,0.465242072542818,
0.502901973289725,0.558495160106587),.UNSPECIFIED.);
#59=B_SPLINE_CURVE_WITH_KNOTS('',3,(#3145,#3146,#3147,#3148),
 .UNSPECIFIED.,.F.,.F.,(4,4),(0.558495160106587,0.610615742799227),
 .UNSPECIFIED.);
#60=B_SPLINE_CURVE_WITH_KNOTS('',1,(#3149,#3150),.UNSPECIFIED.,.F.,.F.,
(2,2),(0.905318389752371,0.971672493844612),.UNSPECIFIED.);
#61=B_SPLINE_CURVE_WITH_KNOTS('',1,(#3153,#3154),.UNSPECIFIED.,.F.,.F.,
(2,2),(0.971672493844612,1.),.UNSPECIFIED.);
#62=B_SPLINE_CURVE_WITH_KNOTS('',1,(#3156,#3157),.UNSPECIFIED.,.F.,.F.,
(2,2),(0.,0.231238664377136),.UNSPECIFIED.);
#63=B_SPLINE_CURVE_WITH_KNOTS('',1,(#3159,#3160),.UNSPECIFIED.,.F.,.F.,
(2,2),(0.231238664377136,0.259566170532524),.UNSPECIFIED.);
#64=B_SPLINE_CURVE_WITH_KNOTS('',1,(#3162,#3163),.UNSPECIFIED.,.F.,.F.,
(2,2),(0.259566170532524,0.391042748014597),.UNSPECIFIED.);
#65=B_SPLINE_CURVE_WITH_KNOTS('',1,(#3165,#3166),.UNSPECIFIED.,.F.,.F.,
(2,2),(0.391042748014597,0.486950552238425),.UNSPECIFIED.);
#66=B_SPLINE_CURVE_WITH_KNOTS('',1,(#3168,#3169),.UNSPECIFIED.,.F.,.F.,
(2,2),(0.486950552238425,0.523899473310671),.UNSPECIFIED.);
#67=B_SPLINE_CURVE_WITH_KNOTS('',1,(#3171,#3172),.UNSPECIFIED.,.F.,.F.,
(2,2),(0.523899473310671,0.613611110426539),.UNSPECIFIED.);
#68=B_SPLINE_CURVE_WITH_KNOTS('',1,(#3174,#3175),.UNSPECIFIED.,.F.,.F.,
(2,2),(0.613611110426539,0.740513905775974),.UNSPECIFIED.);
#69=B_SPLINE_CURVE_WITH_KNOTS('',1,(#3177,#3178),.UNSPECIFIED.,.F.,.F.,
(2,2),(0.740513905775974,0.775615380794607),.UNSPECIFIED.);
#70=B_SPLINE_CURVE_WITH_KNOTS('',1,(#3180,#3181),.UNSPECIFIED.,.F.,.F.,
(2,2),(0.775615380794607,0.877881759759685),.UNSPECIFIED.);
#71=B_SPLINE_CURVE_WITH_KNOTS('',1,(#3183,#3184),.UNSPECIFIED.,.F.,.F.,
(2,2),(0.877881759759685,0.905318389752371),.UNSPECIFIED.);
#72=B_SPLINE_CURVE_WITH_KNOTS('',1,(#3185,#3186),.UNSPECIFIED.,.F.,.F.,
(2,2),(0.5,0.767088607594938),.UNSPECIFIED.);
#73=B_SPLINE_CURVE_WITH_KNOTS('',1,(#3189,#3190),.UNSPECIFIED.,.F.,.F.,
(2,2),(0.767088607594938,1.),.UNSPECIFIED.);
#74=B_SPLINE_CURVE_WITH_KNOTS('',1,(#3192,#3193),.UNSPECIFIED.,.F.,.F.,
(2,2),(0.,0.267088607594938),.UNSPECIFIED.);
#75=B_SPLINE_CURVE_WITH_KNOTS('',1,(#3195,#3196),.UNSPECIFIED.,.F.,.F.,
(2,2),(0.267088607594938,0.5),.UNSPECIFIED.);
#76=B_SPLINE_CURVE_WITH_KNOTS('',1,(#3197,#3198),.UNSPECIFIED.,.F.,.F.,
(2,2),(0.5,0.927786499215071),.UNSPECIFIED.);
#77=B_SPLINE_CURVE_WITH_KNOTS('',1,(#3201,#3202),.UNSPECIFIED.,.F.,.F.,
(2,2),(0.927786499215071,1.),.UNSPECIFIED.);
#78=B_SPLINE_CURVE_WITH_KNOTS('',1,(#3204,#3205),.UNSPECIFIED.,.F.,.F.,
(2,2),(0.,0.427786499215071),.UNSPECIFIED.);
#79=B_SPLINE_CURVE_WITH_KNOTS('',1,(#3207,#3208),.UNSPECIFIED.,.F.,.F.,
(2,2),(0.427786499215071,0.5),.UNSPECIFIED.);
#80=B_SPLINE_CURVE_WITH_KNOTS('',3,(#3209,#3210,#3211,#3212,#3213,#3214,
#3215,#3216,#3217,#3218,#3219,#3220,#3221,#3222,#3223,#3224,#3225,#3226,
#3227,#3228),.UNSPECIFIED.,.F.,.F.,(4,3,3,2,3,2,3,4),(0.582301816735134,
0.697897258735781,0.727682193021292,0.749965873996903,0.772249554972514,
0.818209178399424,0.864168801826335,0.967967528120303),.UNSPECIFIED.);
#81=B_SPLINE_CURVE_WITH_KNOTS('',3,(#3231,#3232,#3233,#3234),
 .UNSPECIFIED.,.F.,.F.,(4,4),(0.967967528120303,1.),.UNSPECIFIED.);
#82=B_SPLINE_CURVE_WITH_KNOTS('',3,(#3236,#3237,#3238,#3239),
 .UNSPECIFIED.,.F.,.F.,(4,4),(0.,0.189757577982989),.UNSPECIFIED.);
#83=B_SPLINE_CURVE_WITH_KNOTS('',3,(#3241,#3242,#3243,#3244),
 .UNSPECIFIED.,.F.,.F.,(4,4),(0.189757577982989,0.218656438483151),
 .UNSPECIFIED.);
#84=B_SPLINE_CURVE_WITH_KNOTS('',3,(#3246,#3247,#3248,#3249),
 .UNSPECIFIED.,.F.,.F.,(4,4),(0.218656438483151,0.245640314251374),
 .UNSPECIFIED.);
#85=B_SPLINE_CURVE_WITH_KNOTS('',3,(#3251,#3252,#3253,#3254,#3255,#3256,
#3257,#3258,#3259,#3260,#3261,#3262,#3263,#3264,#3265,#3266,#3267,#3268),
 .UNSPECIFIED.,.F.,.F.,(4,2,3,3,3,3,4),(0.245640314251374,0.317563337196489,
0.348999890271838,0.376335385920031,0.402372375392432,0.433633459013527,
0.550269344855437),.UNSPECIFIED.);
#86=B_SPLINE_CURVE_WITH_KNOTS('',3,(#3270,#3271,#3272,#3273),
 .UNSPECIFIED.,.F.,.F.,(4,4),(0.550269344855437,0.582301816735134),
 .UNSPECIFIED.);
#87=B_SPLINE_CURVE_WITH_KNOTS('',3,(#3274,#3275,#3276,#3277),
 .UNSPECIFIED.,.F.,.F.,(4,4),(0.580207515797439,0.606665047240643),
 .UNSPECIFIED.);
#88=B_SPLINE_CURVE_WITH_KNOTS('',3,(#3280,#3281,#3282,#3283,#3284,#3285,
#3286,#3287,#3288,#3289,#3290,#3291,#3292,#3293,#3294,#3295,#3296),
 .UNSPECIFIED.,.F.,.F.,(4,3,3,2,2,3,4),(0.606665047240643,0.756803569044848,
0.815199863785841,0.858155349706572,0.901110835627301,0.951876409897253,
1.),.UNSPECIFIED.);
#89=B_SPLINE_CURVE_WITH_KNOTS('',3,(#3298,#3299,#3300,#3301),
 .UNSPECIFIED.,.F.,.F.,(4,4),(0.,0.0289427784437561),.UNSPECIFIED.);
#90=B_SPLINE_CURVE_WITH_KNOTS('',3,(#3303,#3304,#3305,#3306,#3307,#3308,
#3309,#3310,#3311,#3312,#3313,#3314,#3315,#3316),.UNSPECIFIED.,.F.,.F.,
(4,3,2,2,3,4),(0.0289427784437561,0.0517557706347693,0.0811537898240818,
0.11312413569246,0.145094481560837,0.182838976793792),.UNSPECIFIED.);
#91=B_SPLINE_CURVE_WITH_KNOTS('',3,(#3318,#3319,#3320,#3321,#3322,#3323,
#3324,#3325,#3326,#3327,#3328,#3329,#3330,#3331,#3332,#3333,#3334,#3335),
 .UNSPECIFIED.,.F.,.F.,(4,2,3,2,3,2,2,4),(0.182838976793792,0.235524243111121,
0.301819869893759,0.369369061871496,0.415142527487989,0.458299330204614,
0.501456132921239,0.558850231379431),.UNSPECIFIED.);
#92=B_SPLINE_CURVE_WITH_KNOTS('',3,(#3337,#3338,#3339,#3340),
 .UNSPECIFIED.,.F.,.F.,(4,4),(0.558850231379431,0.580207515797439),
 .UNSPECIFIED.);
#93=B_SPLINE_CURVE_WITH_KNOTS('',3,(#3361,#3362,#3363,#3364),
 .UNSPECIFIED.,.F.,.F.,(4,4),(0.984247345950703,1.),.UNSPECIFIED.);
#94=B_SPLINE_CURVE_WITH_KNOTS('',3,(#3368,#3369,#3370,#3371),
 .UNSPECIFIED.,.F.,.F.,(4,4),(0.,0.124528875694971),.UNSPECIFIED.);
#95=B_SPLINE_CURVE_WITH_KNOTS('',3,(#3375,#3376,#3377,#3378),
 .UNSPECIFIED.,.F.,.F.,(4,4),(0.124528875694971,0.149069852529666),
 .UNSPECIFIED.);
#96=B_SPLINE_CURVE_WITH_KNOTS('',3,(#3391,#3392,#3393,#3394,#3395,#3396,
#3397),.UNSPECIFIED.,.F.,.F.,(4,3,4),(0.149069852529666,0.242039240282829,
0.261468230552944),.UNSPECIFIED.);
#97=B_SPLINE_CURVE_WITH_KNOTS('',3,(#3410,#3411,#3412,#3413,#3414,#3415,
#3416),.UNSPECIFIED.,.F.,.F.,(4,3,4),(0.261468230552944,0.28252187520109,
0.374240109198532),.UNSPECIFIED.);
#98=B_SPLINE_CURVE_WITH_KNOTS('',3,(#3420,#3421,#3422,#3423),
 .UNSPECIFIED.,.F.,.F.,(4,4),(0.374240109198532,0.396128007456503),
 .UNSPECIFIED.);
#99=B_SPLINE_CURVE_WITH_KNOTS('',3,(#3427,#3428,#3429,#3430),
 .UNSPECIFIED.,.F.,.F.,(4,4),(0.396128007456503,0.520656883151474),
 .UNSPECIFIED.);
#100=B_SPLINE_CURVE_WITH_KNOTS('',3,(#3434,#3435,#3436,#3437),
 .UNSPECIFIED.,.F.,.F.,(4,4),(0.520656883151474,0.536492445906294),
 .UNSPECIFIED.);
#101=B_SPLINE_CURVE_WITH_KNOTS('',3,(#3441,#3442,#3443,#3444),
 .UNSPECIFIED.,.F.,.F.,(4,4),(0.536492445906294,0.640874506159269),
 .UNSPECIFIED.);
#102=B_SPLINE_CURVE_WITH_KNOTS('',3,(#3448,#3449,#3450,#3451),
 .UNSPECIFIED.,.F.,.F.,(4,4),(0.640874506159269,0.751474905777646),
 .UNSPECIFIED.);
#103=B_SPLINE_CURVE_WITH_KNOTS('',3,(#3455,#3456,#3457,#3458),
 .UNSPECIFIED.,.F.,.F.,(4,4),(0.751474905777646,0.766066837949626),
 .UNSPECIFIED.);
#104=B_SPLINE_CURVE_WITH_KNOTS('',3,(#3462,#3463,#3464,#3465),
 .UNSPECIFIED.,.F.,.F.,(4,4),(0.766066837949626,0.878124202881752),
 .UNSPECIFIED.);
#105=B_SPLINE_CURVE_WITH_KNOTS('',3,(#3469,#3470,#3471,#3472),
 .UNSPECIFIED.,.F.,.F.,(4,4),(0.878124202881752,0.984247345950703),
 .UNSPECIFIED.);
#106=B_SPLINE_CURVE_WITH_KNOTS('',3,(#3484,#3485,#3486,#3487),
 .UNSPECIFIED.,.F.,.F.,(4,4),(0.973259864798146,1.),.UNSPECIFIED.);
#107=B_SPLINE_CURVE_WITH_KNOTS('',3,(#3504,#3505,#3506,#3507,#3508,#3509,
#3510,#3511,#3512,#3513,#3514,#3515,#3516,#3517,#3518,#3519,#3520,#3521,
#3522,#3523,#3524,#3525,#3526,#3527,#3528),.UNSPECIFIED.,.F.,.F.,(4,3,2,
3,2,2,3,3,3,4),(0.,0.0435638216839923,0.0792759739261158,0.137980881721388,
0.185553075564697,0.212958795930951,0.240364516297205,0.267788989284261,
0.299022718295814,0.361874099558837),.UNSPECIFIED.);
#108=B_SPLINE_CURVE_WITH_KNOTS('',3,(#3547,#3548,#3549,#3550,#3551,#3552,
#3553,#3554,#3555,#3556,#3557,#3558,#3559,#3560,#3561),.UNSPECIFIED.,.F.,
 .F.,(4,2,3,3,3,4),(0.361874099558837,0.365413816403879,0.40333935402933,
0.445351932389541,0.482793293465244,0.518253236707345),.UNSPECIFIED.);
#109=B_SPLINE_CURVE_WITH_KNOTS('',3,(#3565,#3566,#3567,#3568),
 .UNSPECIFIED.,.F.,.F.,(4,4),(0.518253236707345,0.55270373426795),
 .UNSPECIFIED.);
#110=B_SPLINE_CURVE_WITH_KNOTS('',3,(#3583,#3584,#3585,#3586,#3587,#3588,
#3589,#3590,#3591,#3592,#3593,#3594,#3595,#3596,#3597,#3598,#3599,#3600,
#3601,#3602,#3603,#3604,#3605,#3606,#3607,#3608,#3609,#3610,#3611),
 .UNSPECIFIED.,.F.,.F.,(4,3,3,2,3,2,3,3,3,3,4),(0.55270373426795,0.591087798597976,
0.628264512461586,0.673559569258793,0.718372763749648,0.745662116123218,
0.772951468496788,0.804970043029894,0.851074147843538,0.911992415995526,
0.937795278096468),.UNSPECIFIED.);
#111=B_SPLINE_CURVE_WITH_KNOTS('',3,(#3624,#3625,#3626,#3627,#3628,#3629,
#3630,#3631,#3632,#3633,#3634,#3635,#3636,#3637,#3638,#3639),
 .UNSPECIFIED.,.F.,.F.,(4,3,3,3,3,4),(0.499265096298639,0.607595818716467,
0.730441237094497,0.841672752430367,0.958533283835744,1.),
 .PIECEWISE_BEZIER_KNOTS.);
#112=B_SPLINE_CURVE_WITH_KNOTS('',3,(#3644,#3645,#3646,#3647,#3648,#3649,
#3650,#3651,#3652,#3653,#3654,#3655,#3656,#3657,#3658,#3659),
 .UNSPECIFIED.,.F.,.F.,(4,3,3,3,3,4),(0.499265096298639,0.607595818716467,
0.730441237094497,0.841672752430367,0.958533283835744,1.),
 .PIECEWISE_BEZIER_KNOTS.);
#113=B_SPLINE_CURVE_WITH_KNOTS('',3,(#3672,#3673,#3674,#3675,#3676,#3677,
#3678,#3679,#3680,#3681,#3682,#3683,#3684,#3685,#3686),.UNSPECIFIED.,.F.,
 .F.,(4,3,3,3,2,4),(0.,0.192720247722041,0.295769340488981,0.355183468830475,
0.411410445403418,0.499265096298639),.UNSPECIFIED.);
#114=B_SPLINE_CURVE_WITH_KNOTS('',3,(#3687,#3688,#3689,#3690,#3691,#3692,
#3693,#3694,#3695,#3696,#3697,#3698,#3699,#3700,#3701),.UNSPECIFIED.,.F.,
 .F.,(4,3,3,3,2,4),(0.,0.192720247722041,0.295769340488981,0.355183468830475,
0.411410445403418,0.499265096298639),.UNSPECIFIED.);
#115=B_SPLINE_CURVE_WITH_KNOTS('',3,(#3703,#3704,#3705,#3706),
 .UNSPECIFIED.,.F.,.F.,(4,4),(0.937795278096468,0.973259864798146),
 .UNSPECIFIED.);
#116=B_SPLINE_CURVE_WITH_KNOTS('',3,(#3712,#3713,#3714,#3715),
 .UNSPECIFIED.,.F.,.F.,(4,4),(0.947219656909034,1.),.UNSPECIFIED.);
#117=B_SPLINE_CURVE_WITH_KNOTS('',3,(#3719,#3720,#3721,#3722),
 .UNSPECIFIED.,.F.,.F.,(4,4),(0.,0.314374721142911),.UNSPECIFIED.);
#118=B_SPLINE_CURVE_WITH_KNOTS('',3,(#3726,#3727,#3728,#3729),
 .UNSPECIFIED.,.F.,.F.,(4,4),(0.314374721142911,0.362251972252749),
 .UNSPECIFIED.);
#119=B_SPLINE_CURVE_WITH_KNOTS('',3,(#3733,#3734,#3735,#3736),
 .UNSPECIFIED.,.F.,.F.,(4,4),(0.362251972252749,0.409840806187226),
 .UNSPECIFIED.);
#120=B_SPLINE_CURVE_WITH_KNOTS('',3,(#3747,#3748,#3749,#3750,#3751,#3752,
#3753,#3754,#3755),.UNSPECIFIED.,.F.,.F.,(4,3,2,4),(0.409840806187226,0.465242072542818,
0.502901973289725,0.558495160106587),.UNSPECIFIED.);
#121=B_SPLINE_CURVE_WITH_KNOTS('',3,(#3759,#3760,#3761,#3762),
 .UNSPECIFIED.,.F.,.F.,(4,4),(0.558495160106587,0.610615742799227),
 .UNSPECIFIED.);
#122=B_SPLINE_CURVE_WITH_KNOTS('',3,(#3775,#3776,#3777,#3778,#3779,#3780,
#3781,#3782,#3783,#3784,#3785,#3786,#3787,#3788,#3789),.UNSPECIFIED.,.F.,
 .F.,(4,2,3,3,3,4),(0.610615742799227,0.649515610191699,0.683995038107752,
0.719625121518288,0.782799083170768,0.947219656909034),.UNSPECIFIED.);
#123=B_SPLINE_CURVE_WITH_KNOTS('',1,(#3794,#3795),.UNSPECIFIED.,.F.,.F.,
(2,2),(0.971672493844612,1.),.UNSPECIFIED.);
#124=B_SPLINE_CURVE_WITH_KNOTS('',1,(#3799,#3800),.UNSPECIFIED.,.F.,.F.,
(2,2),(0.,0.231238664377136),.UNSPECIFIED.);
#125=B_SPLINE_CURVE_WITH_KNOTS('',1,(#3804,#3805),.UNSPECIFIED.,.F.,.F.,
(2,2),(0.231238664377136,0.259566170532524),.UNSPECIFIED.);
#126=B_SPLINE_CURVE_WITH_KNOTS('',1,(#3809,#3810),.UNSPECIFIED.,.F.,.F.,
(2,2),(0.259566170532524,0.391042748014597),.UNSPECIFIED.);
#127=B_SPLINE_CURVE_WITH_KNOTS('',1,(#3814,#3815),.UNSPECIFIED.,.F.,.F.,
(2,2),(0.391042748014597,0.486950552238425),.UNSPECIFIED.);
#128=B_SPLINE_CURVE_WITH_KNOTS('',1,(#3819,#3820),.UNSPECIFIED.,.F.,.F.,
(2,2),(0.486950552238425,0.523899473310671),.UNSPECIFIED.);
#129=B_SPLINE_CURVE_WITH_KNOTS('',1,(#3824,#3825),.UNSPECIFIED.,.F.,.F.,
(2,2),(0.523899473310671,0.613611110426539),.UNSPECIFIED.);
#130=B_SPLINE_CURVE_WITH_KNOTS('',1,(#3829,#3830),.UNSPECIFIED.,.F.,.F.,
(2,2),(0.613611110426539,0.740513905775974),.UNSPECIFIED.);
#131=B_SPLINE_CURVE_WITH_KNOTS('',1,(#3834,#3835),.UNSPECIFIED.,.F.,.F.,
(2,2),(0.740513905775974,0.775615380794607),.UNSPECIFIED.);
#132=B_SPLINE_CURVE_WITH_KNOTS('',1,(#3839,#3840),.UNSPECIFIED.,.F.,.F.,
(2,2),(0.775615380794607,0.877881759759685),.UNSPECIFIED.);
#133=B_SPLINE_CURVE_WITH_KNOTS('',1,(#3844,#3845),.UNSPECIFIED.,.F.,.F.,
(2,2),(0.877881759759685,0.905318389752371),.UNSPECIFIED.);
#134=B_SPLINE_CURVE_WITH_KNOTS('',1,(#3849,#3850),.UNSPECIFIED.,.F.,.F.,
(2,2),(0.905318389752371,0.971672493844612),.UNSPECIFIED.);
#135=B_SPLINE_CURVE_WITH_KNOTS('',1,(#3855,#3856),.UNSPECIFIED.,.F.,.F.,
(2,2),(0.767088607594938,1.),.UNSPECIFIED.);
#136=B_SPLINE_CURVE_WITH_KNOTS('',1,(#3860,#3861),.UNSPECIFIED.,.F.,.F.,
(2,2),(0.,0.267088607594938),.UNSPECIFIED.);
#137=B_SPLINE_CURVE_WITH_KNOTS('',1,(#3865,#3866),.UNSPECIFIED.,.F.,.F.,
(2,2),(0.267088607594938,0.5),.UNSPECIFIED.);
#138=B_SPLINE_CURVE_WITH_KNOTS('',1,(#3870,#3871),.UNSPECIFIED.,.F.,.F.,
(2,2),(0.5,0.767088607594938),.UNSPECIFIED.);
#139=B_SPLINE_CURVE_WITH_KNOTS('',1,(#3876,#3877),.UNSPECIFIED.,.F.,.F.,
(2,2),(0.927786499215071,1.),.UNSPECIFIED.);
#140=B_SPLINE_CURVE_WITH_KNOTS('',1,(#3881,#3882),.UNSPECIFIED.,.F.,.F.,
(2,2),(0.,0.427786499215071),.UNSPECIFIED.);
#141=B_SPLINE_CURVE_WITH_KNOTS('',1,(#3886,#3887),.UNSPECIFIED.,.F.,.F.,
(2,2),(0.427786499215071,0.5),.UNSPECIFIED.);
#142=B_SPLINE_CURVE_WITH_KNOTS('',1,(#3891,#3892),.UNSPECIFIED.,.F.,.F.,
(2,2),(0.5,0.927786499215071),.UNSPECIFIED.);
#143=B_SPLINE_CURVE_WITH_KNOTS('',3,(#3897,#3898,#3899,#3900),
 .UNSPECIFIED.,.F.,.F.,(4,4),(0.967967528120303,1.),.UNSPECIFIED.);
#144=B_SPLINE_CURVE_WITH_KNOTS('',3,(#3904,#3905,#3906,#3907),
 .UNSPECIFIED.,.F.,.F.,(4,4),(0.,0.189757577982989),.UNSPECIFIED.);
#145=B_SPLINE_CURVE_WITH_KNOTS('',3,(#3911,#3912,#3913,#3914),
 .UNSPECIFIED.,.F.,.F.,(4,4),(0.189757577982989,0.218656438483151),
 .UNSPECIFIED.);
#146=B_SPLINE_CURVE_WITH_KNOTS('',3,(#3918,#3919,#3920,#3921),
 .UNSPECIFIED.,.F.,.F.,(4,4),(0.218656438483151,0.245640314251374),
 .UNSPECIFIED.);
#147=B_SPLINE_CURVE_WITH_KNOTS('',3,(#3936,#3937,#3938,#3939,#3940,#3941,
#3942,#3943,#3944,#3945,#3946,#3947,#3948,#3949,#3950,#3951,#3952,#3953),
 .UNSPECIFIED.,.F.,.F.,(4,2,3,3,3,3,4),(0.245640314251374,0.317563337196489,
0.348999890271838,0.376335385920031,0.402372375392432,0.433633459013527,
0.550269344855437),.UNSPECIFIED.);
#148=B_SPLINE_CURVE_WITH_KNOTS('',3,(#3957,#3958,#3959,#3960),
 .UNSPECIFIED.,.F.,.F.,(4,4),(0.550269344855437,0.582301816735134),
 .UNSPECIFIED.);
#149=B_SPLINE_CURVE_WITH_KNOTS('',3,(#3981,#3982,#3983,#3984,#3985,#3986,
#3987,#3988,#3989,#3990,#3991,#3992,#3993,#3994,#3995,#3996,#3997,#3998,
#3999,#4000),.UNSPECIFIED.,.F.,.F.,(4,3,3,2,3,2,3,4),(0.582301816735134,
0.697897258735781,0.727682193021292,0.749965873996903,0.772249554972514,
0.818209178399424,0.864168801826335,0.967967528120303),.UNSPECIFIED.);
#150=B_SPLINE_CURVE_WITH_KNOTS('',3,(#4018,#4019,#4020,#4021,#4022,#4023,
#4024,#4025,#4026,#4027,#4028,#4029,#4030,#4031,#4032,#4033,#4034),
 .UNSPECIFIED.,.F.,.F.,(4,3,3,2,2,3,4),(0.606665047240643,0.756803569044848,
0.815199863785841,0.858155349706572,0.901110835627301,0.951876409897253,
1.),.UNSPECIFIED.);
#151=B_SPLINE_CURVE_WITH_KNOTS('',3,(#4038,#4039,#4040,#4041),
 .UNSPECIFIED.,.F.,.F.,(4,4),(0.,0.0289427784437561),.UNSPECIFIED.);
#152=B_SPLINE_CURVE_WITH_KNOTS('',3,(#4054,#4055,#4056,#4057,#4058,#4059,
#4060,#4061,#4062,#4063,#4064,#4065,#4066,#4067),.UNSPECIFIED.,.F.,.F.,
(4,3,2,2,3,4),(0.0289427784437561,0.0517557706347693,0.0811537898240818,
0.11312413569246,0.145094481560837,0.182838976793792),.UNSPECIFIED.);
#153=B_SPLINE_CURVE_WITH_KNOTS('',3,(#4084,#4085,#4086,#4087,#4088,#4089,
#4090,#4091,#4092,#4093,#4094,#4095,#4096,#4097,#4098,#4099,#4100,#4101),
 .UNSPECIFIED.,.F.,.F.,(4,2,3,2,3,2,2,4),(0.182838976793792,0.235524243111121,
0.301819869893759,0.369369061871496,0.415142527487989,0.458299330204614,
0.501456132921239,0.558850231379431),.UNSPECIFIED.);
#154=B_SPLINE_CURVE_WITH_KNOTS('',3,(#4105,#4106,#4107,#4108),
 .UNSPECIFIED.,.F.,.F.,(4,4),(0.558850231379431,0.580207515797439),
 .UNSPECIFIED.);
#155=B_SPLINE_CURVE_WITH_KNOTS('',3,(#4129,#4130,#4131,#4132,#4133,#4134,
#4135,#4136,#4137,#4138,#4139,#4140,#4141,#4142,#4143,#4144,#4145,#4146,
#4147,#4148,#4149,#4150),.UNSPECIFIED.,.T.,.F.,(4,2,2,3,2,3,3,3,4),(0.,
0.11962960020472,0.23925920040944,0.360296207675391,0.506488056325202,0.646414540032877,
0.754586018311959,0.860643409138521,1.),.UNSPECIFIED.);
#156=B_SPLINE_CURVE_WITH_KNOTS('',3,(#4152,#4153,#4154,#4155,#4156,#4157,
#4158,#4159,#4160,#4161,#4162,#4163,#4164,#4165,#4166,#4167,#4168,#4169,
#4170,#4171,#4172,#4173),.UNSPECIFIED.,.T.,.F.,(4,2,2,3,2,3,3,3,4),(0.,
0.11962960020472,0.23925920040944,0.360296207675391,0.506488056325202,0.646414540032877,
0.754586018311959,0.860643409138521,1.),.UNSPECIFIED.);
#157=B_SPLINE_CURVE_WITH_KNOTS('',3,(#4176,#4177,#4178,#4179),
 .UNSPECIFIED.,.F.,.F.,(4,4),(0.580207515797439,0.606665047240643),
 .UNSPECIFIED.);
#158=CONTEXT_DEPENDENT_SHAPE_REPRESENTATION(#164,#4197);
#159=CONTEXT_DEPENDENT_SHAPE_REPRESENTATION(#165,#4199);
#160=CONTEXT_DEPENDENT_SHAPE_REPRESENTATION(#166,#4201);
#161=NEXT_ASSEMBLY_USAGE_OCCURRENCE('Body','Body','Body',#4202,#4203,'');
#162=NEXT_ASSEMBLY_USAGE_OCCURRENCE('Pins','Pins','Pins',#4202,#4204,'');
#163=NEXT_ASSEMBLY_USAGE_OCCURRENCE('Cover','Cover','Cover',#4202,#4205,
'');
#164=(
REPRESENTATION_RELATIONSHIP(' ',' ',#2389,#2390)
REPRESENTATION_RELATIONSHIP_WITH_TRANSFORMATION(#167)
SHAPE_REPRESENTATION_RELATIONSHIP()
);
#165=(
REPRESENTATION_RELATIONSHIP(' ',' ',#2391,#2390)
REPRESENTATION_RELATIONSHIP_WITH_TRANSFORMATION(#168)
SHAPE_REPRESENTATION_RELATIONSHIP()
);
#166=(
REPRESENTATION_RELATIONSHIP(' ',' ',#2392,#2390)
REPRESENTATION_RELATIONSHIP_WITH_TRANSFORMATION(#169)
SHAPE_REPRESENTATION_RELATIONSHIP()
);
#167=ITEM_DEFINED_TRANSFORMATION(' ',' ',#2393,#2400);
#168=ITEM_DEFINED_TRANSFORMATION(' ',' ',#2393,#2421);
#169=ITEM_DEFINED_TRANSFORMATION(' ',' ',#2393,#2484);
#170=SHAPE_REPRESENTATION_RELATIONSHIP('','',#2389,#173);
#171=SHAPE_REPRESENTATION_RELATIONSHIP('','',#2391,#174);
#172=SHAPE_REPRESENTATION_RELATIONSHIP('','',#2392,#175);
#173=ADVANCED_BREP_SHAPE_REPRESENTATION('',(#2381),#4185);
#174=ADVANCED_BREP_SHAPE_REPRESENTATION('',(#2382,#2383),#4186);
#175=ADVANCED_BREP_SHAPE_REPRESENTATION('',(#2384),#4187);
#176=ORIENTED_EDGE('',*,*,#690,.T.);
#177=ORIENTED_EDGE('',*,*,#691,.F.);
#178=ORIENTED_EDGE('',*,*,#692,.F.);
#179=ORIENTED_EDGE('',*,*,#693,.T.);
#180=ORIENTED_EDGE('',*,*,#694,.T.);
#181=ORIENTED_EDGE('',*,*,#695,.F.);
#182=ORIENTED_EDGE('',*,*,#696,.F.);
#183=ORIENTED_EDGE('',*,*,#691,.T.);
#184=ORIENTED_EDGE('',*,*,#697,.T.);
#185=ORIENTED_EDGE('',*,*,#698,.F.);
#186=ORIENTED_EDGE('',*,*,#699,.F.);
#187=ORIENTED_EDGE('',*,*,#695,.T.);
#188=ORIENTED_EDGE('',*,*,#700,.T.);
#189=ORIENTED_EDGE('',*,*,#693,.F.);
#190=ORIENTED_EDGE('',*,*,#701,.F.);
#191=ORIENTED_EDGE('',*,*,#698,.T.);
#192=ORIENTED_EDGE('',*,*,#692,.T.);
#193=ORIENTED_EDGE('',*,*,#696,.T.);
#194=ORIENTED_EDGE('',*,*,#699,.T.);
#195=ORIENTED_EDGE('',*,*,#701,.T.);
#196=ORIENTED_EDGE('',*,*,#690,.F.);
#197=ORIENTED_EDGE('',*,*,#700,.F.);
#198=ORIENTED_EDGE('',*,*,#697,.F.);
#199=ORIENTED_EDGE('',*,*,#694,.F.);
#200=ORIENTED_EDGE('',*,*,#702,.F.);
#201=ORIENTED_EDGE('',*,*,#703,.F.);
#202=ORIENTED_EDGE('',*,*,#704,.T.);
#203=ORIENTED_EDGE('',*,*,#705,.T.);
#204=ORIENTED_EDGE('',*,*,#706,.F.);
#205=ORIENTED_EDGE('',*,*,#705,.F.);
#206=ORIENTED_EDGE('',*,*,#707,.T.);
#207=ORIENTED_EDGE('',*,*,#708,.T.);
#208=ORIENTED_EDGE('',*,*,#709,.F.);
#209=ORIENTED_EDGE('',*,*,#708,.F.);
#210=ORIENTED_EDGE('',*,*,#710,.T.);
#211=ORIENTED_EDGE('',*,*,#711,.T.);
#212=ORIENTED_EDGE('',*,*,#712,.F.);
#213=ORIENTED_EDGE('',*,*,#711,.F.);
#214=ORIENTED_EDGE('',*,*,#713,.T.);
#215=ORIENTED_EDGE('',*,*,#714,.T.);
#216=ORIENTED_EDGE('',*,*,#715,.F.);
#217=ORIENTED_EDGE('',*,*,#714,.F.);
#218=ORIENTED_EDGE('',*,*,#716,.T.);
#219=ORIENTED_EDGE('',*,*,#717,.T.);
#220=ORIENTED_EDGE('',*,*,#718,.F.);
#221=ORIENTED_EDGE('',*,*,#717,.F.);
#222=ORIENTED_EDGE('',*,*,#719,.T.);
#223=ORIENTED_EDGE('',*,*,#720,.T.);
#224=ORIENTED_EDGE('',*,*,#721,.F.);
#225=ORIENTED_EDGE('',*,*,#720,.F.);
#226=ORIENTED_EDGE('',*,*,#722,.T.);
#227=ORIENTED_EDGE('',*,*,#723,.T.);
#228=ORIENTED_EDGE('',*,*,#724,.F.);
#229=ORIENTED_EDGE('',*,*,#723,.F.);
#230=ORIENTED_EDGE('',*,*,#725,.T.);
#231=ORIENTED_EDGE('',*,*,#703,.T.);
#232=ORIENTED_EDGE('',*,*,#704,.F.);
#233=ORIENTED_EDGE('',*,*,#725,.F.);
#234=ORIENTED_EDGE('',*,*,#722,.F.);
#235=ORIENTED_EDGE('',*,*,#719,.F.);
#236=ORIENTED_EDGE('',*,*,#716,.F.);
#237=ORIENTED_EDGE('',*,*,#713,.F.);
#238=ORIENTED_EDGE('',*,*,#710,.F.);
#239=ORIENTED_EDGE('',*,*,#707,.F.);
#240=ORIENTED_EDGE('',*,*,#702,.T.);
#241=ORIENTED_EDGE('',*,*,#706,.T.);
#242=ORIENTED_EDGE('',*,*,#709,.T.);
#243=ORIENTED_EDGE('',*,*,#712,.T.);
#244=ORIENTED_EDGE('',*,*,#715,.T.);
#245=ORIENTED_EDGE('',*,*,#718,.T.);
#246=ORIENTED_EDGE('',*,*,#721,.T.);
#247=ORIENTED_EDGE('',*,*,#724,.T.);
#248=ORIENTED_EDGE('',*,*,#726,.T.);
#249=ORIENTED_EDGE('',*,*,#727,.F.);
#250=ORIENTED_EDGE('',*,*,#728,.F.);
#251=ORIENTED_EDGE('',*,*,#729,.T.);
#252=ORIENTED_EDGE('',*,*,#730,.T.);
#253=ORIENTED_EDGE('',*,*,#731,.F.);
#254=ORIENTED_EDGE('',*,*,#732,.F.);
#255=ORIENTED_EDGE('',*,*,#727,.T.);
#256=ORIENTED_EDGE('',*,*,#733,.T.);
#257=ORIENTED_EDGE('',*,*,#734,.F.);
#258=ORIENTED_EDGE('',*,*,#735,.F.);
#259=ORIENTED_EDGE('',*,*,#731,.T.);
#260=ORIENTED_EDGE('',*,*,#736,.T.);
#261=ORIENTED_EDGE('',*,*,#737,.F.);
#262=ORIENTED_EDGE('',*,*,#738,.F.);
#263=ORIENTED_EDGE('',*,*,#734,.T.);
#264=ORIENTED_EDGE('',*,*,#739,.T.);
#265=ORIENTED_EDGE('',*,*,#740,.F.);
#266=ORIENTED_EDGE('',*,*,#741,.F.);
#267=ORIENTED_EDGE('',*,*,#737,.T.);
#268=ORIENTED_EDGE('',*,*,#742,.T.);
#269=ORIENTED_EDGE('',*,*,#743,.F.);
#270=ORIENTED_EDGE('',*,*,#744,.F.);
#271=ORIENTED_EDGE('',*,*,#740,.T.);
#272=ORIENTED_EDGE('',*,*,#745,.T.);
#273=ORIENTED_EDGE('',*,*,#746,.F.);
#274=ORIENTED_EDGE('',*,*,#747,.F.);
#275=ORIENTED_EDGE('',*,*,#743,.T.);
#276=ORIENTED_EDGE('',*,*,#748,.T.);
#277=ORIENTED_EDGE('',*,*,#729,.F.);
#278=ORIENTED_EDGE('',*,*,#749,.F.);
#279=ORIENTED_EDGE('',*,*,#746,.T.);
#280=ORIENTED_EDGE('',*,*,#728,.T.);
#281=ORIENTED_EDGE('',*,*,#732,.T.);
#282=ORIENTED_EDGE('',*,*,#735,.T.);
#283=ORIENTED_EDGE('',*,*,#738,.T.);
#284=ORIENTED_EDGE('',*,*,#741,.T.);
#285=ORIENTED_EDGE('',*,*,#744,.T.);
#286=ORIENTED_EDGE('',*,*,#747,.T.);
#287=ORIENTED_EDGE('',*,*,#749,.T.);
#288=ORIENTED_EDGE('',*,*,#726,.F.);
#289=ORIENTED_EDGE('',*,*,#748,.F.);
#290=ORIENTED_EDGE('',*,*,#745,.F.);
#291=ORIENTED_EDGE('',*,*,#742,.F.);
#292=ORIENTED_EDGE('',*,*,#739,.F.);
#293=ORIENTED_EDGE('',*,*,#736,.F.);
#294=ORIENTED_EDGE('',*,*,#733,.F.);
#295=ORIENTED_EDGE('',*,*,#730,.F.);
#296=ORIENTED_EDGE('',*,*,#750,.T.);
#297=ORIENTED_EDGE('',*,*,#751,.T.);
#298=ORIENTED_EDGE('',*,*,#752,.T.);
#299=ORIENTED_EDGE('',*,*,#753,.T.);
#300=ORIENTED_EDGE('',*,*,#754,.T.);
#301=ORIENTED_EDGE('',*,*,#755,.T.);
#302=ORIENTED_EDGE('',*,*,#756,.T.);
#303=ORIENTED_EDGE('',*,*,#757,.T.);
#304=ORIENTED_EDGE('',*,*,#758,.T.);
#305=ORIENTED_EDGE('',*,*,#759,.T.);
#306=ORIENTED_EDGE('',*,*,#760,.T.);
#307=ORIENTED_EDGE('',*,*,#761,.T.);
#308=ORIENTED_EDGE('',*,*,#762,.T.);
#309=ORIENTED_EDGE('',*,*,#763,.T.);
#310=ORIENTED_EDGE('',*,*,#764,.T.);
#311=ORIENTED_EDGE('',*,*,#765,.T.);
#312=ORIENTED_EDGE('',*,*,#766,.T.);
#313=ORIENTED_EDGE('',*,*,#767,.T.);
#314=ORIENTED_EDGE('',*,*,#768,.T.);
#315=ORIENTED_EDGE('',*,*,#769,.T.);
#316=ORIENTED_EDGE('',*,*,#770,.T.);
#317=ORIENTED_EDGE('',*,*,#771,.T.);
#318=ORIENTED_EDGE('',*,*,#772,.T.);
#319=ORIENTED_EDGE('',*,*,#773,.T.);
#320=ORIENTED_EDGE('',*,*,#774,.T.);
#321=ORIENTED_EDGE('',*,*,#775,.T.);
#322=ORIENTED_EDGE('',*,*,#776,.T.);
#323=ORIENTED_EDGE('',*,*,#777,.T.);
#324=ORIENTED_EDGE('',*,*,#778,.T.);
#325=ORIENTED_EDGE('',*,*,#779,.T.);
#326=ORIENTED_EDGE('',*,*,#780,.T.);
#327=ORIENTED_EDGE('',*,*,#781,.T.);
#328=ORIENTED_EDGE('',*,*,#782,.T.);
#329=ORIENTED_EDGE('',*,*,#783,.T.);
#330=ORIENTED_EDGE('',*,*,#784,.T.);
#331=ORIENTED_EDGE('',*,*,#785,.T.);
#332=ORIENTED_EDGE('',*,*,#786,.T.);
#333=ORIENTED_EDGE('',*,*,#787,.T.);
#334=ORIENTED_EDGE('',*,*,#788,.T.);
#335=ORIENTED_EDGE('',*,*,#789,.T.);
#336=ORIENTED_EDGE('',*,*,#790,.T.);
#337=ORIENTED_EDGE('',*,*,#791,.T.);
#338=ORIENTED_EDGE('',*,*,#792,.T.);
#339=ORIENTED_EDGE('',*,*,#793,.T.);
#340=ORIENTED_EDGE('',*,*,#794,.T.);
#341=ORIENTED_EDGE('',*,*,#795,.T.);
#342=ORIENTED_EDGE('',*,*,#796,.T.);
#343=ORIENTED_EDGE('',*,*,#797,.T.);
#344=ORIENTED_EDGE('',*,*,#798,.T.);
#345=ORIENTED_EDGE('',*,*,#799,.T.);
#346=ORIENTED_EDGE('',*,*,#800,.T.);
#347=ORIENTED_EDGE('',*,*,#801,.T.);
#348=ORIENTED_EDGE('',*,*,#802,.T.);
#349=ORIENTED_EDGE('',*,*,#803,.T.);
#350=ORIENTED_EDGE('',*,*,#804,.T.);
#351=ORIENTED_EDGE('',*,*,#805,.T.);
#352=ORIENTED_EDGE('',*,*,#806,.T.);
#353=ORIENTED_EDGE('',*,*,#807,.T.);
#354=ORIENTED_EDGE('',*,*,#808,.T.);
#355=ORIENTED_EDGE('',*,*,#809,.T.);
#356=ORIENTED_EDGE('',*,*,#810,.T.);
#357=ORIENTED_EDGE('',*,*,#811,.T.);
#358=ORIENTED_EDGE('',*,*,#812,.T.);
#359=ORIENTED_EDGE('',*,*,#813,.T.);
#360=ORIENTED_EDGE('',*,*,#814,.F.);
#361=ORIENTED_EDGE('',*,*,#750,.F.);
#362=ORIENTED_EDGE('',*,*,#815,.T.);
#363=ORIENTED_EDGE('',*,*,#816,.T.);
#364=ORIENTED_EDGE('',*,*,#817,.F.);
#365=ORIENTED_EDGE('',*,*,#751,.F.);
#366=ORIENTED_EDGE('',*,*,#814,.T.);
#367=ORIENTED_EDGE('',*,*,#818,.T.);
#368=ORIENTED_EDGE('',*,*,#819,.F.);
#369=ORIENTED_EDGE('',*,*,#752,.F.);
#370=ORIENTED_EDGE('',*,*,#817,.T.);
#371=ORIENTED_EDGE('',*,*,#820,.T.);
#372=ORIENTED_EDGE('',*,*,#815,.F.);
#373=ORIENTED_EDGE('',*,*,#753,.F.);
#374=ORIENTED_EDGE('',*,*,#819,.T.);
#375=ORIENTED_EDGE('',*,*,#813,.F.);
#376=ORIENTED_EDGE('',*,*,#820,.F.);
#377=ORIENTED_EDGE('',*,*,#818,.F.);
#378=ORIENTED_EDGE('',*,*,#816,.F.);
#379=ORIENTED_EDGE('',*,*,#755,.F.);
#380=ORIENTED_EDGE('',*,*,#821,.F.);
#381=ORIENTED_EDGE('',*,*,#822,.T.);
#382=ORIENTED_EDGE('',*,*,#823,.T.);
#383=ORIENTED_EDGE('',*,*,#756,.F.);
#384=ORIENTED_EDGE('',*,*,#823,.F.);
#385=ORIENTED_EDGE('',*,*,#824,.T.);
#386=ORIENTED_EDGE('',*,*,#825,.T.);
#387=ORIENTED_EDGE('',*,*,#757,.F.);
#388=ORIENTED_EDGE('',*,*,#825,.F.);
#389=ORIENTED_EDGE('',*,*,#826,.T.);
#390=ORIENTED_EDGE('',*,*,#827,.T.);
#391=ORIENTED_EDGE('',*,*,#758,.F.);
#392=ORIENTED_EDGE('',*,*,#827,.F.);
#393=ORIENTED_EDGE('',*,*,#828,.T.);
#394=ORIENTED_EDGE('',*,*,#829,.T.);
#395=ORIENTED_EDGE('',*,*,#759,.F.);
#396=ORIENTED_EDGE('',*,*,#829,.F.);
#397=ORIENTED_EDGE('',*,*,#830,.T.);
#398=ORIENTED_EDGE('',*,*,#831,.T.);
#399=ORIENTED_EDGE('',*,*,#760,.F.);
#400=ORIENTED_EDGE('',*,*,#831,.F.);
#401=ORIENTED_EDGE('',*,*,#832,.T.);
#402=ORIENTED_EDGE('',*,*,#833,.T.);
#403=ORIENTED_EDGE('',*,*,#761,.F.);
#404=ORIENTED_EDGE('',*,*,#833,.F.);
#405=ORIENTED_EDGE('',*,*,#834,.T.);
#406=ORIENTED_EDGE('',*,*,#835,.T.);
#407=ORIENTED_EDGE('',*,*,#762,.F.);
#408=ORIENTED_EDGE('',*,*,#835,.F.);
#409=ORIENTED_EDGE('',*,*,#836,.T.);
#410=ORIENTED_EDGE('',*,*,#837,.T.);
#411=ORIENTED_EDGE('',*,*,#763,.F.);
#412=ORIENTED_EDGE('',*,*,#837,.F.);
#413=ORIENTED_EDGE('',*,*,#838,.T.);
#414=ORIENTED_EDGE('',*,*,#839,.T.);
#415=ORIENTED_EDGE('',*,*,#764,.F.);
#416=ORIENTED_EDGE('',*,*,#839,.F.);
#417=ORIENTED_EDGE('',*,*,#840,.T.);
#418=ORIENTED_EDGE('',*,*,#841,.T.);
#419=ORIENTED_EDGE('',*,*,#765,.F.);
#420=ORIENTED_EDGE('',*,*,#841,.F.);
#421=ORIENTED_EDGE('',*,*,#842,.T.);
#422=ORIENTED_EDGE('',*,*,#843,.T.);
#423=ORIENTED_EDGE('',*,*,#766,.F.);
#424=ORIENTED_EDGE('',*,*,#843,.F.);
#425=ORIENTED_EDGE('',*,*,#844,.T.);
#426=ORIENTED_EDGE('',*,*,#845,.T.);
#427=ORIENTED_EDGE('',*,*,#754,.F.);
#428=ORIENTED_EDGE('',*,*,#845,.F.);
#429=ORIENTED_EDGE('',*,*,#846,.T.);
#430=ORIENTED_EDGE('',*,*,#821,.T.);
#431=ORIENTED_EDGE('',*,*,#822,.F.);
#432=ORIENTED_EDGE('',*,*,#846,.F.);
#433=ORIENTED_EDGE('',*,*,#844,.F.);
#434=ORIENTED_EDGE('',*,*,#842,.F.);
#435=ORIENTED_EDGE('',*,*,#840,.F.);
#436=ORIENTED_EDGE('',*,*,#838,.F.);
#437=ORIENTED_EDGE('',*,*,#836,.F.);
#438=ORIENTED_EDGE('',*,*,#834,.F.);
#439=ORIENTED_EDGE('',*,*,#832,.F.);
#440=ORIENTED_EDGE('',*,*,#830,.F.);
#441=ORIENTED_EDGE('',*,*,#828,.F.);
#442=ORIENTED_EDGE('',*,*,#826,.F.);
#443=ORIENTED_EDGE('',*,*,#824,.F.);
#444=ORIENTED_EDGE('',*,*,#768,.F.);
#445=ORIENTED_EDGE('',*,*,#847,.F.);
#446=ORIENTED_EDGE('',*,*,#848,.T.);
#447=ORIENTED_EDGE('',*,*,#849,.T.);
#448=ORIENTED_EDGE('',*,*,#769,.F.);
#449=ORIENTED_EDGE('',*,*,#849,.F.);
#450=ORIENTED_EDGE('',*,*,#850,.T.);
#451=ORIENTED_EDGE('',*,*,#851,.T.);
#452=ORIENTED_EDGE('',*,*,#770,.F.);
#453=ORIENTED_EDGE('',*,*,#851,.F.);
#454=ORIENTED_EDGE('',*,*,#852,.T.);
#455=ORIENTED_EDGE('',*,*,#853,.T.);
#456=ORIENTED_EDGE('',*,*,#771,.F.);
#457=ORIENTED_EDGE('',*,*,#853,.F.);
#458=ORIENTED_EDGE('',*,*,#854,.T.);
#459=ORIENTED_EDGE('',*,*,#855,.T.);
#460=ORIENTED_EDGE('',*,*,#772,.F.);
#461=ORIENTED_EDGE('',*,*,#855,.F.);
#462=ORIENTED_EDGE('',*,*,#856,.T.);
#463=ORIENTED_EDGE('',*,*,#857,.T.);
#464=ORIENTED_EDGE('',*,*,#858,.F.);
#465=ORIENTED_EDGE('',*,*,#859,.F.);
#466=ORIENTED_EDGE('',*,*,#860,.T.);
#467=ORIENTED_EDGE('',*,*,#861,.T.);
#468=ORIENTED_EDGE('',*,*,#862,.F.);
#469=ORIENTED_EDGE('',*,*,#861,.F.);
#470=ORIENTED_EDGE('',*,*,#863,.T.);
#471=ORIENTED_EDGE('',*,*,#859,.T.);
#472=ORIENTED_EDGE('',*,*,#767,.F.);
#473=ORIENTED_EDGE('',*,*,#857,.F.);
#474=ORIENTED_EDGE('',*,*,#864,.T.);
#475=ORIENTED_EDGE('',*,*,#847,.T.);
#476=ORIENTED_EDGE('',*,*,#860,.F.);
#477=ORIENTED_EDGE('',*,*,#863,.F.);
#478=ORIENTED_EDGE('',*,*,#848,.F.);
#479=ORIENTED_EDGE('',*,*,#864,.F.);
#480=ORIENTED_EDGE('',*,*,#856,.F.);
#481=ORIENTED_EDGE('',*,*,#854,.F.);
#482=ORIENTED_EDGE('',*,*,#852,.F.);
#483=ORIENTED_EDGE('',*,*,#850,.F.);
#484=ORIENTED_EDGE('',*,*,#862,.T.);
#485=ORIENTED_EDGE('',*,*,#858,.T.);
#486=ORIENTED_EDGE('',*,*,#774,.F.);
#487=ORIENTED_EDGE('',*,*,#865,.F.);
#488=ORIENTED_EDGE('',*,*,#866,.T.);
#489=ORIENTED_EDGE('',*,*,#867,.T.);
#490=ORIENTED_EDGE('',*,*,#775,.F.);
#491=ORIENTED_EDGE('',*,*,#867,.F.);
#492=ORIENTED_EDGE('',*,*,#868,.T.);
#493=ORIENTED_EDGE('',*,*,#869,.T.);
#494=ORIENTED_EDGE('',*,*,#776,.F.);
#495=ORIENTED_EDGE('',*,*,#869,.F.);
#496=ORIENTED_EDGE('',*,*,#870,.T.);
#497=ORIENTED_EDGE('',*,*,#871,.T.);
#498=ORIENTED_EDGE('',*,*,#777,.F.);
#499=ORIENTED_EDGE('',*,*,#871,.F.);
#500=ORIENTED_EDGE('',*,*,#872,.T.);
#501=ORIENTED_EDGE('',*,*,#873,.T.);
#502=ORIENTED_EDGE('',*,*,#778,.F.);
#503=ORIENTED_EDGE('',*,*,#873,.F.);
#504=ORIENTED_EDGE('',*,*,#874,.T.);
#505=ORIENTED_EDGE('',*,*,#875,.T.);
#506=ORIENTED_EDGE('',*,*,#779,.F.);
#507=ORIENTED_EDGE('',*,*,#875,.F.);
#508=ORIENTED_EDGE('',*,*,#876,.T.);
#509=ORIENTED_EDGE('',*,*,#877,.T.);
#510=ORIENTED_EDGE('',*,*,#773,.F.);
#511=ORIENTED_EDGE('',*,*,#877,.F.);
#512=ORIENTED_EDGE('',*,*,#878,.T.);
#513=ORIENTED_EDGE('',*,*,#865,.T.);
#514=ORIENTED_EDGE('',*,*,#866,.F.);
#515=ORIENTED_EDGE('',*,*,#878,.F.);
#516=ORIENTED_EDGE('',*,*,#876,.F.);
#517=ORIENTED_EDGE('',*,*,#874,.F.);
#518=ORIENTED_EDGE('',*,*,#872,.F.);
#519=ORIENTED_EDGE('',*,*,#870,.F.);
#520=ORIENTED_EDGE('',*,*,#868,.F.);
#521=ORIENTED_EDGE('',*,*,#781,.F.);
#522=ORIENTED_EDGE('',*,*,#879,.F.);
#523=ORIENTED_EDGE('',*,*,#880,.T.);
#524=ORIENTED_EDGE('',*,*,#881,.T.);
#525=ORIENTED_EDGE('',*,*,#782,.F.);
#526=ORIENTED_EDGE('',*,*,#881,.F.);
#527=ORIENTED_EDGE('',*,*,#882,.T.);
#528=ORIENTED_EDGE('',*,*,#883,.T.);
#529=ORIENTED_EDGE('',*,*,#783,.F.);
#530=ORIENTED_EDGE('',*,*,#883,.F.);
#531=ORIENTED_EDGE('',*,*,#884,.T.);
#532=ORIENTED_EDGE('',*,*,#885,.T.);
#533=ORIENTED_EDGE('',*,*,#784,.F.);
#534=ORIENTED_EDGE('',*,*,#885,.F.);
#535=ORIENTED_EDGE('',*,*,#886,.T.);
#536=ORIENTED_EDGE('',*,*,#887,.T.);
#537=ORIENTED_EDGE('',*,*,#785,.F.);
#538=ORIENTED_EDGE('',*,*,#887,.F.);
#539=ORIENTED_EDGE('',*,*,#888,.T.);
#540=ORIENTED_EDGE('',*,*,#889,.T.);
#541=ORIENTED_EDGE('',*,*,#786,.F.);
#542=ORIENTED_EDGE('',*,*,#889,.F.);
#543=ORIENTED_EDGE('',*,*,#890,.T.);
#544=ORIENTED_EDGE('',*,*,#891,.T.);
#545=ORIENTED_EDGE('',*,*,#787,.F.);
#546=ORIENTED_EDGE('',*,*,#891,.F.);
#547=ORIENTED_EDGE('',*,*,#892,.T.);
#548=ORIENTED_EDGE('',*,*,#893,.T.);
#549=ORIENTED_EDGE('',*,*,#788,.F.);
#550=ORIENTED_EDGE('',*,*,#893,.F.);
#551=ORIENTED_EDGE('',*,*,#894,.T.);
#552=ORIENTED_EDGE('',*,*,#895,.T.);
#553=ORIENTED_EDGE('',*,*,#789,.F.);
#554=ORIENTED_EDGE('',*,*,#895,.F.);
#555=ORIENTED_EDGE('',*,*,#896,.T.);
#556=ORIENTED_EDGE('',*,*,#897,.T.);
#557=ORIENTED_EDGE('',*,*,#790,.F.);
#558=ORIENTED_EDGE('',*,*,#897,.F.);
#559=ORIENTED_EDGE('',*,*,#898,.T.);
#560=ORIENTED_EDGE('',*,*,#899,.T.);
#561=ORIENTED_EDGE('',*,*,#791,.F.);
#562=ORIENTED_EDGE('',*,*,#899,.F.);
#563=ORIENTED_EDGE('',*,*,#900,.T.);
#564=ORIENTED_EDGE('',*,*,#901,.T.);
#565=ORIENTED_EDGE('',*,*,#780,.F.);
#566=ORIENTED_EDGE('',*,*,#901,.F.);
#567=ORIENTED_EDGE('',*,*,#902,.T.);
#568=ORIENTED_EDGE('',*,*,#879,.T.);
#569=ORIENTED_EDGE('',*,*,#880,.F.);
#570=ORIENTED_EDGE('',*,*,#902,.F.);
#571=ORIENTED_EDGE('',*,*,#900,.F.);
#572=ORIENTED_EDGE('',*,*,#898,.F.);
#573=ORIENTED_EDGE('',*,*,#896,.F.);
#574=ORIENTED_EDGE('',*,*,#894,.F.);
#575=ORIENTED_EDGE('',*,*,#892,.F.);
#576=ORIENTED_EDGE('',*,*,#890,.F.);
#577=ORIENTED_EDGE('',*,*,#888,.F.);
#578=ORIENTED_EDGE('',*,*,#886,.F.);
#579=ORIENTED_EDGE('',*,*,#884,.F.);
#580=ORIENTED_EDGE('',*,*,#882,.F.);
#581=ORIENTED_EDGE('',*,*,#793,.F.);
#582=ORIENTED_EDGE('',*,*,#903,.F.);
#583=ORIENTED_EDGE('',*,*,#904,.T.);
#584=ORIENTED_EDGE('',*,*,#905,.T.);
#585=ORIENTED_EDGE('',*,*,#794,.F.);
#586=ORIENTED_EDGE('',*,*,#905,.F.);
#587=ORIENTED_EDGE('',*,*,#906,.T.);
#588=ORIENTED_EDGE('',*,*,#907,.T.);
#589=ORIENTED_EDGE('',*,*,#795,.F.);
#590=ORIENTED_EDGE('',*,*,#907,.F.);
#591=ORIENTED_EDGE('',*,*,#908,.T.);
#592=ORIENTED_EDGE('',*,*,#909,.T.);
#593=ORIENTED_EDGE('',*,*,#792,.F.);
#594=ORIENTED_EDGE('',*,*,#909,.F.);
#595=ORIENTED_EDGE('',*,*,#910,.T.);
#596=ORIENTED_EDGE('',*,*,#903,.T.);
#597=ORIENTED_EDGE('',*,*,#904,.F.);
#598=ORIENTED_EDGE('',*,*,#910,.F.);
#599=ORIENTED_EDGE('',*,*,#908,.F.);
#600=ORIENTED_EDGE('',*,*,#906,.F.);
#601=ORIENTED_EDGE('',*,*,#797,.F.);
#602=ORIENTED_EDGE('',*,*,#911,.F.);
#603=ORIENTED_EDGE('',*,*,#912,.T.);
#604=ORIENTED_EDGE('',*,*,#913,.T.);
#605=ORIENTED_EDGE('',*,*,#798,.F.);
#606=ORIENTED_EDGE('',*,*,#913,.F.);
#607=ORIENTED_EDGE('',*,*,#914,.T.);
#608=ORIENTED_EDGE('',*,*,#915,.T.);
#609=ORIENTED_EDGE('',*,*,#799,.F.);
#610=ORIENTED_EDGE('',*,*,#915,.F.);
#611=ORIENTED_EDGE('',*,*,#916,.T.);
#612=ORIENTED_EDGE('',*,*,#917,.T.);
#613=ORIENTED_EDGE('',*,*,#796,.F.);
#614=ORIENTED_EDGE('',*,*,#917,.F.);
#615=ORIENTED_EDGE('',*,*,#918,.T.);
#616=ORIENTED_EDGE('',*,*,#911,.T.);
#617=ORIENTED_EDGE('',*,*,#912,.F.);
#618=ORIENTED_EDGE('',*,*,#918,.F.);
#619=ORIENTED_EDGE('',*,*,#916,.F.);
#620=ORIENTED_EDGE('',*,*,#914,.F.);
#621=ORIENTED_EDGE('',*,*,#801,.F.);
#622=ORIENTED_EDGE('',*,*,#919,.F.);
#623=ORIENTED_EDGE('',*,*,#920,.T.);
#624=ORIENTED_EDGE('',*,*,#921,.T.);
#625=ORIENTED_EDGE('',*,*,#802,.F.);
#626=ORIENTED_EDGE('',*,*,#921,.F.);
#627=ORIENTED_EDGE('',*,*,#922,.T.);
#628=ORIENTED_EDGE('',*,*,#923,.T.);
#629=ORIENTED_EDGE('',*,*,#803,.F.);
#630=ORIENTED_EDGE('',*,*,#923,.F.);
#631=ORIENTED_EDGE('',*,*,#924,.T.);
#632=ORIENTED_EDGE('',*,*,#925,.T.);
#633=ORIENTED_EDGE('',*,*,#804,.F.);
#634=ORIENTED_EDGE('',*,*,#925,.F.);
#635=ORIENTED_EDGE('',*,*,#926,.T.);
#636=ORIENTED_EDGE('',*,*,#927,.T.);
#637=ORIENTED_EDGE('',*,*,#805,.F.);
#638=ORIENTED_EDGE('',*,*,#927,.F.);
#639=ORIENTED_EDGE('',*,*,#928,.T.);
#640=ORIENTED_EDGE('',*,*,#929,.T.);
#641=ORIENTED_EDGE('',*,*,#806,.F.);
#642=ORIENTED_EDGE('',*,*,#929,.F.);
#643=ORIENTED_EDGE('',*,*,#930,.T.);
#644=ORIENTED_EDGE('',*,*,#931,.T.);
#645=ORIENTED_EDGE('',*,*,#800,.F.);
#646=ORIENTED_EDGE('',*,*,#931,.F.);
#647=ORIENTED_EDGE('',*,*,#932,.T.);
#648=ORIENTED_EDGE('',*,*,#919,.T.);
#649=ORIENTED_EDGE('',*,*,#920,.F.);
#650=ORIENTED_EDGE('',*,*,#932,.F.);
#651=ORIENTED_EDGE('',*,*,#930,.F.);
#652=ORIENTED_EDGE('',*,*,#928,.F.);
#653=ORIENTED_EDGE('',*,*,#926,.F.);
#654=ORIENTED_EDGE('',*,*,#924,.F.);
#655=ORIENTED_EDGE('',*,*,#922,.F.);
#656=ORIENTED_EDGE('',*,*,#808,.F.);
#657=ORIENTED_EDGE('',*,*,#933,.F.);
#658=ORIENTED_EDGE('',*,*,#934,.T.);
#659=ORIENTED_EDGE('',*,*,#935,.T.);
#660=ORIENTED_EDGE('',*,*,#809,.F.);
#661=ORIENTED_EDGE('',*,*,#935,.F.);
#662=ORIENTED_EDGE('',*,*,#936,.T.);
#663=ORIENTED_EDGE('',*,*,#937,.T.);
#664=ORIENTED_EDGE('',*,*,#810,.F.);
#665=ORIENTED_EDGE('',*,*,#937,.F.);
#666=ORIENTED_EDGE('',*,*,#938,.T.);
#667=ORIENTED_EDGE('',*,*,#939,.T.);
#668=ORIENTED_EDGE('',*,*,#811,.F.);
#669=ORIENTED_EDGE('',*,*,#939,.F.);
#670=ORIENTED_EDGE('',*,*,#940,.T.);
#671=ORIENTED_EDGE('',*,*,#941,.T.);
#672=ORIENTED_EDGE('',*,*,#812,.F.);
#673=ORIENTED_EDGE('',*,*,#941,.F.);
#674=ORIENTED_EDGE('',*,*,#942,.T.);
#675=ORIENTED_EDGE('',*,*,#943,.T.);
#676=ORIENTED_EDGE('',*,*,#944,.T.);
#677=ORIENTED_EDGE('',*,*,#945,.F.);
#678=ORIENTED_EDGE('',*,*,#807,.F.);
#679=ORIENTED_EDGE('',*,*,#943,.F.);
#680=ORIENTED_EDGE('',*,*,#946,.T.);
#681=ORIENTED_EDGE('',*,*,#933,.T.);
#682=ORIENTED_EDGE('',*,*,#944,.F.);
#683=ORIENTED_EDGE('',*,*,#934,.F.);
#684=ORIENTED_EDGE('',*,*,#946,.F.);
#685=ORIENTED_EDGE('',*,*,#942,.F.);
#686=ORIENTED_EDGE('',*,*,#940,.F.);
#687=ORIENTED_EDGE('',*,*,#938,.F.);
#688=ORIENTED_EDGE('',*,*,#936,.F.);
#689=ORIENTED_EDGE('',*,*,#945,.T.);
#690=EDGE_CURVE('',#947,#948,#1119,.T.);
#691=EDGE_CURVE('',#949,#948,#1120,.T.);
#692=EDGE_CURVE('',#950,#949,#1121,.T.);
#693=EDGE_CURVE('',#950,#947,#1122,.T.);
#694=EDGE_CURVE('',#948,#951,#1123,.T.);
#695=EDGE_CURVE('',#952,#951,#1124,.T.);
#696=EDGE_CURVE('',#949,#952,#1125,.T.);
#697=EDGE_CURVE('',#951,#953,#1126,.T.);
#698=EDGE_CURVE('',#954,#953,#1127,.T.);
#699=EDGE_CURVE('',#952,#954,#1128,.T.);
#700=EDGE_CURVE('',#953,#947,#1129,.T.);
#701=EDGE_CURVE('',#954,#950,#1130,.T.);
#702=EDGE_CURVE('',#955,#956,#1131,.T.);
#703=EDGE_CURVE('',#957,#955,#1132,.T.);
#704=EDGE_CURVE('',#957,#958,#1133,.T.);
#705=EDGE_CURVE('',#958,#956,#1134,.T.);
#706=EDGE_CURVE('',#956,#959,#1135,.T.);
#707=EDGE_CURVE('',#958,#960,#1136,.T.);
#708=EDGE_CURVE('',#960,#959,#1137,.T.);
#709=EDGE_CURVE('',#959,#961,#1138,.T.);
#710=EDGE_CURVE('',#960,#962,#1139,.T.);
#711=EDGE_CURVE('',#962,#961,#1140,.T.);
#712=EDGE_CURVE('',#961,#963,#1141,.T.);
#713=EDGE_CURVE('',#962,#964,#1142,.T.);
#714=EDGE_CURVE('',#964,#963,#1143,.T.);
#715=EDGE_CURVE('',#963,#965,#1144,.T.);
#716=EDGE_CURVE('',#964,#966,#1145,.T.);
#717=EDGE_CURVE('',#966,#965,#1146,.T.);
#718=EDGE_CURVE('',#965,#967,#1147,.T.);
#719=EDGE_CURVE('',#966,#968,#1148,.T.);
#720=EDGE_CURVE('',#968,#967,#1149,.T.);
#721=EDGE_CURVE('',#967,#969,#1150,.T.);
#722=EDGE_CURVE('',#968,#970,#1151,.T.);
#723=EDGE_CURVE('',#970,#969,#1152,.T.);
#724=EDGE_CURVE('',#969,#955,#1153,.T.);
#725=EDGE_CURVE('',#970,#957,#1154,.T.);
#726=EDGE_CURVE('',#971,#972,#1155,.T.);
#727=EDGE_CURVE('',#973,#972,#1156,.T.);
#728=EDGE_CURVE('',#974,#973,#1157,.T.);
#729=EDGE_CURVE('',#974,#971,#1158,.T.);
#730=EDGE_CURVE('',#972,#975,#1159,.T.);
#731=EDGE_CURVE('',#976,#975,#1160,.T.);
#732=EDGE_CURVE('',#973,#976,#1161,.T.);
#733=EDGE_CURVE('',#975,#977,#1162,.T.);
#734=EDGE_CURVE('',#978,#977,#1163,.T.);
#735=EDGE_CURVE('',#976,#978,#1164,.T.);
#736=EDGE_CURVE('',#977,#979,#1165,.T.);
#737=EDGE_CURVE('',#980,#979,#1166,.T.);
#738=EDGE_CURVE('',#978,#980,#1167,.T.);
#739=EDGE_CURVE('',#979,#981,#1168,.T.);
#740=EDGE_CURVE('',#982,#981,#1169,.T.);
#741=EDGE_CURVE('',#980,#982,#1170,.T.);
#742=EDGE_CURVE('',#981,#983,#1171,.T.);
#743=EDGE_CURVE('',#984,#983,#1172,.T.);
#744=EDGE_CURVE('',#982,#984,#1173,.T.);
#745=EDGE_CURVE('',#983,#985,#1174,.T.);
#746=EDGE_CURVE('',#986,#985,#1175,.T.);
#747=EDGE_CURVE('',#984,#986,#1176,.T.);
#748=EDGE_CURVE('',#985,#971,#1177,.T.);
#749=EDGE_CURVE('',#986,#974,#1178,.T.);
#750=EDGE_CURVE('',#987,#988,#1179,.T.);
#751=EDGE_CURVE('',#988,#989,#1180,.T.);
#752=EDGE_CURVE('',#989,#990,#1181,.T.);
#753=EDGE_CURVE('',#990,#987,#1182,.T.);
#754=EDGE_CURVE('',#991,#992,#34,.T.);
#755=EDGE_CURVE('',#992,#993,#35,.T.);
#756=EDGE_CURVE('',#993,#994,#36,.T.);
#757=EDGE_CURVE('',#994,#995,#37,.T.);
#758=EDGE_CURVE('',#995,#996,#38,.T.);
#759=EDGE_CURVE('',#996,#997,#39,.T.);
#760=EDGE_CURVE('',#997,#998,#40,.T.);
#761=EDGE_CURVE('',#998,#999,#41,.T.);
#762=EDGE_CURVE('',#999,#1000,#42,.T.);
#763=EDGE_CURVE('',#1000,#1001,#43,.T.);
#764=EDGE_CURVE('',#1001,#1002,#44,.T.);
#765=EDGE_CURVE('',#1002,#1003,#45,.T.);
#766=EDGE_CURVE('',#1003,#991,#46,.T.);
#767=EDGE_CURVE('',#1004,#1005,#47,.T.);
#768=EDGE_CURVE('',#1005,#1006,#48,.T.);
#769=EDGE_CURVE('',#1006,#1007,#49,.T.);
#770=EDGE_CURVE('',#1007,#1008,#50,.T.);
#771=EDGE_CURVE('',#1008,#1009,#51,.T.);
#772=EDGE_CURVE('',#1009,#1004,#52,.T.);
#773=EDGE_CURVE('',#1010,#1011,#53,.T.);
#774=EDGE_CURVE('',#1011,#1012,#54,.T.);
#775=EDGE_CURVE('',#1012,#1013,#55,.T.);
#776=EDGE_CURVE('',#1013,#1014,#56,.T.);
#777=EDGE_CURVE('',#1014,#1015,#57,.T.);
#778=EDGE_CURVE('',#1015,#1016,#58,.T.);
#779=EDGE_CURVE('',#1016,#1010,#59,.T.);
#780=EDGE_CURVE('',#1017,#1018,#60,.T.);
#781=EDGE_CURVE('',#1018,#1019,#61,.T.);
#782=EDGE_CURVE('',#1019,#1020,#62,.T.);
#783=EDGE_CURVE('',#1020,#1021,#63,.T.);
#784=EDGE_CURVE('',#1021,#1022,#64,.T.);
#785=EDGE_CURVE('',#1022,#1023,#65,.T.);
#786=EDGE_CURVE('',#1023,#1024,#66,.T.);
#787=EDGE_CURVE('',#1024,#1025,#67,.T.);
#788=EDGE_CURVE('',#1025,#1026,#68,.T.);
#789=EDGE_CURVE('',#1026,#1027,#69,.T.);
#790=EDGE_CURVE('',#1027,#1028,#70,.T.);
#791=EDGE_CURVE('',#1028,#1017,#71,.T.);
#792=EDGE_CURVE('',#1029,#1030,#72,.T.);
#793=EDGE_CURVE('',#1030,#1031,#73,.T.);
#794=EDGE_CURVE('',#1031,#1032,#74,.T.);
#795=EDGE_CURVE('',#1032,#1029,#75,.T.);
#796=EDGE_CURVE('',#1033,#1034,#76,.T.);
#797=EDGE_CURVE('',#1034,#1035,#77,.T.);
#798=EDGE_CURVE('',#1035,#1036,#78,.T.);
#799=EDGE_CURVE('',#1036,#1033,#79,.T.);
#800=EDGE_CURVE('',#1037,#1038,#80,.T.);
#801=EDGE_CURVE('',#1038,#1039,#81,.T.);
#802=EDGE_CURVE('',#1039,#1040,#82,.T.);
#803=EDGE_CURVE('',#1040,#1041,#83,.T.);
#804=EDGE_CURVE('',#1041,#1042,#84,.T.);
#805=EDGE_CURVE('',#1042,#1043,#85,.T.);
#806=EDGE_CURVE('',#1043,#1037,#86,.T.);
#807=EDGE_CURVE('',#1044,#1045,#87,.T.);
#808=EDGE_CURVE('',#1045,#1046,#88,.T.);
#809=EDGE_CURVE('',#1046,#1047,#89,.T.);
#810=EDGE_CURVE('',#1047,#1048,#90,.T.);
#811=EDGE_CURVE('',#1048,#1049,#91,.T.);
#812=EDGE_CURVE('',#1049,#1044,#92,.T.);
#813=EDGE_CURVE('',#1050,#1051,#1183,.T.);
#814=EDGE_CURVE('',#988,#1051,#1184,.T.);
#815=EDGE_CURVE('',#987,#1050,#1185,.T.);
#816=EDGE_CURVE('',#1051,#1052,#1186,.T.);
#817=EDGE_CURVE('',#989,#1052,#1187,.T.);
#818=EDGE_CURVE('',#1052,#1053,#1188,.T.);
#819=EDGE_CURVE('',#990,#1053,#1189,.T.);
#820=EDGE_CURVE('',#1053,#1050,#1190,.T.);
#821=EDGE_CURVE('',#1054,#992,#1191,.T.);
#822=EDGE_CURVE('',#1054,#1055,#93,.T.);
#823=EDGE_CURVE('',#1055,#993,#1192,.T.);
#824=EDGE_CURVE('',#1055,#1056,#94,.T.);
#825=EDGE_CURVE('',#1056,#994,#1193,.T.);
#826=EDGE_CURVE('',#1056,#1057,#95,.T.);
#827=EDGE_CURVE('',#1057,#995,#1194,.T.);
#828=EDGE_CURVE('',#1057,#1058,#96,.T.);
#829=EDGE_CURVE('',#1058,#996,#1195,.T.);
#830=EDGE_CURVE('',#1058,#1059,#97,.T.);
#831=EDGE_CURVE('',#1059,#997,#1196,.T.);
#832=EDGE_CURVE('',#1059,#1060,#98,.T.);
#833=EDGE_CURVE('',#1060,#998,#1197,.T.);
#834=EDGE_CURVE('',#1060,#1061,#99,.T.);
#835=EDGE_CURVE('',#1061,#999,#1198,.T.);
#836=EDGE_CURVE('',#1061,#1062,#100,.T.);
#837=EDGE_CURVE('',#1062,#1000,#1199,.T.);
#838=EDGE_CURVE('',#1062,#1063,#101,.T.);
#839=EDGE_CURVE('',#1063,#1001,#1200,.T.);
#840=EDGE_CURVE('',#1063,#1064,#102,.T.);
#841=EDGE_CURVE('',#1064,#1002,#1201,.T.);
#842=EDGE_CURVE('',#1064,#1065,#103,.T.);
#843=EDGE_CURVE('',#1065,#1003,#1202,.T.);
#844=EDGE_CURVE('',#1065,#1066,#104,.T.);
#845=EDGE_CURVE('',#1066,#991,#1203,.T.);
#846=EDGE_CURVE('',#1066,#1054,#105,.T.);
#847=EDGE_CURVE('',#1067,#1005,#1204,.T.);
#848=EDGE_CURVE('',#1067,#1068,#106,.T.);
#849=EDGE_CURVE('',#1068,#1006,#1205,.T.);
#850=EDGE_CURVE('',#1068,#1069,#107,.T.);
#851=EDGE_CURVE('',#1069,#1007,#1206,.T.);
#852=EDGE_CURVE('',#1069,#1070,#108,.T.);
#853=EDGE_CURVE('',#1070,#1008,#1207,.T.);
#854=EDGE_CURVE('',#1070,#1071,#109,.T.);
#855=EDGE_CURVE('',#1071,#1009,#1208,.T.);
#856=EDGE_CURVE('',#1071,#1072,#110,.T.);
#857=EDGE_CURVE('',#1072,#1004,#1209,.T.);
#858=EDGE_CURVE('',#1073,#1074,#111,.T.);
#859=EDGE_CURVE('',#1075,#1073,#1210,.T.);
#860=EDGE_CURVE('',#1075,#1076,#112,.T.);
#861=EDGE_CURVE('',#1076,#1074,#1211,.T.);
#862=EDGE_CURVE('',#1074,#1073,#113,.T.);
#863=EDGE_CURVE('',#1076,#1075,#114,.T.);
#864=EDGE_CURVE('',#1072,#1067,#115,.T.);
#865=EDGE_CURVE('',#1077,#1011,#1212,.T.);
#866=EDGE_CURVE('',#1077,#1078,#116,.T.);
#867=EDGE_CURVE('',#1078,#1012,#1213,.T.);
#868=EDGE_CURVE('',#1078,#1079,#117,.T.);
#869=EDGE_CURVE('',#1079,#1013,#1214,.T.);
#870=EDGE_CURVE('',#1079,#1080,#118,.T.);
#871=EDGE_CURVE('',#1080,#1014,#1215,.T.);
#872=EDGE_CURVE('',#1080,#1081,#119,.T.);
#873=EDGE_CURVE('',#1081,#1015,#1216,.T.);
#874=EDGE_CURVE('',#1081,#1082,#120,.T.);
#875=EDGE_CURVE('',#1082,#1016,#1217,.T.);
#876=EDGE_CURVE('',#1082,#1083,#121,.T.);
#877=EDGE_CURVE('',#1083,#1010,#1218,.T.);
#878=EDGE_CURVE('',#1083,#1077,#122,.T.);
#879=EDGE_CURVE('',#1084,#1018,#1219,.T.);
#880=EDGE_CURVE('',#1084,#1085,#123,.T.);
#881=EDGE_CURVE('',#1085,#1019,#1220,.T.);
#882=EDGE_CURVE('',#1085,#1086,#124,.T.);
#883=EDGE_CURVE('',#1086,#1020,#1221,.T.);
#884=EDGE_CURVE('',#1086,#1087,#125,.T.);
#885=EDGE_CURVE('',#1087,#1021,#1222,.T.);
#886=EDGE_CURVE('',#1087,#1088,#126,.T.);
#887=EDGE_CURVE('',#1088,#1022,#1223,.T.);
#888=EDGE_CURVE('',#1088,#1089,#127,.T.);
#889=EDGE_CURVE('',#1089,#1023,#1224,.T.);
#890=EDGE_CURVE('',#1089,#1090,#128,.T.);
#891=EDGE_CURVE('',#1090,#1024,#1225,.T.);
#892=EDGE_CURVE('',#1090,#1091,#129,.T.);
#893=EDGE_CURVE('',#1091,#1025,#1226,.T.);
#894=EDGE_CURVE('',#1091,#1092,#130,.T.);
#895=EDGE_CURVE('',#1092,#1026,#1227,.T.);
#896=EDGE_CURVE('',#1092,#1093,#131,.T.);
#897=EDGE_CURVE('',#1093,#1027,#1228,.T.);
#898=EDGE_CURVE('',#1093,#1094,#132,.T.);
#899=EDGE_CURVE('',#1094,#1028,#1229,.T.);
#900=EDGE_CURVE('',#1094,#1095,#133,.T.);
#901=EDGE_CURVE('',#1095,#1017,#1230,.T.);
#902=EDGE_CURVE('',#1095,#1084,#134,.T.);
#903=EDGE_CURVE('',#1096,#1030,#1231,.T.);
#904=EDGE_CURVE('',#1096,#1097,#135,.T.);
#905=EDGE_CURVE('',#1097,#1031,#1232,.T.);
#906=EDGE_CURVE('',#1097,#1098,#136,.T.);
#907=EDGE_CURVE('',#1098,#1032,#1233,.T.);
#908=EDGE_CURVE('',#1098,#1099,#137,.T.);
#909=EDGE_CURVE('',#1099,#1029,#1234,.T.);
#910=EDGE_CURVE('',#1099,#1096,#138,.T.);
#911=EDGE_CURVE('',#1100,#1034,#1235,.T.);
#912=EDGE_CURVE('',#1100,#1101,#139,.T.);
#913=EDGE_CURVE('',#1101,#1035,#1236,.T.);
#914=EDGE_CURVE('',#1101,#1102,#140,.T.);
#915=EDGE_CURVE('',#1102,#1036,#1237,.T.);
#916=EDGE_CURVE('',#1102,#1103,#141,.T.);
#917=EDGE_CURVE('',#1103,#1033,#1238,.T.);
#918=EDGE_CURVE('',#1103,#1100,#142,.T.);
#919=EDGE_CURVE('',#1104,#1038,#1239,.T.);
#920=EDGE_CURVE('',#1104,#1105,#143,.T.);
#921=EDGE_CURVE('',#1105,#1039,#1240,.T.);
#922=EDGE_CURVE('',#1105,#1106,#144,.T.);
#923=EDGE_CURVE('',#1106,#1040,#1241,.T.);
#924=EDGE_CURVE('',#1106,#1107,#145,.T.);
#925=EDGE_CURVE('',#1107,#1041,#1242,.T.);
#926=EDGE_CURVE('',#1107,#1108,#146,.T.);
#927=EDGE_CURVE('',#1108,#1042,#1243,.T.);
#928=EDGE_CURVE('',#1108,#1109,#147,.T.);
#929=EDGE_CURVE('',#1109,#1043,#1244,.T.);
#930=EDGE_CURVE('',#1109,#1110,#148,.T.);
#931=EDGE_CURVE('',#1110,#1037,#1245,.T.);
#932=EDGE_CURVE('',#1110,#1104,#149,.T.);
#933=EDGE_CURVE('',#1111,#1045,#1246,.T.);
#934=EDGE_CURVE('',#1111,#1112,#150,.T.);
#935=EDGE_CURVE('',#1112,#1046,#1247,.T.);
#936=EDGE_CURVE('',#1112,#1113,#151,.T.);
#937=EDGE_CURVE('',#1113,#1047,#1248,.T.);
#938=EDGE_CURVE('',#1113,#1114,#152,.T.);
#939=EDGE_CURVE('',#1114,#1048,#1249,.T.);
#940=EDGE_CURVE('',#1114,#1115,#153,.T.);
#941=EDGE_CURVE('',#1115,#1049,#1250,.T.);
#942=EDGE_CURVE('',#1115,#1116,#154,.T.);
#943=EDGE_CURVE('',#1116,#1044,#1251,.T.);
#944=EDGE_CURVE('',#1117,#1117,#155,.T.);
#945=EDGE_CURVE('',#1118,#1118,#156,.T.);
#946=EDGE_CURVE('',#1116,#1111,#157,.T.);
#947=VERTEX_POINT('',#2805);
#948=VERTEX_POINT('',#2806);
#949=VERTEX_POINT('',#2808);
#950=VERTEX_POINT('',#2810);
#951=VERTEX_POINT('',#2814);
#952=VERTEX_POINT('',#2816);
#953=VERTEX_POINT('',#2820);
#954=VERTEX_POINT('',#2822);
#955=VERTEX_POINT('',#2832);
#956=VERTEX_POINT('',#2833);
#957=VERTEX_POINT('',#2835);
#958=VERTEX_POINT('',#2837);
#959=VERTEX_POINT('',#2841);
#960=VERTEX_POINT('',#2843);
#961=VERTEX_POINT('',#2847);
#962=VERTEX_POINT('',#2849);
#963=VERTEX_POINT('',#2853);
#964=VERTEX_POINT('',#2855);
#965=VERTEX_POINT('',#2859);
#966=VERTEX_POINT('',#2861);
#967=VERTEX_POINT('',#2865);
#968=VERTEX_POINT('',#2867);
#969=VERTEX_POINT('',#2871);
#970=VERTEX_POINT('',#2873);
#971=VERTEX_POINT('',#2882);
#972=VERTEX_POINT('',#2883);
#973=VERTEX_POINT('',#2885);
#974=VERTEX_POINT('',#2887);
#975=VERTEX_POINT('',#2891);
#976=VERTEX_POINT('',#2893);
#977=VERTEX_POINT('',#2897);
#978=VERTEX_POINT('',#2899);
#979=VERTEX_POINT('',#2903);
#980=VERTEX_POINT('',#2905);
#981=VERTEX_POINT('',#2909);
#982=VERTEX_POINT('',#2911);
#983=VERTEX_POINT('',#2915);
#984=VERTEX_POINT('',#2917);
#985=VERTEX_POINT('',#2921);
#986=VERTEX_POINT('',#2923);
#987=VERTEX_POINT('',#2933);
#988=VERTEX_POINT('',#2934);
#989=VERTEX_POINT('',#2936);
#990=VERTEX_POINT('',#2938);
#991=VERTEX_POINT('',#2944);
#992=VERTEX_POINT('',#2945);
#993=VERTEX_POINT('',#2950);
#994=VERTEX_POINT('',#2955);
#995=VERTEX_POINT('',#2960);
#996=VERTEX_POINT('',#2968);
#997=VERTEX_POINT('',#2976);
#998=VERTEX_POINT('',#2981);
#999=VERTEX_POINT('',#2986);
#1000=VERTEX_POINT('',#2991);
#1001=VERTEX_POINT('',#2996);
#1002=VERTEX_POINT('',#3001);
#1003=VERTEX_POINT('',#3006);
#1004=VERTEX_POINT('',#3015);
#1005=VERTEX_POINT('',#3016);
#1006=VERTEX_POINT('',#3021);
#1007=VERTEX_POINT('',#3047);
#1008=VERTEX_POINT('',#3063);
#1009=VERTEX_POINT('',#3068);
#1010=VERTEX_POINT('',#3113);
#1011=VERTEX_POINT('',#3114);
#1012=VERTEX_POINT('',#3119);
#1013=VERTEX_POINT('',#3124);
#1014=VERTEX_POINT('',#3129);
#1015=VERTEX_POINT('',#3134);
#1016=VERTEX_POINT('',#3144);
#1017=VERTEX_POINT('',#3151);
#1018=VERTEX_POINT('',#3152);
#1019=VERTEX_POINT('',#3155);
#1020=VERTEX_POINT('',#3158);
#1021=VERTEX_POINT('',#3161);
#1022=VERTEX_POINT('',#3164);
#1023=VERTEX_POINT('',#3167);
#1024=VERTEX_POINT('',#3170);
#1025=VERTEX_POINT('',#3173);
#1026=VERTEX_POINT('',#3176);
#1027=VERTEX_POINT('',#3179);
#1028=VERTEX_POINT('',#3182);
#1029=VERTEX_POINT('',#3187);
#1030=VERTEX_POINT('',#3188);
#1031=VERTEX_POINT('',#3191);
#1032=VERTEX_POINT('',#3194);
#1033=VERTEX_POINT('',#3199);
#1034=VERTEX_POINT('',#3200);
#1035=VERTEX_POINT('',#3203);
#1036=VERTEX_POINT('',#3206);
#1037=VERTEX_POINT('',#3229);
#1038=VERTEX_POINT('',#3230);
#1039=VERTEX_POINT('',#3235);
#1040=VERTEX_POINT('',#3240);
#1041=VERTEX_POINT('',#3245);
#1042=VERTEX_POINT('',#3250);
#1043=VERTEX_POINT('',#3269);
#1044=VERTEX_POINT('',#3278);
#1045=VERTEX_POINT('',#3279);
#1046=VERTEX_POINT('',#3297);
#1047=VERTEX_POINT('',#3302);
#1048=VERTEX_POINT('',#3317);
#1049=VERTEX_POINT('',#3336);
#1050=VERTEX_POINT('',#3343);
#1051=VERTEX_POINT('',#3344);
#1052=VERTEX_POINT('',#3349);
#1053=VERTEX_POINT('',#3353);
#1054=VERTEX_POINT('',#3360);
#1055=VERTEX_POINT('',#3365);
#1056=VERTEX_POINT('',#3372);
#1057=VERTEX_POINT('',#3379);
#1058=VERTEX_POINT('',#3398);
#1059=VERTEX_POINT('',#3417);
#1060=VERTEX_POINT('',#3424);
#1061=VERTEX_POINT('',#3431);
#1062=VERTEX_POINT('',#3438);
#1063=VERTEX_POINT('',#3445);
#1064=VERTEX_POINT('',#3452);
#1065=VERTEX_POINT('',#3459);
#1066=VERTEX_POINT('',#3466);
#1067=VERTEX_POINT('',#3483);
#1068=VERTEX_POINT('',#3488);
#1069=VERTEX_POINT('',#3529);
#1070=VERTEX_POINT('',#3562);
#1071=VERTEX_POINT('',#3569);
#1072=VERTEX_POINT('',#3612);
#1073=VERTEX_POINT('',#3640);
#1074=VERTEX_POINT('',#3641);
#1075=VERTEX_POINT('',#3643);
#1076=VERTEX_POINT('',#3660);
#1077=VERTEX_POINT('',#3711);
#1078=VERTEX_POINT('',#3716);
#1079=VERTEX_POINT('',#3723);
#1080=VERTEX_POINT('',#3730);
#1081=VERTEX_POINT('',#3737);
#1082=VERTEX_POINT('',#3756);
#1083=VERTEX_POINT('',#3763);
#1084=VERTEX_POINT('',#3793);
#1085=VERTEX_POINT('',#3796);
#1086=VERTEX_POINT('',#3801);
#1087=VERTEX_POINT('',#3806);
#1088=VERTEX_POINT('',#3811);
#1089=VERTEX_POINT('',#3816);
#1090=VERTEX_POINT('',#3821);
#1091=VERTEX_POINT('',#3826);
#1092=VERTEX_POINT('',#3831);
#1093=VERTEX_POINT('',#3836);
#1094=VERTEX_POINT('',#3841);
#1095=VERTEX_POINT('',#3846);
#1096=VERTEX_POINT('',#3854);
#1097=VERTEX_POINT('',#3857);
#1098=VERTEX_POINT('',#3862);
#1099=VERTEX_POINT('',#3867);
#1100=VERTEX_POINT('',#3875);
#1101=VERTEX_POINT('',#3878);
#1102=VERTEX_POINT('',#3883);
#1103=VERTEX_POINT('',#3888);
#1104=VERTEX_POINT('',#3896);
#1105=VERTEX_POINT('',#3901);
#1106=VERTEX_POINT('',#3908);
#1107=VERTEX_POINT('',#3915);
#1108=VERTEX_POINT('',#3922);
#1109=VERTEX_POINT('',#3954);
#1110=VERTEX_POINT('',#3961);
#1111=VERTEX_POINT('',#4017);
#1112=VERTEX_POINT('',#4035);
#1113=VERTEX_POINT('',#4042);
#1114=VERTEX_POINT('',#4068);
#1115=VERTEX_POINT('',#4102);
#1116=VERTEX_POINT('',#4109);
#1117=VERTEX_POINT('',#4151);
#1118=VERTEX_POINT('',#4174);
#1119=LINE('',#2804,#1252);
#1120=LINE('',#2807,#1253);
#1121=LINE('',#2809,#1254);
#1122=LINE('',#2811,#1255);
#1123=LINE('',#2813,#1256);
#1124=LINE('',#2815,#1257);
#1125=LINE('',#2817,#1258);
#1126=LINE('',#2819,#1259);
#1127=LINE('',#2821,#1260);
#1128=LINE('',#2823,#1261);
#1129=LINE('',#2825,#1262);
#1130=LINE('',#2826,#1263);
#1131=LINE('',#2831,#1264);
#1132=LINE('',#2834,#1265);
#1133=LINE('',#2836,#1266);
#1134=LINE('',#2838,#1267);
#1135=LINE('',#2840,#1268);
#1136=LINE('',#2842,#1269);
#1137=LINE('',#2844,#1270);
#1138=LINE('',#2846,#1271);
#1139=LINE('',#2848,#1272);
#1140=LINE('',#2850,#1273);
#1141=LINE('',#2852,#1274);
#1142=LINE('',#2854,#1275);
#1143=LINE('',#2856,#1276);
#1144=LINE('',#2858,#1277);
#1145=LINE('',#2860,#1278);
#1146=LINE('',#2862,#1279);
#1147=LINE('',#2864,#1280);
#1148=LINE('',#2866,#1281);
#1149=LINE('',#2868,#1282);
#1150=LINE('',#2870,#1283);
#1151=LINE('',#2872,#1284);
#1152=LINE('',#2874,#1285);
#1153=LINE('',#2876,#1286);
#1154=LINE('',#2877,#1287);
#1155=LINE('',#2881,#1288);
#1156=LINE('',#2884,#1289);
#1157=LINE('',#2886,#1290);
#1158=LINE('',#2888,#1291);
#1159=LINE('',#2890,#1292);
#1160=LINE('',#2892,#1293);
#1161=LINE('',#2894,#1294);
#1162=LINE('',#2896,#1295);
#1163=LINE('',#2898,#1296);
#1164=LINE('',#2900,#1297);
#1165=LINE('',#2902,#1298);
#1166=LINE('',#2904,#1299);
#1167=LINE('',#2906,#1300);
#1168=LINE('',#2908,#1301);
#1169=LINE('',#2910,#1302);
#1170=LINE('',#2912,#1303);
#1171=LINE('',#2914,#1304);
#1172=LINE('',#2916,#1305);
#1173=LINE('',#2918,#1306);
#1174=LINE('',#2920,#1307);
#1175=LINE('',#2922,#1308);
#1176=LINE('',#2924,#1309);
#1177=LINE('',#2926,#1310);
#1178=LINE('',#2927,#1311);
#1179=LINE('',#2932,#1312);
#1180=LINE('',#2935,#1313);
#1181=LINE('',#2937,#1314);
#1182=LINE('',#2939,#1315);
#1183=LINE('',#3342,#1316);
#1184=LINE('',#3345,#1317);
#1185=LINE('',#3346,#1318);
#1186=LINE('',#3348,#1319);
#1187=LINE('',#3350,#1320);
#1188=LINE('',#3352,#1321);
#1189=LINE('',#3354,#1322);
#1190=LINE('',#3356,#1323);
#1191=LINE('',#3359,#1324);
#1192=LINE('',#3366,#1325);
#1193=LINE('',#3373,#1326);
#1194=LINE('',#3380,#1327);
#1195=LINE('',#3399,#1328);
#1196=LINE('',#3418,#1329);
#1197=LINE('',#3425,#1330);
#1198=LINE('',#3432,#1331);
#1199=LINE('',#3439,#1332);
#1200=LINE('',#3446,#1333);
#1201=LINE('',#3453,#1334);
#1202=LINE('',#3460,#1335);
#1203=LINE('',#3467,#1336);
#1204=LINE('',#3482,#1337);
#1205=LINE('',#3489,#1338);
#1206=LINE('',#3530,#1339);
#1207=LINE('',#3563,#1340);
#1208=LINE('',#3570,#1341);
#1209=LINE('',#3613,#1342);
#1210=LINE('',#3642,#1343);
#1211=LINE('',#3661,#1344);
#1212=LINE('',#3710,#1345);
#1213=LINE('',#3717,#1346);
#1214=LINE('',#3724,#1347);
#1215=LINE('',#3731,#1348);
#1216=LINE('',#3738,#1349);
#1217=LINE('',#3757,#1350);
#1218=LINE('',#3764,#1351);
#1219=LINE('',#3792,#1352);
#1220=LINE('',#3797,#1353);
#1221=LINE('',#3802,#1354);
#1222=LINE('',#3807,#1355);
#1223=LINE('',#3812,#1356);
#1224=LINE('',#3817,#1357);
#1225=LINE('',#3822,#1358);
#1226=LINE('',#3827,#1359);
#1227=LINE('',#3832,#1360);
#1228=LINE('',#3837,#1361);
#1229=LINE('',#3842,#1362);
#1230=LINE('',#3847,#1363);
#1231=LINE('',#3853,#1364);
#1232=LINE('',#3858,#1365);
#1233=LINE('',#3863,#1366);
#1234=LINE('',#3868,#1367);
#1235=LINE('',#3874,#1368);
#1236=LINE('',#3879,#1369);
#1237=LINE('',#3884,#1370);
#1238=LINE('',#3889,#1371);
#1239=LINE('',#3895,#1372);
#1240=LINE('',#3902,#1373);
#1241=LINE('',#3909,#1374);
#1242=LINE('',#3916,#1375);
#1243=LINE('',#3923,#1376);
#1244=LINE('',#3955,#1377);
#1245=LINE('',#3962,#1378);
#1246=LINE('',#4016,#1379);
#1247=LINE('',#4036,#1380);
#1248=LINE('',#4043,#1381);
#1249=LINE('',#4069,#1382);
#1250=LINE('',#4103,#1383);
#1251=LINE('',#4110,#1384);
#1252=VECTOR('',#2489,1000.);
#1253=VECTOR('',#2490,1000.);
#1254=VECTOR('',#2491,1000.);
#1255=VECTOR('',#2492,1000.);
#1256=VECTOR('',#2495,1000.);
#1257=VECTOR('',#2496,1000.);
#1258=VECTOR('',#2497,1000.);
#1259=VECTOR('',#2500,1000.);
#1260=VECTOR('',#2501,1000.);
#1261=VECTOR('',#2502,1000.);
#1262=VECTOR('',#2505,1000.);
#1263=VECTOR('',#2506,1000.);
#1264=VECTOR('',#2515,1000.);
#1265=VECTOR('',#2516,1000.);
#1266=VECTOR('',#2517,1000.);
#1267=VECTOR('',#2518,1000.);
#1268=VECTOR('',#2521,1000.);
#1269=VECTOR('',#2522,1000.);
#1270=VECTOR('',#2523,1000.);
#1271=VECTOR('',#2526,1000.);
#1272=VECTOR('',#2527,1000.);
#1273=VECTOR('',#2528,1000.);
#1274=VECTOR('',#2531,1000.);
#1275=VECTOR('',#2532,1000.);
#1276=VECTOR('',#2533,1000.);
#1277=VECTOR('',#2536,1000.);
#1278=VECTOR('',#2537,1000.);
#1279=VECTOR('',#2538,1000.);
#1280=VECTOR('',#2541,1000.);
#1281=VECTOR('',#2542,1000.);
#1282=VECTOR('',#2543,1000.);
#1283=VECTOR('',#2546,1000.);
#1284=VECTOR('',#2547,1000.);
#1285=VECTOR('',#2548,1000.);
#1286=VECTOR('',#2551,1000.);
#1287=VECTOR('',#2552,1000.);
#1288=VECTOR('',#2559,1000.);
#1289=VECTOR('',#2560,1000.);
#1290=VECTOR('',#2561,1000.);
#1291=VECTOR('',#2562,1000.);
#1292=VECTOR('',#2565,1000.);
#1293=VECTOR('',#2566,1000.);
#1294=VECTOR('',#2567,1000.);
#1295=VECTOR('',#2570,1000.);
#1296=VECTOR('',#2571,1000.);
#1297=VECTOR('',#2572,1000.);
#1298=VECTOR('',#2575,1000.);
#1299=VECTOR('',#2576,1000.);
#1300=VECTOR('',#2577,1000.);
#1301=VECTOR('',#2580,1000.);
#1302=VECTOR('',#2581,1000.);
#1303=VECTOR('',#2582,1000.);
#1304=VECTOR('',#2585,1000.);
#1305=VECTOR('',#2586,1000.);
#1306=VECTOR('',#2587,1000.);
#1307=VECTOR('',#2590,1000.);
#1308=VECTOR('',#2591,1000.);
#1309=VECTOR('',#2592,1000.);
#1310=VECTOR('',#2595,1000.);
#1311=VECTOR('',#2596,1000.);
#1312=VECTOR('',#2605,1000.);
#1313=VECTOR('',#2606,1000.);
#1314=VECTOR('',#2607,1000.);
#1315=VECTOR('',#2608,1000.);
#1316=VECTOR('',#2611,1000.);
#1317=VECTOR('',#2612,1000.);
#1318=VECTOR('',#2613,1000.);
#1319=VECTOR('',#2616,1000.);
#1320=VECTOR('',#2617,1000.);
#1321=VECTOR('',#2620,1000.);
#1322=VECTOR('',#2621,1000.);
#1323=VECTOR('',#2624,1000.);
#1324=VECTOR('',#2629,1000.);
#1325=VECTOR('',#2630,1000.);
#1326=VECTOR('',#2633,1000.);
#1327=VECTOR('',#2636,1000.);
#1328=VECTOR('',#2637,1000.);
#1329=VECTOR('',#2638,1000.);
#1330=VECTOR('',#2641,1000.);
#1331=VECTOR('',#2644,1000.);
#1332=VECTOR('',#2647,1000.);
#1333=VECTOR('',#2650,1000.);
#1334=VECTOR('',#2653,1000.);
#1335=VECTOR('',#2656,1000.);
#1336=VECTOR('',#2659,1000.);
#1337=VECTOR('',#2664,1000.);
#1338=VECTOR('',#2665,1000.);
#1339=VECTOR('',#2666,1000.);
#1340=VECTOR('',#2667,1000.);
#1341=VECTOR('',#2670,1000.);
#1342=VECTOR('',#2671,1000.);
#1343=VECTOR('',#2672,1000.);
#1344=VECTOR('',#2673,1000.);
#1345=VECTOR('',#2682,1000.);
#1346=VECTOR('',#2683,1000.);
#1347=VECTOR('',#2686,1000.);
#1348=VECTOR('',#2689,1000.);
#1349=VECTOR('',#2692,1000.);
#1350=VECTOR('',#2693,1000.);
#1351=VECTOR('',#2696,1000.);
#1352=VECTOR('',#2701,1000.);
#1353=VECTOR('',#2702,1000.);
#1354=VECTOR('',#2705,1000.);
#1355=VECTOR('',#2708,1000.);
#1356=VECTOR('',#2711,1000.);
#1357=VECTOR('',#2714,1000.);
#1358=VECTOR('',#2717,1000.);
#1359=VECTOR('',#2720,1000.);
#1360=VECTOR('',#2723,1000.);
#1361=VECTOR('',#2726,1000.);
#1362=VECTOR('',#2729,1000.);
#1363=VECTOR('',#2732,1000.);
#1364=VECTOR('',#2739,1000.);
#1365=VECTOR('',#2740,1000.);
#1366=VECTOR('',#2743,1000.);
#1367=VECTOR('',#2746,1000.);
#1368=VECTOR('',#2753,1000.);
#1369=VECTOR('',#2754,1000.);
#1370=VECTOR('',#2757,1000.);
#1371=VECTOR('',#2760,1000.);
#1372=VECTOR('',#2767,1000.);
#1373=VECTOR('',#2768,1000.);
#1374=VECTOR('',#2771,1000.);
#1375=VECTOR('',#2774,1000.);
#1376=VECTOR('',#2777,1000.);
#1377=VECTOR('',#2778,1000.);
#1378=VECTOR('',#2781,1000.);
#1379=VECTOR('',#2784,1000.);
#1380=VECTOR('',#2785,1000.);
#1381=VECTOR('',#2788,1000.);
#1382=VECTOR('',#2789,1000.);
#1383=VECTOR('',#2790,1000.);
#1384=VECTOR('',#2793,1000.);
#1385=EDGE_LOOP('',(#176,#177,#178,#179));
#1386=EDGE_LOOP('',(#180,#181,#182,#183));
#1387=EDGE_LOOP('',(#184,#185,#186,#187));
#1388=EDGE_LOOP('',(#188,#189,#190,#191));
#1389=EDGE_LOOP('',(#192,#193,#194,#195));
#1390=EDGE_LOOP('',(#196,#197,#198,#199));
#1391=EDGE_LOOP('',(#200,#201,#202,#203));
#1392=EDGE_LOOP('',(#204,#205,#206,#207));
#1393=EDGE_LOOP('',(#208,#209,#210,#211));
#1394=EDGE_LOOP('',(#212,#213,#214,#215));
#1395=EDGE_LOOP('',(#216,#217,#218,#219));
#1396=EDGE_LOOP('',(#220,#221,#222,#223));
#1397=EDGE_LOOP('',(#224,#225,#226,#227));
#1398=EDGE_LOOP('',(#228,#229,#230,#231));
#1399=EDGE_LOOP('',(#232,#233,#234,#235,#236,#237,#238,#239));
#1400=EDGE_LOOP('',(#240,#241,#242,#243,#244,#245,#246,#247));
#1401=EDGE_LOOP('',(#248,#249,#250,#251));
#1402=EDGE_LOOP('',(#252,#253,#254,#255));
#1403=EDGE_LOOP('',(#256,#257,#258,#259));
#1404=EDGE_LOOP('',(#260,#261,#262,#263));
#1405=EDGE_LOOP('',(#264,#265,#266,#267));
#1406=EDGE_LOOP('',(#268,#269,#270,#271));
#1407=EDGE_LOOP('',(#272,#273,#274,#275));
#1408=EDGE_LOOP('',(#276,#277,#278,#279));
#1409=EDGE_LOOP('',(#280,#281,#282,#283,#284,#285,#286,#287));
#1410=EDGE_LOOP('',(#288,#289,#290,#291,#292,#293,#294,#295));
#1411=EDGE_LOOP('',(#296,#297,#298,#299));
#1412=EDGE_LOOP('',(#300,#301,#302,#303,#304,#305,#306,#307,#308,#309,#310,
#311,#312));
#1413=EDGE_LOOP('',(#313,#314,#315,#316,#317,#318));
#1414=EDGE_LOOP('',(#319,#320,#321,#322,#323,#324,#325));
#1415=EDGE_LOOP('',(#326,#327,#328,#329,#330,#331,#332,#333,#334,#335,#336,
#337));
#1416=EDGE_LOOP('',(#338,#339,#340,#341));
#1417=EDGE_LOOP('',(#342,#343,#344,#345));
#1418=EDGE_LOOP('',(#346,#347,#348,#349,#350,#351,#352));
#1419=EDGE_LOOP('',(#353,#354,#355,#356,#357,#358));
#1420=EDGE_LOOP('',(#359,#360,#361,#362));
#1421=EDGE_LOOP('',(#363,#364,#365,#366));
#1422=EDGE_LOOP('',(#367,#368,#369,#370));
#1423=EDGE_LOOP('',(#371,#372,#373,#374));
#1424=EDGE_LOOP('',(#375,#376,#377,#378));
#1425=EDGE_LOOP('',(#379,#380,#381,#382));
#1426=EDGE_LOOP('',(#383,#384,#385,#386));
#1427=EDGE_LOOP('',(#387,#388,#389,#390));
#1428=EDGE_LOOP('',(#391,#392,#393,#394));
#1429=EDGE_LOOP('',(#395,#396,#397,#398));
#1430=EDGE_LOOP('',(#399,#400,#401,#402));
#1431=EDGE_LOOP('',(#403,#404,#405,#406));
#1432=EDGE_LOOP('',(#407,#408,#409,#410));
#1433=EDGE_LOOP('',(#411,#412,#413,#414));
#1434=EDGE_LOOP('',(#415,#416,#417,#418));
#1435=EDGE_LOOP('',(#419,#420,#421,#422));
#1436=EDGE_LOOP('',(#423,#424,#425,#426));
#1437=EDGE_LOOP('',(#427,#428,#429,#430));
#1438=EDGE_LOOP('',(#431,#432,#433,#434,#435,#436,#437,#438,#439,#440,#441,
#442,#443));
#1439=EDGE_LOOP('',(#444,#445,#446,#447));
#1440=EDGE_LOOP('',(#448,#449,#450,#451));
#1441=EDGE_LOOP('',(#452,#453,#454,#455));
#1442=EDGE_LOOP('',(#456,#457,#458,#459));
#1443=EDGE_LOOP('',(#460,#461,#462,#463));
#1444=EDGE_LOOP('',(#464,#465,#466,#467));
#1445=EDGE_LOOP('',(#468,#469,#470,#471));
#1446=EDGE_LOOP('',(#472,#473,#474,#475));
#1447=EDGE_LOOP('',(#476,#477));
#1448=EDGE_LOOP('',(#478,#479,#480,#481,#482,#483));
#1449=EDGE_LOOP('',(#484,#485));
#1450=EDGE_LOOP('',(#486,#487,#488,#489));
#1451=EDGE_LOOP('',(#490,#491,#492,#493));
#1452=EDGE_LOOP('',(#494,#495,#496,#497));
#1453=EDGE_LOOP('',(#498,#499,#500,#501));
#1454=EDGE_LOOP('',(#502,#503,#504,#505));
#1455=EDGE_LOOP('',(#506,#507,#508,#509));
#1456=EDGE_LOOP('',(#510,#511,#512,#513));
#1457=EDGE_LOOP('',(#514,#515,#516,#517,#518,#519,#520));
#1458=EDGE_LOOP('',(#521,#522,#523,#524));
#1459=EDGE_LOOP('',(#525,#526,#527,#528));
#1460=EDGE_LOOP('',(#529,#530,#531,#532));
#1461=EDGE_LOOP('',(#533,#534,#535,#536));
#1462=EDGE_LOOP('',(#537,#538,#539,#540));
#1463=EDGE_LOOP('',(#541,#542,#543,#544));
#1464=EDGE_LOOP('',(#545,#546,#547,#548));
#1465=EDGE_LOOP('',(#549,#550,#551,#552));
#1466=EDGE_LOOP('',(#553,#554,#555,#556));
#1467=EDGE_LOOP('',(#557,#558,#559,#560));
#1468=EDGE_LOOP('',(#561,#562,#563,#564));
#1469=EDGE_LOOP('',(#565,#566,#567,#568));
#1470=EDGE_LOOP('',(#569,#570,#571,#572,#573,#574,#575,#576,#577,#578,#579,
#580));
#1471=EDGE_LOOP('',(#581,#582,#583,#584));
#1472=EDGE_LOOP('',(#585,#586,#587,#588));
#1473=EDGE_LOOP('',(#589,#590,#591,#592));
#1474=EDGE_LOOP('',(#593,#594,#595,#596));
#1475=EDGE_LOOP('',(#597,#598,#599,#600));
#1476=EDGE_LOOP('',(#601,#602,#603,#604));
#1477=EDGE_LOOP('',(#605,#606,#607,#608));
#1478=EDGE_LOOP('',(#609,#610,#611,#612));
#1479=EDGE_LOOP('',(#613,#614,#615,#616));
#1480=EDGE_LOOP('',(#617,#618,#619,#620));
#1481=EDGE_LOOP('',(#621,#622,#623,#624));
#1482=EDGE_LOOP('',(#625,#626,#627,#628));
#1483=EDGE_LOOP('',(#629,#630,#631,#632));
#1484=EDGE_LOOP('',(#633,#634,#635,#636));
#1485=EDGE_LOOP('',(#637,#638,#639,#640));
#1486=EDGE_LOOP('',(#641,#642,#643,#644));
#1487=EDGE_LOOP('',(#645,#646,#647,#648));
#1488=EDGE_LOOP('',(#649,#650,#651,#652,#653,#654,#655));
#1489=EDGE_LOOP('',(#656,#657,#658,#659));
#1490=EDGE_LOOP('',(#660,#661,#662,#663));
#1491=EDGE_LOOP('',(#664,#665,#666,#667));
#1492=EDGE_LOOP('',(#668,#669,#670,#671));
#1493=EDGE_LOOP('',(#672,#673,#674,#675));
#1494=EDGE_LOOP('',(#676));
#1495=EDGE_LOOP('',(#677));
#1496=EDGE_LOOP('',(#678,#679,#680,#681));
#1497=EDGE_LOOP('',(#682));
#1498=EDGE_LOOP('',(#683,#684,#685,#686,#687,#688));
#1499=EDGE_LOOP('',(#689));
#1500=FACE_BOUND('',#1385,.T.);
#1501=FACE_BOUND('',#1386,.T.);
#1502=FACE_BOUND('',#1387,.T.);
#1503=FACE_BOUND('',#1388,.T.);
#1504=FACE_BOUND('',#1389,.T.);
#1505=FACE_BOUND('',#1390,.T.);
#1506=FACE_BOUND('',#1391,.T.);
#1507=FACE_BOUND('',#1392,.T.);
#1508=FACE_BOUND('',#1393,.T.);
#1509=FACE_BOUND('',#1394,.T.);
#1510=FACE_BOUND('',#1395,.T.);
#1511=FACE_BOUND('',#1396,.T.);
#1512=FACE_BOUND('',#1397,.T.);
#1513=FACE_BOUND('',#1398,.T.);
#1514=FACE_BOUND('',#1399,.T.);
#1515=FACE_BOUND('',#1400,.T.);
#1516=FACE_BOUND('',#1401,.T.);
#1517=FACE_BOUND('',#1402,.T.);
#1518=FACE_BOUND('',#1403,.T.);
#1519=FACE_BOUND('',#1404,.T.);
#1520=FACE_BOUND('',#1405,.T.);
#1521=FACE_BOUND('',#1406,.T.);
#1522=FACE_BOUND('',#1407,.T.);
#1523=FACE_BOUND('',#1408,.T.);
#1524=FACE_BOUND('',#1409,.T.);
#1525=FACE_BOUND('',#1410,.T.);
#1526=FACE_BOUND('',#1411,.T.);
#1527=FACE_BOUND('',#1412,.T.);
#1528=FACE_BOUND('',#1413,.T.);
#1529=FACE_BOUND('',#1414,.T.);
#1530=FACE_BOUND('',#1415,.T.);
#1531=FACE_BOUND('',#1416,.T.);
#1532=FACE_BOUND('',#1417,.T.);
#1533=FACE_BOUND('',#1418,.T.);
#1534=FACE_BOUND('',#1419,.T.);
#1535=FACE_BOUND('',#1420,.T.);
#1536=FACE_BOUND('',#1421,.T.);
#1537=FACE_BOUND('',#1422,.T.);
#1538=FACE_BOUND('',#1423,.T.);
#1539=FACE_BOUND('',#1424,.T.);
#1540=FACE_BOUND('',#1425,.T.);
#1541=FACE_BOUND('',#1426,.T.);
#1542=FACE_BOUND('',#1427,.T.);
#1543=FACE_BOUND('',#1428,.T.);
#1544=FACE_BOUND('',#1429,.T.);
#1545=FACE_BOUND('',#1430,.T.);
#1546=FACE_BOUND('',#1431,.T.);
#1547=FACE_BOUND('',#1432,.T.);
#1548=FACE_BOUND('',#1433,.T.);
#1549=FACE_BOUND('',#1434,.T.);
#1550=FACE_BOUND('',#1435,.T.);
#1551=FACE_BOUND('',#1436,.T.);
#1552=FACE_BOUND('',#1437,.T.);
#1553=FACE_BOUND('',#1438,.T.);
#1554=FACE_BOUND('',#1439,.T.);
#1555=FACE_BOUND('',#1440,.T.);
#1556=FACE_BOUND('',#1441,.T.);
#1557=FACE_BOUND('',#1442,.T.);
#1558=FACE_BOUND('',#1443,.T.);
#1559=FACE_BOUND('',#1444,.T.);
#1560=FACE_BOUND('',#1445,.T.);
#1561=FACE_BOUND('',#1446,.T.);
#1562=FACE_BOUND('',#1447,.T.);
#1563=FACE_BOUND('',#1448,.T.);
#1564=FACE_BOUND('',#1449,.T.);
#1565=FACE_BOUND('',#1450,.T.);
#1566=FACE_BOUND('',#1451,.T.);
#1567=FACE_BOUND('',#1452,.T.);
#1568=FACE_BOUND('',#1453,.T.);
#1569=FACE_BOUND('',#1454,.T.);
#1570=FACE_BOUND('',#1455,.T.);
#1571=FACE_BOUND('',#1456,.T.);
#1572=FACE_BOUND('',#1457,.T.);
#1573=FACE_BOUND('',#1458,.T.);
#1574=FACE_BOUND('',#1459,.T.);
#1575=FACE_BOUND('',#1460,.T.);
#1576=FACE_BOUND('',#1461,.T.);
#1577=FACE_BOUND('',#1462,.T.);
#1578=FACE_BOUND('',#1463,.T.);
#1579=FACE_BOUND('',#1464,.T.);
#1580=FACE_BOUND('',#1465,.T.);
#1581=FACE_BOUND('',#1466,.T.);
#1582=FACE_BOUND('',#1467,.T.);
#1583=FACE_BOUND('',#1468,.T.);
#1584=FACE_BOUND('',#1469,.T.);
#1585=FACE_BOUND('',#1470,.T.);
#1586=FACE_BOUND('',#1471,.T.);
#1587=FACE_BOUND('',#1472,.T.);
#1588=FACE_BOUND('',#1473,.T.);
#1589=FACE_BOUND('',#1474,.T.);
#1590=FACE_BOUND('',#1475,.T.);
#1591=FACE_BOUND('',#1476,.T.);
#1592=FACE_BOUND('',#1477,.T.);
#1593=FACE_BOUND('',#1478,.T.);
#1594=FACE_BOUND('',#1479,.T.);
#1595=FACE_BOUND('',#1480,.T.);
#1596=FACE_BOUND('',#1481,.T.);
#1597=FACE_BOUND('',#1482,.T.);
#1598=FACE_BOUND('',#1483,.T.);
#1599=FACE_BOUND('',#1484,.T.);
#1600=FACE_BOUND('',#1485,.T.);
#1601=FACE_BOUND('',#1486,.T.);
#1602=FACE_BOUND('',#1487,.T.);
#1603=FACE_BOUND('',#1488,.T.);
#1604=FACE_BOUND('',#1489,.T.);
#1605=FACE_BOUND('',#1490,.T.);
#1606=FACE_BOUND('',#1491,.T.);
#1607=FACE_BOUND('',#1492,.T.);
#1608=FACE_BOUND('',#1493,.T.);
#1609=FACE_BOUND('',#1494,.T.);
#1610=FACE_BOUND('',#1495,.T.);
#1611=FACE_BOUND('',#1496,.T.);
#1612=FACE_BOUND('',#1497,.T.);
#1613=FACE_BOUND('',#1498,.T.);
#1614=FACE_BOUND('',#1499,.T.);
#1615=PLANE('',#2394);
#1616=PLANE('',#2395);
#1617=PLANE('',#2396);
#1618=PLANE('',#2397);
#1619=PLANE('',#2398);
#1620=PLANE('',#2399);
#1621=PLANE('',#2401);
#1622=PLANE('',#2402);
#1623=PLANE('',#2403);
#1624=PLANE('',#2404);
#1625=PLANE('',#2405);
#1626=PLANE('',#2406);
#1627=PLANE('',#2407);
#1628=PLANE('',#2408);
#1629=PLANE('',#2409);
#1630=PLANE('',#2410);
#1631=PLANE('',#2411);
#1632=PLANE('',#2412);
#1633=PLANE('',#2413);
#1634=PLANE('',#2414);
#1635=PLANE('',#2415);
#1636=PLANE('',#2416);
#1637=PLANE('',#2417);
#1638=PLANE('',#2418);
#1639=PLANE('',#2419);
#1640=PLANE('',#2420);
#1641=PLANE('',#2422);
#1642=PLANE('',#2423);
#1643=PLANE('',#2424);
#1644=PLANE('',#2425);
#1645=PLANE('',#2426);
#1646=PLANE('',#2427);
#1647=PLANE('',#2428);
#1648=PLANE('',#2429);
#1649=PLANE('',#2430);
#1650=PLANE('',#2431);
#1651=PLANE('',#2432);
#1652=PLANE('',#2433);
#1653=PLANE('',#2434);
#1654=PLANE('',#2435);
#1655=PLANE('',#2436);
#1656=PLANE('',#2437);
#1657=PLANE('',#2438);
#1658=PLANE('',#2439);
#1659=PLANE('',#2440);
#1660=PLANE('',#2441);
#1661=PLANE('',#2442);
#1662=PLANE('',#2443);
#1663=PLANE('',#2444);
#1664=PLANE('',#2445);
#1665=PLANE('',#2446);
#1666=PLANE('',#2447);
#1667=PLANE('',#2448);
#1668=PLANE('',#2449);
#1669=PLANE('',#2450);
#1670=PLANE('',#2451);
#1671=PLANE('',#2452);
#1672=PLANE('',#2453);
#1673=PLANE('',#2454);
#1674=PLANE('',#2455);
#1675=PLANE('',#2456);
#1676=PLANE('',#2457);
#1677=PLANE('',#2458);
#1678=PLANE('',#2459);
#1679=PLANE('',#2460);
#1680=PLANE('',#2461);
#1681=PLANE('',#2462);
#1682=PLANE('',#2463);
#1683=PLANE('',#2464);
#1684=PLANE('',#2465);
#1685=PLANE('',#2466);
#1686=PLANE('',#2467);
#1687=PLANE('',#2468);
#1688=PLANE('',#2469);
#1689=PLANE('',#2470);
#1690=PLANE('',#2471);
#1691=PLANE('',#2472);
#1692=PLANE('',#2473);
#1693=PLANE('',#2474);
#1694=PLANE('',#2475);
#1695=PLANE('',#2476);
#1696=PLANE('',#2477);
#1697=PLANE('',#2478);
#1698=PLANE('',#2479);
#1699=PLANE('',#2480);
#1700=PLANE('',#2481);
#1701=PLANE('',#2482);
#1702=PLANE('',#2483);
#1703=ADVANCED_FACE('',(#1500),#1615,.F.);
#1704=ADVANCED_FACE('',(#1501),#1616,.F.);
#1705=ADVANCED_FACE('',(#1502),#1617,.F.);
#1706=ADVANCED_FACE('',(#1503),#1618,.F.);
#1707=ADVANCED_FACE('',(#1504),#1619,.T.);
#1708=ADVANCED_FACE('',(#1505),#1620,.F.);
#1709=ADVANCED_FACE('',(#1506),#1621,.T.);
#1710=ADVANCED_FACE('',(#1507),#1622,.T.);
#1711=ADVANCED_FACE('',(#1508),#1623,.T.);
#1712=ADVANCED_FACE('',(#1509),#1624,.T.);
#1713=ADVANCED_FACE('',(#1510),#1625,.T.);
#1714=ADVANCED_FACE('',(#1511),#1626,.T.);
#1715=ADVANCED_FACE('',(#1512),#1627,.T.);
#1716=ADVANCED_FACE('',(#1513),#1628,.T.);
#1717=ADVANCED_FACE('',(#1514),#1629,.F.);
#1718=ADVANCED_FACE('',(#1515),#1630,.T.);
#1719=ADVANCED_FACE('',(#1516),#1631,.F.);
#1720=ADVANCED_FACE('',(#1517),#1632,.F.);
#1721=ADVANCED_FACE('',(#1518),#1633,.F.);
#1722=ADVANCED_FACE('',(#1519),#1634,.F.);
#1723=ADVANCED_FACE('',(#1520),#1635,.F.);
#1724=ADVANCED_FACE('',(#1521),#1636,.F.);
#1725=ADVANCED_FACE('',(#1522),#1637,.F.);
#1726=ADVANCED_FACE('',(#1523),#1638,.F.);
#1727=ADVANCED_FACE('',(#1524),#1639,.T.);
#1728=ADVANCED_FACE('',(#1525),#1640,.F.);
#1729=ADVANCED_FACE('',(#1526,#1527,#1528,#1529,#1530,#1531,#1532,#1533,
#1534),#1641,.T.);
#1730=ADVANCED_FACE('',(#1535),#1642,.F.);
#1731=ADVANCED_FACE('',(#1536),#1643,.F.);
#1732=ADVANCED_FACE('',(#1537),#1644,.F.);
#1733=ADVANCED_FACE('',(#1538),#1645,.F.);
#1734=ADVANCED_FACE('',(#1539),#1646,.F.);
#1735=ADVANCED_FACE('',(#1540),#1647,.T.);
#1736=ADVANCED_FACE('',(#1541),#1648,.T.);
#1737=ADVANCED_FACE('',(#1542),#1649,.T.);
#1738=ADVANCED_FACE('',(#1543),#18,.T.);
#1739=ADVANCED_FACE('',(#1544),#19,.T.);
#1740=ADVANCED_FACE('',(#1545),#1650,.T.);
#1741=ADVANCED_FACE('',(#1546),#1651,.T.);
#1742=ADVANCED_FACE('',(#1547),#1652,.T.);
#1743=ADVANCED_FACE('',(#1548),#1653,.T.);
#1744=ADVANCED_FACE('',(#1549),#1654,.T.);
#1745=ADVANCED_FACE('',(#1550),#1655,.T.);
#1746=ADVANCED_FACE('',(#1551),#1656,.T.);
#1747=ADVANCED_FACE('',(#1552),#1657,.T.);
#1748=ADVANCED_FACE('',(#1553),#1658,.T.);
#1749=ADVANCED_FACE('',(#1554),#20,.T.);
#1750=ADVANCED_FACE('',(#1555),#21,.T.);
#1751=ADVANCED_FACE('',(#1556),#22,.T.);
#1752=ADVANCED_FACE('',(#1557),#1659,.T.);
#1753=ADVANCED_FACE('',(#1558),#23,.T.);
#1754=ADVANCED_FACE('',(#1559),#24,.T.);
#1755=ADVANCED_FACE('',(#1560),#25,.T.);
#1756=ADVANCED_FACE('',(#1561),#1660,.T.);
#1757=ADVANCED_FACE('',(#1562,#1563),#1661,.T.);
#1758=ADVANCED_FACE('',(#1564),#1662,.T.);
#1759=ADVANCED_FACE('',(#1565),#1663,.T.);
#1760=ADVANCED_FACE('',(#1566),#1664,.T.);
#1761=ADVANCED_FACE('',(#1567),#1665,.T.);
#1762=ADVANCED_FACE('',(#1568),#1666,.T.);
#1763=ADVANCED_FACE('',(#1569),#26,.T.);
#1764=ADVANCED_FACE('',(#1570),#1667,.T.);
#1765=ADVANCED_FACE('',(#1571),#27,.T.);
#1766=ADVANCED_FACE('',(#1572),#1668,.T.);
#1767=ADVANCED_FACE('',(#1573),#1669,.T.);
#1768=ADVANCED_FACE('',(#1574),#1670,.T.);
#1769=ADVANCED_FACE('',(#1575),#1671,.T.);
#1770=ADVANCED_FACE('',(#1576),#1672,.T.);
#1771=ADVANCED_FACE('',(#1577),#1673,.T.);
#1772=ADVANCED_FACE('',(#1578),#1674,.T.);
#1773=ADVANCED_FACE('',(#1579),#1675,.T.);
#1774=ADVANCED_FACE('',(#1580),#1676,.T.);
#1775=ADVANCED_FACE('',(#1581),#1677,.T.);
#1776=ADVANCED_FACE('',(#1582),#1678,.T.);
#1777=ADVANCED_FACE('',(#1583),#1679,.T.);
#1778=ADVANCED_FACE('',(#1584),#1680,.T.);
#1779=ADVANCED_FACE('',(#1585),#1681,.T.);
#1780=ADVANCED_FACE('',(#1586),#1682,.T.);
#1781=ADVANCED_FACE('',(#1587),#1683,.T.);
#1782=ADVANCED_FACE('',(#1588),#1684,.T.);
#1783=ADVANCED_FACE('',(#1589),#1685,.T.);
#1784=ADVANCED_FACE('',(#1590),#1686,.T.);
#1785=ADVANCED_FACE('',(#1591),#1687,.T.);
#1786=ADVANCED_FACE('',(#1592),#1688,.T.);
#1787=ADVANCED_FACE('',(#1593),#1689,.T.);
#1788=ADVANCED_FACE('',(#1594),#1690,.T.);
#1789=ADVANCED_FACE('',(#1595),#1691,.T.);
#1790=ADVANCED_FACE('',(#1596),#1692,.T.);
#1791=ADVANCED_FACE('',(#1597),#1693,.T.);
#1792=ADVANCED_FACE('',(#1598),#1694,.T.);
#1793=ADVANCED_FACE('',(#1599),#1695,.T.);
#1794=ADVANCED_FACE('',(#1600),#28,.T.);
#1795=ADVANCED_FACE('',(#1601),#1696,.T.);
#1796=ADVANCED_FACE('',(#1602),#29,.T.);
#1797=ADVANCED_FACE('',(#1603),#1697,.T.);
#1798=ADVANCED_FACE('',(#1604),#30,.T.);
#1799=ADVANCED_FACE('',(#1605),#1698,.T.);
#1800=ADVANCED_FACE('',(#1606),#31,.T.);
#1801=ADVANCED_FACE('',(#1607),#32,.T.);
#1802=ADVANCED_FACE('',(#1608),#1699,.T.);
#1803=ADVANCED_FACE('',(#1609,#1610),#33,.T.);
#1804=ADVANCED_FACE('',(#1611),#1700,.T.);
#1805=ADVANCED_FACE('',(#1612,#1613),#1701,.T.);
#1806=ADVANCED_FACE('',(#1614),#1702,.T.);
#1807=CLOSED_SHELL('',(#1703,#1704,#1705,#1706,#1707,#1708));
#1808=CLOSED_SHELL('',(#1709,#1710,#1711,#1712,#1713,#1714,#1715,#1716,
#1717,#1718));
#1809=CLOSED_SHELL('',(#1719,#1720,#1721,#1722,#1723,#1724,#1725,#1726,
#1727,#1728));
#1810=CLOSED_SHELL('',(#1729,#1730,#1731,#1732,#1733,#1734,#1735,#1736,
#1737,#1738,#1739,#1740,#1741,#1742,#1743,#1744,#1745,#1746,#1747,#1748,
#1749,#1750,#1751,#1752,#1753,#1754,#1755,#1756,#1757,#1758,#1759,#1760,
#1761,#1762,#1763,#1764,#1765,#1766,#1767,#1768,#1769,#1770,#1771,#1772,
#1773,#1774,#1775,#1776,#1777,#1778,#1779,#1780,#1781,#1782,#1783,#1784,
#1785,#1786,#1787,#1788,#1789,#1790,#1791,#1792,#1793,#1794,#1795,#1796,
#1797,#1798,#1799,#1800,#1801,#1802,#1803,#1804,#1805,#1806));
#1811=STYLED_ITEM('',(#1892),#2381);
#1812=STYLED_ITEM('',(#1893),#2382);
#1813=STYLED_ITEM('',(#1894),#2383);
#1814=STYLED_ITEM('',(#1895),#1729);
#1815=STYLED_ITEM('',(#1896),#1730);
#1816=STYLED_ITEM('',(#1897),#1731);
#1817=STYLED_ITEM('',(#1898),#1732);
#1818=STYLED_ITEM('',(#1899),#1733);
#1819=STYLED_ITEM('',(#1900),#1734);
#1820=STYLED_ITEM('',(#1901),#1735);
#1821=STYLED_ITEM('',(#1902),#1736);
#1822=STYLED_ITEM('',(#1903),#1737);
#1823=STYLED_ITEM('',(#1904),#1738);
#1824=STYLED_ITEM('',(#1905),#1739);
#1825=STYLED_ITEM('',(#1906),#1740);
#1826=STYLED_ITEM('',(#1907),#1741);
#1827=STYLED_ITEM('',(#1908),#1742);
#1828=STYLED_ITEM('',(#1909),#1743);
#1829=STYLED_ITEM('',(#1910),#1744);
#1830=STYLED_ITEM('',(#1911),#1745);
#1831=STYLED_ITEM('',(#1912),#1746);
#1832=STYLED_ITEM('',(#1913),#1747);
#1833=STYLED_ITEM('',(#1914),#1748);
#1834=STYLED_ITEM('',(#1915),#1749);
#1835=STYLED_ITEM('',(#1916),#1750);
#1836=STYLED_ITEM('',(#1917),#1751);
#1837=STYLED_ITEM('',(#1918),#1752);
#1838=STYLED_ITEM('',(#1919),#1753);
#1839=STYLED_ITEM('',(#1920),#1754);
#1840=STYLED_ITEM('',(#1921),#1755);
#1841=STYLED_ITEM('',(#1922),#1756);
#1842=STYLED_ITEM('',(#1923),#1757);
#1843=STYLED_ITEM('',(#1924),#1758);
#1844=STYLED_ITEM('',(#1925),#1759);
#1845=STYLED_ITEM('',(#1926),#1760);
#1846=STYLED_ITEM('',(#1927),#1761);
#1847=STYLED_ITEM('',(#1928),#1762);
#1848=STYLED_ITEM('',(#1929),#1763);
#1849=STYLED_ITEM('',(#1930),#1764);
#1850=STYLED_ITEM('',(#1931),#1765);
#1851=STYLED_ITEM('',(#1932),#1766);
#1852=STYLED_ITEM('',(#1933),#1767);
#1853=STYLED_ITEM('',(#1934),#1768);
#1854=STYLED_ITEM('',(#1935),#1769);
#1855=STYLED_ITEM('',(#1936),#1770);
#1856=STYLED_ITEM('',(#1937),#1771);
#1857=STYLED_ITEM('',(#1938),#1772);
#1858=STYLED_ITEM('',(#1939),#1773);
#1859=STYLED_ITEM('',(#1940),#1774);
#1860=STYLED_ITEM('',(#1941),#1775);
#1861=STYLED_ITEM('',(#1942),#1776);
#1862=STYLED_ITEM('',(#1943),#1777);
#1863=STYLED_ITEM('',(#1944),#1778);
#1864=STYLED_ITEM('',(#1945),#1779);
#1865=STYLED_ITEM('',(#1946),#1780);
#1866=STYLED_ITEM('',(#1947),#1781);
#1867=STYLED_ITEM('',(#1948),#1782);
#1868=STYLED_ITEM('',(#1949),#1783);
#1869=STYLED_ITEM('',(#1950),#1784);
#1870=STYLED_ITEM('',(#1951),#1785);
#1871=STYLED_ITEM('',(#1952),#1786);
#1872=STYLED_ITEM('',(#1953),#1787);
#1873=STYLED_ITEM('',(#1954),#1788);
#1874=STYLED_ITEM('',(#1955),#1789);
#1875=STYLED_ITEM('',(#1956),#1790);
#1876=STYLED_ITEM('',(#1957),#1791);
#1877=STYLED_ITEM('',(#1958),#1792);
#1878=STYLED_ITEM('',(#1959),#1793);
#1879=STYLED_ITEM('',(#1960),#1794);
#1880=STYLED_ITEM('',(#1961),#1795);
#1881=STYLED_ITEM('',(#1962),#1796);
#1882=STYLED_ITEM('',(#1963),#1797);
#1883=STYLED_ITEM('',(#1964),#1798);
#1884=STYLED_ITEM('',(#1965),#1799);
#1885=STYLED_ITEM('',(#1966),#1800);
#1886=STYLED_ITEM('',(#1967),#1801);
#1887=STYLED_ITEM('',(#1968),#1802);
#1888=STYLED_ITEM('',(#1969),#1803);
#1889=STYLED_ITEM('',(#1970),#1804);
#1890=STYLED_ITEM('',(#1971),#1805);
#1891=STYLED_ITEM('',(#1972),#1806);
#1892=PRESENTATION_STYLE_ASSIGNMENT((#1973));
#1893=PRESENTATION_STYLE_ASSIGNMENT((#1974));
#1894=PRESENTATION_STYLE_ASSIGNMENT((#1975));
#1895=PRESENTATION_STYLE_ASSIGNMENT((#1976));
#1896=PRESENTATION_STYLE_ASSIGNMENT((#1977));
#1897=PRESENTATION_STYLE_ASSIGNMENT((#1978));
#1898=PRESENTATION_STYLE_ASSIGNMENT((#1979));
#1899=PRESENTATION_STYLE_ASSIGNMENT((#1980));
#1900=PRESENTATION_STYLE_ASSIGNMENT((#1981));
#1901=PRESENTATION_STYLE_ASSIGNMENT((#1982));
#1902=PRESENTATION_STYLE_ASSIGNMENT((#1983));
#1903=PRESENTATION_STYLE_ASSIGNMENT((#1984));
#1904=PRESENTATION_STYLE_ASSIGNMENT((#1985));
#1905=PRESENTATION_STYLE_ASSIGNMENT((#1986));
#1906=PRESENTATION_STYLE_ASSIGNMENT((#1987));
#1907=PRESENTATION_STYLE_ASSIGNMENT((#1988));
#1908=PRESENTATION_STYLE_ASSIGNMENT((#1989));
#1909=PRESENTATION_STYLE_ASSIGNMENT((#1990));
#1910=PRESENTATION_STYLE_ASSIGNMENT((#1991));
#1911=PRESENTATION_STYLE_ASSIGNMENT((#1992));
#1912=PRESENTATION_STYLE_ASSIGNMENT((#1993));
#1913=PRESENTATION_STYLE_ASSIGNMENT((#1994));
#1914=PRESENTATION_STYLE_ASSIGNMENT((#1995));
#1915=PRESENTATION_STYLE_ASSIGNMENT((#1996));
#1916=PRESENTATION_STYLE_ASSIGNMENT((#1997));
#1917=PRESENTATION_STYLE_ASSIGNMENT((#1998));
#1918=PRESENTATION_STYLE_ASSIGNMENT((#1999));
#1919=PRESENTATION_STYLE_ASSIGNMENT((#2000));
#1920=PRESENTATION_STYLE_ASSIGNMENT((#2001));
#1921=PRESENTATION_STYLE_ASSIGNMENT((#2002));
#1922=PRESENTATION_STYLE_ASSIGNMENT((#2003));
#1923=PRESENTATION_STYLE_ASSIGNMENT((#2004));
#1924=PRESENTATION_STYLE_ASSIGNMENT((#2005));
#1925=PRESENTATION_STYLE_ASSIGNMENT((#2006));
#1926=PRESENTATION_STYLE_ASSIGNMENT((#2007));
#1927=PRESENTATION_STYLE_ASSIGNMENT((#2008));
#1928=PRESENTATION_STYLE_ASSIGNMENT((#2009));
#1929=PRESENTATION_STYLE_ASSIGNMENT((#2010));
#1930=PRESENTATION_STYLE_ASSIGNMENT((#2011));
#1931=PRESENTATION_STYLE_ASSIGNMENT((#2012));
#1932=PRESENTATION_STYLE_ASSIGNMENT((#2013));
#1933=PRESENTATION_STYLE_ASSIGNMENT((#2014));
#1934=PRESENTATION_STYLE_ASSIGNMENT((#2015));
#1935=PRESENTATION_STYLE_ASSIGNMENT((#2016));
#1936=PRESENTATION_STYLE_ASSIGNMENT((#2017));
#1937=PRESENTATION_STYLE_ASSIGNMENT((#2018));
#1938=PRESENTATION_STYLE_ASSIGNMENT((#2019));
#1939=PRESENTATION_STYLE_ASSIGNMENT((#2020));
#1940=PRESENTATION_STYLE_ASSIGNMENT((#2021));
#1941=PRESENTATION_STYLE_ASSIGNMENT((#2022));
#1942=PRESENTATION_STYLE_ASSIGNMENT((#2023));
#1943=PRESENTATION_STYLE_ASSIGNMENT((#2024));
#1944=PRESENTATION_STYLE_ASSIGNMENT((#2025));
#1945=PRESENTATION_STYLE_ASSIGNMENT((#2026));
#1946=PRESENTATION_STYLE_ASSIGNMENT((#2027));
#1947=PRESENTATION_STYLE_ASSIGNMENT((#2028));
#1948=PRESENTATION_STYLE_ASSIGNMENT((#2029));
#1949=PRESENTATION_STYLE_ASSIGNMENT((#2030));
#1950=PRESENTATION_STYLE_ASSIGNMENT((#2031));
#1951=PRESENTATION_STYLE_ASSIGNMENT((#2032));
#1952=PRESENTATION_STYLE_ASSIGNMENT((#2033));
#1953=PRESENTATION_STYLE_ASSIGNMENT((#2034));
#1954=PRESENTATION_STYLE_ASSIGNMENT((#2035));
#1955=PRESENTATION_STYLE_ASSIGNMENT((#2036));
#1956=PRESENTATION_STYLE_ASSIGNMENT((#2037));
#1957=PRESENTATION_STYLE_ASSIGNMENT((#2038));
#1958=PRESENTATION_STYLE_ASSIGNMENT((#2039));
#1959=PRESENTATION_STYLE_ASSIGNMENT((#2040));
#1960=PRESENTATION_STYLE_ASSIGNMENT((#2041));
#1961=PRESENTATION_STYLE_ASSIGNMENT((#2042));
#1962=PRESENTATION_STYLE_ASSIGNMENT((#2043));
#1963=PRESENTATION_STYLE_ASSIGNMENT((#2044));
#1964=PRESENTATION_STYLE_ASSIGNMENT((#2045));
#1965=PRESENTATION_STYLE_ASSIGNMENT((#2046));
#1966=PRESENTATION_STYLE_ASSIGNMENT((#2047));
#1967=PRESENTATION_STYLE_ASSIGNMENT((#2048));
#1968=PRESENTATION_STYLE_ASSIGNMENT((#2049));
#1969=PRESENTATION_STYLE_ASSIGNMENT((#2050));
#1970=PRESENTATION_STYLE_ASSIGNMENT((#2051));
#1971=PRESENTATION_STYLE_ASSIGNMENT((#2052));
#1972=PRESENTATION_STYLE_ASSIGNMENT((#2053));
#1973=SURFACE_STYLE_USAGE(.BOTH.,#2054);
#1974=SURFACE_STYLE_USAGE(.BOTH.,#2055);
#1975=SURFACE_STYLE_USAGE(.BOTH.,#2056);
#1976=SURFACE_STYLE_USAGE(.BOTH.,#2057);
#1977=SURFACE_STYLE_USAGE(.BOTH.,#2058);
#1978=SURFACE_STYLE_USAGE(.BOTH.,#2059);
#1979=SURFACE_STYLE_USAGE(.BOTH.,#2060);
#1980=SURFACE_STYLE_USAGE(.BOTH.,#2061);
#1981=SURFACE_STYLE_USAGE(.BOTH.,#2062);
#1982=SURFACE_STYLE_USAGE(.BOTH.,#2063);
#1983=SURFACE_STYLE_USAGE(.BOTH.,#2064);
#1984=SURFACE_STYLE_USAGE(.BOTH.,#2065);
#1985=SURFACE_STYLE_USAGE(.BOTH.,#2066);
#1986=SURFACE_STYLE_USAGE(.BOTH.,#2067);
#1987=SURFACE_STYLE_USAGE(.BOTH.,#2068);
#1988=SURFACE_STYLE_USAGE(.BOTH.,#2069);
#1989=SURFACE_STYLE_USAGE(.BOTH.,#2070);
#1990=SURFACE_STYLE_USAGE(.BOTH.,#2071);
#1991=SURFACE_STYLE_USAGE(.BOTH.,#2072);
#1992=SURFACE_STYLE_USAGE(.BOTH.,#2073);
#1993=SURFACE_STYLE_USAGE(.BOTH.,#2074);
#1994=SURFACE_STYLE_USAGE(.BOTH.,#2075);
#1995=SURFACE_STYLE_USAGE(.BOTH.,#2076);
#1996=SURFACE_STYLE_USAGE(.BOTH.,#2077);
#1997=SURFACE_STYLE_USAGE(.BOTH.,#2078);
#1998=SURFACE_STYLE_USAGE(.BOTH.,#2079);
#1999=SURFACE_STYLE_USAGE(.BOTH.,#2080);
#2000=SURFACE_STYLE_USAGE(.BOTH.,#2081);
#2001=SURFACE_STYLE_USAGE(.BOTH.,#2082);
#2002=SURFACE_STYLE_USAGE(.BOTH.,#2083);
#2003=SURFACE_STYLE_USAGE(.BOTH.,#2084);
#2004=SURFACE_STYLE_USAGE(.BOTH.,#2085);
#2005=SURFACE_STYLE_USAGE(.BOTH.,#2086);
#2006=SURFACE_STYLE_USAGE(.BOTH.,#2087);
#2007=SURFACE_STYLE_USAGE(.BOTH.,#2088);
#2008=SURFACE_STYLE_USAGE(.BOTH.,#2089);
#2009=SURFACE_STYLE_USAGE(.BOTH.,#2090);
#2010=SURFACE_STYLE_USAGE(.BOTH.,#2091);
#2011=SURFACE_STYLE_USAGE(.BOTH.,#2092);
#2012=SURFACE_STYLE_USAGE(.BOTH.,#2093);
#2013=SURFACE_STYLE_USAGE(.BOTH.,#2094);
#2014=SURFACE_STYLE_USAGE(.BOTH.,#2095);
#2015=SURFACE_STYLE_USAGE(.BOTH.,#2096);
#2016=SURFACE_STYLE_USAGE(.BOTH.,#2097);
#2017=SURFACE_STYLE_USAGE(.BOTH.,#2098);
#2018=SURFACE_STYLE_USAGE(.BOTH.,#2099);
#2019=SURFACE_STYLE_USAGE(.BOTH.,#2100);
#2020=SURFACE_STYLE_USAGE(.BOTH.,#2101);
#2021=SURFACE_STYLE_USAGE(.BOTH.,#2102);
#2022=SURFACE_STYLE_USAGE(.BOTH.,#2103);
#2023=SURFACE_STYLE_USAGE(.BOTH.,#2104);
#2024=SURFACE_STYLE_USAGE(.BOTH.,#2105);
#2025=SURFACE_STYLE_USAGE(.BOTH.,#2106);
#2026=SURFACE_STYLE_USAGE(.BOTH.,#2107);
#2027=SURFACE_STYLE_USAGE(.BOTH.,#2108);
#2028=SURFACE_STYLE_USAGE(.BOTH.,#2109);
#2029=SURFACE_STYLE_USAGE(.BOTH.,#2110);
#2030=SURFACE_STYLE_USAGE(.BOTH.,#2111);
#2031=SURFACE_STYLE_USAGE(.BOTH.,#2112);
#2032=SURFACE_STYLE_USAGE(.BOTH.,#2113);
#2033=SURFACE_STYLE_USAGE(.BOTH.,#2114);
#2034=SURFACE_STYLE_USAGE(.BOTH.,#2115);
#2035=SURFACE_STYLE_USAGE(.BOTH.,#2116);
#2036=SURFACE_STYLE_USAGE(.BOTH.,#2117);
#2037=SURFACE_STYLE_USAGE(.BOTH.,#2118);
#2038=SURFACE_STYLE_USAGE(.BOTH.,#2119);
#2039=SURFACE_STYLE_USAGE(.BOTH.,#2120);
#2040=SURFACE_STYLE_USAGE(.BOTH.,#2121);
#2041=SURFACE_STYLE_USAGE(.BOTH.,#2122);
#2042=SURFACE_STYLE_USAGE(.BOTH.,#2123);
#2043=SURFACE_STYLE_USAGE(.BOTH.,#2124);
#2044=SURFACE_STYLE_USAGE(.BOTH.,#2125);
#2045=SURFACE_STYLE_USAGE(.BOTH.,#2126);
#2046=SURFACE_STYLE_USAGE(.BOTH.,#2127);
#2047=SURFACE_STYLE_USAGE(.BOTH.,#2128);
#2048=SURFACE_STYLE_USAGE(.BOTH.,#2129);
#2049=SURFACE_STYLE_USAGE(.BOTH.,#2130);
#2050=SURFACE_STYLE_USAGE(.BOTH.,#2131);
#2051=SURFACE_STYLE_USAGE(.BOTH.,#2132);
#2052=SURFACE_STYLE_USAGE(.BOTH.,#2133);
#2053=SURFACE_STYLE_USAGE(.BOTH.,#2134);
#2054=SURFACE_SIDE_STYLE('',(#2135));
#2055=SURFACE_SIDE_STYLE('',(#2136));
#2056=SURFACE_SIDE_STYLE('',(#2137));
#2057=SURFACE_SIDE_STYLE('',(#2138));
#2058=SURFACE_SIDE_STYLE('',(#2139));
#2059=SURFACE_SIDE_STYLE('',(#2140));
#2060=SURFACE_SIDE_STYLE('',(#2141));
#2061=SURFACE_SIDE_STYLE('',(#2142));
#2062=SURFACE_SIDE_STYLE('',(#2143));
#2063=SURFACE_SIDE_STYLE('',(#2144));
#2064=SURFACE_SIDE_STYLE('',(#2145));
#2065=SURFACE_SIDE_STYLE('',(#2146));
#2066=SURFACE_SIDE_STYLE('',(#2147));
#2067=SURFACE_SIDE_STYLE('',(#2148));
#2068=SURFACE_SIDE_STYLE('',(#2149));
#2069=SURFACE_SIDE_STYLE('',(#2150));
#2070=SURFACE_SIDE_STYLE('',(#2151));
#2071=SURFACE_SIDE_STYLE('',(#2152));
#2072=SURFACE_SIDE_STYLE('',(#2153));
#2073=SURFACE_SIDE_STYLE('',(#2154));
#2074=SURFACE_SIDE_STYLE('',(#2155));
#2075=SURFACE_SIDE_STYLE('',(#2156));
#2076=SURFACE_SIDE_STYLE('',(#2157));
#2077=SURFACE_SIDE_STYLE('',(#2158));
#2078=SURFACE_SIDE_STYLE('',(#2159));
#2079=SURFACE_SIDE_STYLE('',(#2160));
#2080=SURFACE_SIDE_STYLE('',(#2161));
#2081=SURFACE_SIDE_STYLE('',(#2162));
#2082=SURFACE_SIDE_STYLE('',(#2163));
#2083=SURFACE_SIDE_STYLE('',(#2164));
#2084=SURFACE_SIDE_STYLE('',(#2165));
#2085=SURFACE_SIDE_STYLE('',(#2166));
#2086=SURFACE_SIDE_STYLE('',(#2167));
#2087=SURFACE_SIDE_STYLE('',(#2168));
#2088=SURFACE_SIDE_STYLE('',(#2169));
#2089=SURFACE_SIDE_STYLE('',(#2170));
#2090=SURFACE_SIDE_STYLE('',(#2171));
#2091=SURFACE_SIDE_STYLE('',(#2172));
#2092=SURFACE_SIDE_STYLE('',(#2173));
#2093=SURFACE_SIDE_STYLE('',(#2174));
#2094=SURFACE_SIDE_STYLE('',(#2175));
#2095=SURFACE_SIDE_STYLE('',(#2176));
#2096=SURFACE_SIDE_STYLE('',(#2177));
#2097=SURFACE_SIDE_STYLE('',(#2178));
#2098=SURFACE_SIDE_STYLE('',(#2179));
#2099=SURFACE_SIDE_STYLE('',(#2180));
#2100=SURFACE_SIDE_STYLE('',(#2181));
#2101=SURFACE_SIDE_STYLE('',(#2182));
#2102=SURFACE_SIDE_STYLE('',(#2183));
#2103=SURFACE_SIDE_STYLE('',(#2184));
#2104=SURFACE_SIDE_STYLE('',(#2185));
#2105=SURFACE_SIDE_STYLE('',(#2186));
#2106=SURFACE_SIDE_STYLE('',(#2187));
#2107=SURFACE_SIDE_STYLE('',(#2188));
#2108=SURFACE_SIDE_STYLE('',(#2189));
#2109=SURFACE_SIDE_STYLE('',(#2190));
#2110=SURFACE_SIDE_STYLE('',(#2191));
#2111=SURFACE_SIDE_STYLE('',(#2192));
#2112=SURFACE_SIDE_STYLE('',(#2193));
#2113=SURFACE_SIDE_STYLE('',(#2194));
#2114=SURFACE_SIDE_STYLE('',(#2195));
#2115=SURFACE_SIDE_STYLE('',(#2196));
#2116=SURFACE_SIDE_STYLE('',(#2197));
#2117=SURFACE_SIDE_STYLE('',(#2198));
#2118=SURFACE_SIDE_STYLE('',(#2199));
#2119=SURFACE_SIDE_STYLE('',(#2200));
#2120=SURFACE_SIDE_STYLE('',(#2201));
#2121=SURFACE_SIDE_STYLE('',(#2202));
#2122=SURFACE_SIDE_STYLE('',(#2203));
#2123=SURFACE_SIDE_STYLE('',(#2204));
#2124=SURFACE_SIDE_STYLE('',(#2205));
#2125=SURFACE_SIDE_STYLE('',(#2206));
#2126=SURFACE_SIDE_STYLE('',(#2207));
#2127=SURFACE_SIDE_STYLE('',(#2208));
#2128=SURFACE_SIDE_STYLE('',(#2209));
#2129=SURFACE_SIDE_STYLE('',(#2210));
#2130=SURFACE_SIDE_STYLE('',(#2211));
#2131=SURFACE_SIDE_STYLE('',(#2212));
#2132=SURFACE_SIDE_STYLE('',(#2213));
#2133=SURFACE_SIDE_STYLE('',(#2214));
#2134=SURFACE_SIDE_STYLE('',(#2215));
#2135=SURFACE_STYLE_FILL_AREA(#2216);
#2136=SURFACE_STYLE_FILL_AREA(#2217);
#2137=SURFACE_STYLE_FILL_AREA(#2218);
#2138=SURFACE_STYLE_FILL_AREA(#2219);
#2139=SURFACE_STYLE_FILL_AREA(#2220);
#2140=SURFACE_STYLE_FILL_AREA(#2221);
#2141=SURFACE_STYLE_FILL_AREA(#2222);
#2142=SURFACE_STYLE_FILL_AREA(#2223);
#2143=SURFACE_STYLE_FILL_AREA(#2224);
#2144=SURFACE_STYLE_FILL_AREA(#2225);
#2145=SURFACE_STYLE_FILL_AREA(#2226);
#2146=SURFACE_STYLE_FILL_AREA(#2227);
#2147=SURFACE_STYLE_FILL_AREA(#2228);
#2148=SURFACE_STYLE_FILL_AREA(#2229);
#2149=SURFACE_STYLE_FILL_AREA(#2230);
#2150=SURFACE_STYLE_FILL_AREA(#2231);
#2151=SURFACE_STYLE_FILL_AREA(#2232);
#2152=SURFACE_STYLE_FILL_AREA(#2233);
#2153=SURFACE_STYLE_FILL_AREA(#2234);
#2154=SURFACE_STYLE_FILL_AREA(#2235);
#2155=SURFACE_STYLE_FILL_AREA(#2236);
#2156=SURFACE_STYLE_FILL_AREA(#2237);
#2157=SURFACE_STYLE_FILL_AREA(#2238);
#2158=SURFACE_STYLE_FILL_AREA(#2239);
#2159=SURFACE_STYLE_FILL_AREA(#2240);
#2160=SURFACE_STYLE_FILL_AREA(#2241);
#2161=SURFACE_STYLE_FILL_AREA(#2242);
#2162=SURFACE_STYLE_FILL_AREA(#2243);
#2163=SURFACE_STYLE_FILL_AREA(#2244);
#2164=SURFACE_STYLE_FILL_AREA(#2245);
#2165=SURFACE_STYLE_FILL_AREA(#2246);
#2166=SURFACE_STYLE_FILL_AREA(#2247);
#2167=SURFACE_STYLE_FILL_AREA(#2248);
#2168=SURFACE_STYLE_FILL_AREA(#2249);
#2169=SURFACE_STYLE_FILL_AREA(#2250);
#2170=SURFACE_STYLE_FILL_AREA(#2251);
#2171=SURFACE_STYLE_FILL_AREA(#2252);
#2172=SURFACE_STYLE_FILL_AREA(#2253);
#2173=SURFACE_STYLE_FILL_AREA(#2254);
#2174=SURFACE_STYLE_FILL_AREA(#2255);
#2175=SURFACE_STYLE_FILL_AREA(#2256);
#2176=SURFACE_STYLE_FILL_AREA(#2257);
#2177=SURFACE_STYLE_FILL_AREA(#2258);
#2178=SURFACE_STYLE_FILL_AREA(#2259);
#2179=SURFACE_STYLE_FILL_AREA(#2260);
#2180=SURFACE_STYLE_FILL_AREA(#2261);
#2181=SURFACE_STYLE_FILL_AREA(#2262);
#2182=SURFACE_STYLE_FILL_AREA(#2263);
#2183=SURFACE_STYLE_FILL_AREA(#2264);
#2184=SURFACE_STYLE_FILL_AREA(#2265);
#2185=SURFACE_STYLE_FILL_AREA(#2266);
#2186=SURFACE_STYLE_FILL_AREA(#2267);
#2187=SURFACE_STYLE_FILL_AREA(#2268);
#2188=SURFACE_STYLE_FILL_AREA(#2269);
#2189=SURFACE_STYLE_FILL_AREA(#2270);
#2190=SURFACE_STYLE_FILL_AREA(#2271);
#2191=SURFACE_STYLE_FILL_AREA(#2272);
#2192=SURFACE_STYLE_FILL_AREA(#2273);
#2193=SURFACE_STYLE_FILL_AREA(#2274);
#2194=SURFACE_STYLE_FILL_AREA(#2275);
#2195=SURFACE_STYLE_FILL_AREA(#2276);
#2196=SURFACE_STYLE_FILL_AREA(#2277);
#2197=SURFACE_STYLE_FILL_AREA(#2278);
#2198=SURFACE_STYLE_FILL_AREA(#2279);
#2199=SURFACE_STYLE_FILL_AREA(#2280);
#2200=SURFACE_STYLE_FILL_AREA(#2281);
#2201=SURFACE_STYLE_FILL_AREA(#2282);
#2202=SURFACE_STYLE_FILL_AREA(#2283);
#2203=SURFACE_STYLE_FILL_AREA(#2284);
#2204=SURFACE_STYLE_FILL_AREA(#2285);
#2205=SURFACE_STYLE_FILL_AREA(#2286);
#2206=SURFACE_STYLE_FILL_AREA(#2287);
#2207=SURFACE_STYLE_FILL_AREA(#2288);
#2208=SURFACE_STYLE_FILL_AREA(#2289);
#2209=SURFACE_STYLE_FILL_AREA(#2290);
#2210=SURFACE_STYLE_FILL_AREA(#2291);
#2211=SURFACE_STYLE_FILL_AREA(#2292);
#2212=SURFACE_STYLE_FILL_AREA(#2293);
#2213=SURFACE_STYLE_FILL_AREA(#2294);
#2214=SURFACE_STYLE_FILL_AREA(#2295);
#2215=SURFACE_STYLE_FILL_AREA(#2296);
#2216=FILL_AREA_STYLE('',(#2297));
#2217=FILL_AREA_STYLE('',(#2298));
#2218=FILL_AREA_STYLE('',(#2299));
#2219=FILL_AREA_STYLE('',(#2300));
#2220=FILL_AREA_STYLE('',(#2301));
#2221=FILL_AREA_STYLE('',(#2302));
#2222=FILL_AREA_STYLE('',(#2303));
#2223=FILL_AREA_STYLE('',(#2304));
#2224=FILL_AREA_STYLE('',(#2305));
#2225=FILL_AREA_STYLE('',(#2306));
#2226=FILL_AREA_STYLE('',(#2307));
#2227=FILL_AREA_STYLE('',(#2308));
#2228=FILL_AREA_STYLE('',(#2309));
#2229=FILL_AREA_STYLE('',(#2310));
#2230=FILL_AREA_STYLE('',(#2311));
#2231=FILL_AREA_STYLE('',(#2312));
#2232=FILL_AREA_STYLE('',(#2313));
#2233=FILL_AREA_STYLE('',(#2314));
#2234=FILL_AREA_STYLE('',(#2315));
#2235=FILL_AREA_STYLE('',(#2316));
#2236=FILL_AREA_STYLE('',(#2317));
#2237=FILL_AREA_STYLE('',(#2318));
#2238=FILL_AREA_STYLE('',(#2319));
#2239=FILL_AREA_STYLE('',(#2320));
#2240=FILL_AREA_STYLE('',(#2321));
#2241=FILL_AREA_STYLE('',(#2322));
#2242=FILL_AREA_STYLE('',(#2323));
#2243=FILL_AREA_STYLE('',(#2324));
#2244=FILL_AREA_STYLE('',(#2325));
#2245=FILL_AREA_STYLE('',(#2326));
#2246=FILL_AREA_STYLE('',(#2327));
#2247=FILL_AREA_STYLE('',(#2328));
#2248=FILL_AREA_STYLE('',(#2329));
#2249=FILL_AREA_STYLE('',(#2330));
#2250=FILL_AREA_STYLE('',(#2331));
#2251=FILL_AREA_STYLE('',(#2332));
#2252=FILL_AREA_STYLE('',(#2333));
#2253=FILL_AREA_STYLE('',(#2334));
#2254=FILL_AREA_STYLE('',(#2335));
#2255=FILL_AREA_STYLE('',(#2336));
#2256=FILL_AREA_STYLE('',(#2337));
#2257=FILL_AREA_STYLE('',(#2338));
#2258=FILL_AREA_STYLE('',(#2339));
#2259=FILL_AREA_STYLE('',(#2340));
#2260=FILL_AREA_STYLE('',(#2341));
#2261=FILL_AREA_STYLE('',(#2342));
#2262=FILL_AREA_STYLE('',(#2343));
#2263=FILL_AREA_STYLE('',(#2344));
#2264=FILL_AREA_STYLE('',(#2345));
#2265=FILL_AREA_STYLE('',(#2346));
#2266=FILL_AREA_STYLE('',(#2347));
#2267=FILL_AREA_STYLE('',(#2348));
#2268=FILL_AREA_STYLE('',(#2349));
#2269=FILL_AREA_STYLE('',(#2350));
#2270=FILL_AREA_STYLE('',(#2351));
#2271=FILL_AREA_STYLE('',(#2352));
#2272=FILL_AREA_STYLE('',(#2353));
#2273=FILL_AREA_STYLE('',(#2354));
#2274=FILL_AREA_STYLE('',(#2355));
#2275=FILL_AREA_STYLE('',(#2356));
#2276=FILL_AREA_STYLE('',(#2357));
#2277=FILL_AREA_STYLE('',(#2358));
#2278=FILL_AREA_STYLE('',(#2359));
#2279=FILL_AREA_STYLE('',(#2360));
#2280=FILL_AREA_STYLE('',(#2361));
#2281=FILL_AREA_STYLE('',(#2362));
#2282=FILL_AREA_STYLE('',(#2363));
#2283=FILL_AREA_STYLE('',(#2364));
#2284=FILL_AREA_STYLE('',(#2365));
#2285=FILL_AREA_STYLE('',(#2366));
#2286=FILL_AREA_STYLE('',(#2367));
#2287=FILL_AREA_STYLE('',(#2368));
#2288=FILL_AREA_STYLE('',(#2369));
#2289=FILL_AREA_STYLE('',(#2370));
#2290=FILL_AREA_STYLE('',(#2371));
#2291=FILL_AREA_STYLE('',(#2372));
#2292=FILL_AREA_STYLE('',(#2373));
#2293=FILL_AREA_STYLE('',(#2374));
#2294=FILL_AREA_STYLE('',(#2375));
#2295=FILL_AREA_STYLE('',(#2376));
#2296=FILL_AREA_STYLE('',(#2377));
#2297=FILL_AREA_STYLE_COLOUR('',#2378);
#2298=FILL_AREA_STYLE_COLOUR('',#2379);
#2299=FILL_AREA_STYLE_COLOUR('',#2379);
#2300=FILL_AREA_STYLE_COLOUR('',#2380);
#2301=FILL_AREA_STYLE_COLOUR('',#2380);
#2302=FILL_AREA_STYLE_COLOUR('',#2380);
#2303=FILL_AREA_STYLE_COLOUR('',#2380);
#2304=FILL_AREA_STYLE_COLOUR('',#2380);
#2305=FILL_AREA_STYLE_COLOUR('',#2380);
#2306=FILL_AREA_STYLE_COLOUR('',#2378);
#2307=FILL_AREA_STYLE_COLOUR('',#2378);
#2308=FILL_AREA_STYLE_COLOUR('',#2378);
#2309=FILL_AREA_STYLE_COLOUR('',#2378);
#2310=FILL_AREA_STYLE_COLOUR('',#2378);
#2311=FILL_AREA_STYLE_COLOUR('',#2378);
#2312=FILL_AREA_STYLE_COLOUR('',#2378);
#2313=FILL_AREA_STYLE_COLOUR('',#2378);
#2314=FILL_AREA_STYLE_COLOUR('',#2378);
#2315=FILL_AREA_STYLE_COLOUR('',#2378);
#2316=FILL_AREA_STYLE_COLOUR('',#2378);
#2317=FILL_AREA_STYLE_COLOUR('',#2378);
#2318=FILL_AREA_STYLE_COLOUR('',#2378);
#2319=FILL_AREA_STYLE_COLOUR('',#2378);
#2320=FILL_AREA_STYLE_COLOUR('',#2378);
#2321=FILL_AREA_STYLE_COLOUR('',#2378);
#2322=FILL_AREA_STYLE_COLOUR('',#2378);
#2323=FILL_AREA_STYLE_COLOUR('',#2378);
#2324=FILL_AREA_STYLE_COLOUR('',#2378);
#2325=FILL_AREA_STYLE_COLOUR('',#2378);
#2326=FILL_AREA_STYLE_COLOUR('',#2378);
#2327=FILL_AREA_STYLE_COLOUR('',#2378);
#2328=FILL_AREA_STYLE_COLOUR('',#2378);
#2329=FILL_AREA_STYLE_COLOUR('',#2380);
#2330=FILL_AREA_STYLE_COLOUR('',#2378);
#2331=FILL_AREA_STYLE_COLOUR('',#2378);
#2332=FILL_AREA_STYLE_COLOUR('',#2378);
#2333=FILL_AREA_STYLE_COLOUR('',#2378);
#2334=FILL_AREA_STYLE_COLOUR('',#2378);
#2335=FILL_AREA_STYLE_COLOUR('',#2378);
#2336=FILL_AREA_STYLE_COLOUR('',#2378);
#2337=FILL_AREA_STYLE_COLOUR('',#2378);
#2338=FILL_AREA_STYLE_COLOUR('',#2378);
#2339=FILL_AREA_STYLE_COLOUR('',#2378);
#2340=FILL_AREA_STYLE_COLOUR('',#2378);
#2341=FILL_AREA_STYLE_COLOUR('',#2378);
#2342=FILL_AREA_STYLE_COLOUR('',#2378);
#2343=FILL_AREA_STYLE_COLOUR('',#2378);
#2344=FILL_AREA_STYLE_COLOUR('',#2378);
#2345=FILL_AREA_STYLE_COLOUR('',#2378);
#2346=FILL_AREA_STYLE_COLOUR('',#2378);
#2347=FILL_AREA_STYLE_COLOUR('',#2378);
#2348=FILL_AREA_STYLE_COLOUR('',#2378);
#2349=FILL_AREA_STYLE_COLOUR('',#2378);
#2350=FILL_AREA_STYLE_COLOUR('',#2378);
#2351=FILL_AREA_STYLE_COLOUR('',#2378);
#2352=FILL_AREA_STYLE_COLOUR('',#2378);
#2353=FILL_AREA_STYLE_COLOUR('',#2378);
#2354=FILL_AREA_STYLE_COLOUR('',#2378);
#2355=FILL_AREA_STYLE_COLOUR('',#2378);
#2356=FILL_AREA_STYLE_COLOUR('',#2378);
#2357=FILL_AREA_STYLE_COLOUR('',#2378);
#2358=FILL_AREA_STYLE_COLOUR('',#2378);
#2359=FILL_AREA_STYLE_COLOUR('',#2378);
#2360=FILL_AREA_STYLE_COLOUR('',#2378);
#2361=FILL_AREA_STYLE_COLOUR('',#2378);
#2362=FILL_AREA_STYLE_COLOUR('',#2378);
#2363=FILL_AREA_STYLE_COLOUR('',#2378);
#2364=FILL_AREA_STYLE_COLOUR('',#2378);
#2365=FILL_AREA_STYLE_COLOUR('',#2378);
#2366=FILL_AREA_STYLE_COLOUR('',#2378);
#2367=FILL_AREA_STYLE_COLOUR('',#2378);
#2368=FILL_AREA_STYLE_COLOUR('',#2378);
#2369=FILL_AREA_STYLE_COLOUR('',#2378);
#2370=FILL_AREA_STYLE_COLOUR('',#2378);
#2371=FILL_AREA_STYLE_COLOUR('',#2378);
#2372=FILL_AREA_STYLE_COLOUR('',#2378);
#2373=FILL_AREA_STYLE_COLOUR('',#2378);
#2374=FILL_AREA_STYLE_COLOUR('',#2378);
#2375=FILL_AREA_STYLE_COLOUR('',#2378);
#2376=FILL_AREA_STYLE_COLOUR('',#2378);
#2377=FILL_AREA_STYLE_COLOUR('',#2380);
#2378=COLOUR_RGB('',0.949999988079071,0.949999988079071,0.949999988079071);
#2379=COLOUR_RGB('',0.699999988079071,0.699999988079071,0.699999988079071);
#2380=COLOUR_RGB('',0.200000002980232,0.200000002980232,0.200000002980232);
#2381=MANIFOLD_SOLID_BREP('',#1807);
#2382=MANIFOLD_SOLID_BREP('',#1808);
#2383=MANIFOLD_SOLID_BREP('',#1809);
#2384=MANIFOLD_SOLID_BREP('',#1810);
#2385=SHAPE_DEFINITION_REPRESENTATION(#4196,#2389);
#2386=SHAPE_DEFINITION_REPRESENTATION(#4195,#2390);
#2387=SHAPE_DEFINITION_REPRESENTATION(#4198,#2391);
#2388=SHAPE_DEFINITION_REPRESENTATION(#4200,#2392);
#2389=SHAPE_REPRESENTATION('Body',(#2393),#4185);
#2390=SHAPE_REPRESENTATION('0612',(#2393,#2400,#2421,#2484),#4184);
#2391=SHAPE_REPRESENTATION('Pins',(#2393),#4186);
#2392=SHAPE_REPRESENTATION('Cover',(#2393),#4187);
#2393=AXIS2_PLACEMENT_3D('',#2802,#2485,#2486);
#2394=AXIS2_PLACEMENT_3D('',#2803,#2487,#2488);
#2395=AXIS2_PLACEMENT_3D('',#2812,#2493,#2494);
#2396=AXIS2_PLACEMENT_3D('',#2818,#2498,#2499);
#2397=AXIS2_PLACEMENT_3D('',#2824,#2503,#2504);
#2398=AXIS2_PLACEMENT_3D('',#2827,#2507,#2508);
#2399=AXIS2_PLACEMENT_3D('',#2828,#2509,#2510);
#2400=AXIS2_PLACEMENT_3D('',#2829,#2511,#2512);
#2401=AXIS2_PLACEMENT_3D('',#2830,#2513,#2514);
#2402=AXIS2_PLACEMENT_3D('',#2839,#2519,#2520);
#2403=AXIS2_PLACEMENT_3D('',#2845,#2524,#2525);
#2404=AXIS2_PLACEMENT_3D('',#2851,#2529,#2530);
#2405=AXIS2_PLACEMENT_3D('',#2857,#2534,#2535);
#2406=AXIS2_PLACEMENT_3D('',#2863,#2539,#2540);
#2407=AXIS2_PLACEMENT_3D('',#2869,#2544,#2545);
#2408=AXIS2_PLACEMENT_3D('',#2875,#2549,#2550);
#2409=AXIS2_PLACEMENT_3D('',#2878,#2553,#2554);
#2410=AXIS2_PLACEMENT_3D('',#2879,#2555,#2556);
#2411=AXIS2_PLACEMENT_3D('',#2880,#2557,#2558);
#2412=AXIS2_PLACEMENT_3D('',#2889,#2563,#2564);
#2413=AXIS2_PLACEMENT_3D('',#2895,#2568,#2569);
#2414=AXIS2_PLACEMENT_3D('',#2901,#2573,#2574);
#2415=AXIS2_PLACEMENT_3D('',#2907,#2578,#2579);
#2416=AXIS2_PLACEMENT_3D('',#2913,#2583,#2584);
#2417=AXIS2_PLACEMENT_3D('',#2919,#2588,#2589);
#2418=AXIS2_PLACEMENT_3D('',#2925,#2593,#2594);
#2419=AXIS2_PLACEMENT_3D('',#2928,#2597,#2598);
#2420=AXIS2_PLACEMENT_3D('',#2929,#2599,#2600);
#2421=AXIS2_PLACEMENT_3D('',#2930,#2601,#2602);
#2422=AXIS2_PLACEMENT_3D('',#2931,#2603,#2604);
#2423=AXIS2_PLACEMENT_3D('',#3341,#2609,#2610);
#2424=AXIS2_PLACEMENT_3D('',#3347,#2614,#2615);
#2425=AXIS2_PLACEMENT_3D('',#3351,#2618,#2619);
#2426=AXIS2_PLACEMENT_3D('',#3355,#2622,#2623);
#2427=AXIS2_PLACEMENT_3D('',#3357,#2625,#2626);
#2428=AXIS2_PLACEMENT_3D('',#3358,#2627,#2628);
#2429=AXIS2_PLACEMENT_3D('',#3367,#2631,#2632);
#2430=AXIS2_PLACEMENT_3D('',#3374,#2634,#2635);
#2431=AXIS2_PLACEMENT_3D('',#3419,#2639,#2640);
#2432=AXIS2_PLACEMENT_3D('',#3426,#2642,#2643);
#2433=AXIS2_PLACEMENT_3D('',#3433,#2645,#2646);
#2434=AXIS2_PLACEMENT_3D('',#3440,#2648,#2649);
#2435=AXIS2_PLACEMENT_3D('',#3447,#2651,#2652);
#2436=AXIS2_PLACEMENT_3D('',#3454,#2654,#2655);
#2437=AXIS2_PLACEMENT_3D('',#3461,#2657,#2658);
#2438=AXIS2_PLACEMENT_3D('',#3468,#2660,#2661);
#2439=AXIS2_PLACEMENT_3D('',#3473,#2662,#2663);
#2440=AXIS2_PLACEMENT_3D('',#3564,#2668,#2669);
#2441=AXIS2_PLACEMENT_3D('',#3702,#2674,#2675);
#2442=AXIS2_PLACEMENT_3D('',#3707,#2676,#2677);
#2443=AXIS2_PLACEMENT_3D('',#3708,#2678,#2679);
#2444=AXIS2_PLACEMENT_3D('',#3709,#2680,#2681);
#2445=AXIS2_PLACEMENT_3D('',#3718,#2684,#2685);
#2446=AXIS2_PLACEMENT_3D('',#3725,#2687,#2688);
#2447=AXIS2_PLACEMENT_3D('',#3732,#2690,#2691);
#2448=AXIS2_PLACEMENT_3D('',#3758,#2694,#2695);
#2449=AXIS2_PLACEMENT_3D('',#3790,#2697,#2698);
#2450=AXIS2_PLACEMENT_3D('',#3791,#2699,#2700);
#2451=AXIS2_PLACEMENT_3D('',#3798,#2703,#2704);
#2452=AXIS2_PLACEMENT_3D('',#3803,#2706,#2707);
#2453=AXIS2_PLACEMENT_3D('',#3808,#2709,#2710);
#2454=AXIS2_PLACEMENT_3D('',#3813,#2712,#2713);
#2455=AXIS2_PLACEMENT_3D('',#3818,#2715,#2716);
#2456=AXIS2_PLACEMENT_3D('',#3823,#2718,#2719);
#2457=AXIS2_PLACEMENT_3D('',#3828,#2721,#2722);
#2458=AXIS2_PLACEMENT_3D('',#3833,#2724,#2725);
#2459=AXIS2_PLACEMENT_3D('',#3838,#2727,#2728);
#2460=AXIS2_PLACEMENT_3D('',#3843,#2730,#2731);
#2461=AXIS2_PLACEMENT_3D('',#3848,#2733,#2734);
#2462=AXIS2_PLACEMENT_3D('',#3851,#2735,#2736);
#2463=AXIS2_PLACEMENT_3D('',#3852,#2737,#2738);
#2464=AXIS2_PLACEMENT_3D('',#3859,#2741,#2742);
#2465=AXIS2_PLACEMENT_3D('',#3864,#2744,#2745);
#2466=AXIS2_PLACEMENT_3D('',#3869,#2747,#2748);
#2467=AXIS2_PLACEMENT_3D('',#3872,#2749,#2750);
#2468=AXIS2_PLACEMENT_3D('',#3873,#2751,#2752);
#2469=AXIS2_PLACEMENT_3D('',#3880,#2755,#2756);
#2470=AXIS2_PLACEMENT_3D('',#3885,#2758,#2759);
#2471=AXIS2_PLACEMENT_3D('',#3890,#2761,#2762);
#2472=AXIS2_PLACEMENT_3D('',#3893,#2763,#2764);
#2473=AXIS2_PLACEMENT_3D('',#3894,#2765,#2766);
#2474=AXIS2_PLACEMENT_3D('',#3903,#2769,#2770);
#2475=AXIS2_PLACEMENT_3D('',#3910,#2772,#2773);
#2476=AXIS2_PLACEMENT_3D('',#3917,#2775,#2776);
#2477=AXIS2_PLACEMENT_3D('',#3956,#2779,#2780);
#2478=AXIS2_PLACEMENT_3D('',#4001,#2782,#2783);
#2479=AXIS2_PLACEMENT_3D('',#4037,#2786,#2787);
#2480=AXIS2_PLACEMENT_3D('',#4104,#2791,#2792);
#2481=AXIS2_PLACEMENT_3D('',#4175,#2794,#2795);
#2482=AXIS2_PLACEMENT_3D('',#4180,#2796,#2797);
#2483=AXIS2_PLACEMENT_3D('',#4181,#2798,#2799);
#2484=AXIS2_PLACEMENT_3D('',#4182,#2800,#2801);
#2485=DIRECTION('',(0.,0.,1.));
#2486=DIRECTION('',(1.,0.,0.));
#2487=DIRECTION('',(1.,0.,0.));
#2488=DIRECTION('',(0.,0.,-1.));
#2489=DIRECTION('',(0.,-1.,0.));
#2490=DIRECTION('',(0.,0.,-1.));
#2491=DIRECTION('',(0.,-1.,0.));
#2492=DIRECTION('',(0.,0.,-1.));
#2493=DIRECTION('',(-1.35525271560688E-16,1.,0.));
#2494=DIRECTION('',(-1.,-1.35525271560688E-16,0.));
#2495=DIRECTION('',(1.,1.35525271560688E-16,0.));
#2496=DIRECTION('',(0.,0.,-1.));
#2497=DIRECTION('',(1.,1.35525271560688E-16,0.));
#2498=DIRECTION('',(-1.,0.,0.));
#2499=DIRECTION('',(0.,0.,1.));
#2500=DIRECTION('',(0.,1.,0.));
#2501=DIRECTION('',(0.,0.,-1.));
#2502=DIRECTION('',(0.,1.,0.));
#2503=DIRECTION('',(-1.35525271560688E-16,-1.,0.));
#2504=DIRECTION('',(1.,-1.35525271560688E-16,0.));
#2505=DIRECTION('',(-1.,1.35525271560688E-16,0.));
#2506=DIRECTION('',(-1.,1.35525271560688E-16,0.));
#2507=DIRECTION('',(0.,0.,1.));
#2508=DIRECTION('',(1.,0.,0.));
#2509=DIRECTION('',(0.,0.,1.));
#2510=DIRECTION('',(1.,0.,0.));
#2511=DIRECTION('',(0.,0.,1.));
#2512=DIRECTION('',(1.,0.,0.));
#2513=DIRECTION('',(0.,1.,1.08420217248551E-14));
#2514=DIRECTION('',(0.,-1.08420217248551E-14,1.));
#2515=DIRECTION('',(0.,1.08420217248551E-14,-1.));
#2516=DIRECTION('',(-1.,0.,0.));
#2517=DIRECTION('',(0.,1.08420217248551E-14,-1.));
#2518=DIRECTION('',(-1.,0.,0.));
#2519=DIRECTION('',(0.,-1.22464679914735E-16,-1.));
#2520=DIRECTION('',(0.,1.,-1.22464679914735E-16));
#2521=DIRECTION('',(0.,-1.,1.22464679914735E-16));
#2522=DIRECTION('',(0.,-1.,1.22464679914735E-16));
#2523=DIRECTION('',(-1.,0.,0.));
#2524=DIRECTION('',(0.,-1.,0.));
#2525=DIRECTION('',(0.,0.,-1.));
#2526=DIRECTION('',(0.,0.,1.));
#2527=DIRECTION('',(0.,0.,1.));
#2528=DIRECTION('',(-1.,0.,0.));
#2529=DIRECTION('',(0.,0.,1.));
#2530=DIRECTION('',(1.,0.,0.));
#2531=DIRECTION('',(0.,1.,0.));
#2532=DIRECTION('',(0.,1.,0.));
#2533=DIRECTION('',(-1.,0.,0.));
#2534=DIRECTION('',(0.,1.,-1.80700362080918E-15));
#2535=DIRECTION('',(0.,1.80700362080918E-15,1.));
#2536=DIRECTION('',(0.,-1.80700362080918E-15,-1.));
#2537=DIRECTION('',(0.,-1.80700362080918E-15,-1.));
#2538=DIRECTION('',(-1.,0.,0.));
#2539=DIRECTION('',(0.,2.30681313294788E-16,-1.));
#2540=DIRECTION('',(0.,1.,2.30681313294788E-16));
#2541=DIRECTION('',(0.,-1.,-2.30681313294788E-16));
#2542=DIRECTION('',(0.,-1.,-2.30681313294788E-16));
#2543=DIRECTION('',(-1.,0.,0.));
#2544=DIRECTION('',(0.,1.,2.30681313294788E-16));
#2545=DIRECTION('',(0.,-2.30681313294788E-16,1.));
#2546=DIRECTION('',(0.,2.30681313294788E-16,-1.));
#2547=DIRECTION('',(0.,2.30681313294788E-16,-1.));
#2548=DIRECTION('',(-1.,0.,0.));
#2549=DIRECTION('',(0.,5.76703283236971E-17,1.));
#2550=DIRECTION('',(0.,-1.,5.76703283236971E-17));
#2551=DIRECTION('',(0.,1.,-5.76703283236971E-17));
#2552=DIRECTION('',(0.,1.,-5.76703283236971E-17));
#2553=DIRECTION('',(-1.,0.,0.));
#2554=DIRECTION('',(0.,0.,1.));
#2555=DIRECTION('',(-1.,0.,0.));
#2556=DIRECTION('',(0.,0.,1.));
#2557=DIRECTION('',(0.,1.,-1.08420217248551E-14));
#2558=DIRECTION('',(0.,1.08420217248551E-14,1.));
#2559=DIRECTION('',(0.,-1.08420217248551E-14,-1.));
#2560=DIRECTION('',(-1.,0.,0.));
#2561=DIRECTION('',(0.,-1.08420217248551E-14,-1.));
#2562=DIRECTION('',(-1.,0.,0.));
#2563=DIRECTION('',(0.,-1.22464679914735E-16,1.));
#2564=DIRECTION('',(0.,-1.,-1.22464679914735E-16));
#2565=DIRECTION('',(0.,1.,1.22464679914735E-16));
#2566=DIRECTION('',(-1.,0.,0.));
#2567=DIRECTION('',(0.,1.,1.22464679914735E-16));
#2568=DIRECTION('',(0.,-1.,0.));
#2569=DIRECTION('',(0.,0.,-1.));
#2570=DIRECTION('',(0.,0.,1.));
#2571=DIRECTION('',(-1.,0.,0.));
#2572=DIRECTION('',(0.,0.,1.));
#2573=DIRECTION('',(0.,0.,-1.));
#2574=DIRECTION('',(-1.,0.,0.));
#2575=DIRECTION('',(0.,-1.,0.));
#2576=DIRECTION('',(-1.,0.,0.));
#2577=DIRECTION('',(0.,-1.,0.));
#2578=DIRECTION('',(0.,1.,1.80700362080918E-15));
#2579=DIRECTION('',(0.,-1.80700362080918E-15,1.));
#2580=DIRECTION('',(0.,1.80700362080918E-15,-1.));
#2581=DIRECTION('',(-1.,0.,0.));
#2582=DIRECTION('',(0.,1.80700362080918E-15,-1.));
#2583=DIRECTION('',(0.,2.30681313294788E-16,1.));
#2584=DIRECTION('',(0.,-1.,2.30681313294788E-16));
#2585=DIRECTION('',(0.,1.,-2.30681313294788E-16));
#2586=DIRECTION('',(-1.,0.,0.));
#2587=DIRECTION('',(0.,1.,-2.30681313294788E-16));
#2588=DIRECTION('',(0.,1.,-2.30681313294788E-16));
#2589=DIRECTION('',(0.,2.30681313294788E-16,1.));
#2590=DIRECTION('',(0.,-2.30681313294788E-16,-1.));
#2591=DIRECTION('',(-1.,0.,0.));
#2592=DIRECTION('',(0.,-2.30681313294788E-16,-1.));
#2593=DIRECTION('',(0.,5.76703283236971E-17,-1.));
#2594=DIRECTION('',(0.,1.,5.76703283236971E-17));
#2595=DIRECTION('',(0.,-1.,-5.76703283236971E-17));
#2596=DIRECTION('',(0.,-1.,-5.76703283236971E-17));
#2597=DIRECTION('',(1.,0.,0.));
#2598=DIRECTION('',(0.,0.,-1.));
#2599=DIRECTION('',(1.,0.,0.));
#2600=DIRECTION('',(0.,0.,-1.));
#2601=DIRECTION('',(0.,0.,1.));
#2602=DIRECTION('',(1.,0.,0.));
#2603=DIRECTION('',(0.,0.,1.));
#2604=DIRECTION('',(1.,0.,0.));
#2605=DIRECTION('',(0.,-1.,0.));
#2606=DIRECTION('',(1.,1.18584612615602E-16,0.));
#2607=DIRECTION('',(0.,1.,0.));
#2608=DIRECTION('',(-1.,1.18584612615602E-16,0.));
#2609=DIRECTION('',(1.,0.,0.));
#2610=DIRECTION('',(0.,0.,-1.));
#2611=DIRECTION('',(0.,-1.,0.));
#2612=DIRECTION('',(0.,0.,-1.));
#2613=DIRECTION('',(0.,0.,-1.));
#2614=DIRECTION('',(-1.18584612615602E-16,1.,0.));
#2615=DIRECTION('',(-1.,-1.18584612615602E-16,0.));
#2616=DIRECTION('',(1.,1.18584612615602E-16,0.));
#2617=DIRECTION('',(0.,0.,-1.));
#2618=DIRECTION('',(-1.,0.,0.));
#2619=DIRECTION('',(0.,0.,1.));
#2620=DIRECTION('',(0.,1.,0.));
#2621=DIRECTION('',(0.,0.,-1.));
#2622=DIRECTION('',(-1.18584612615602E-16,-1.,0.));
#2623=DIRECTION('',(1.,-1.18584612615602E-16,0.));
#2624=DIRECTION('',(-1.,1.18584612615602E-16,0.));
#2625=DIRECTION('',(0.,0.,1.));
#2626=DIRECTION('',(1.,0.,0.));
#2627=DIRECTION('',(0.,1.,0.));
#2628=DIRECTION('',(0.,0.,1.));
#2629=DIRECTION('',(0.,0.,1.));
#2630=DIRECTION('',(0.,0.,1.));
#2631=DIRECTION('',(1.,0.,0.));
#2632=DIRECTION('',(0.,0.,-1.));
#2633=DIRECTION('',(0.,0.,1.));
#2634=DIRECTION('',(0.,-1.,0.));
#2635=DIRECTION('',(0.,0.,-1.));
#2636=DIRECTION('',(0.,0.,1.));
#2637=DIRECTION('',(0.,0.,1.));
#2638=DIRECTION('',(0.,0.,1.));
#2639=DIRECTION('',(0.,-1.,0.));
#2640=DIRECTION('',(0.,0.,-1.));
#2641=DIRECTION('',(0.,0.,1.));
#2642=DIRECTION('',(-1.,0.,0.));
#2643=DIRECTION('',(0.,0.,1.));
#2644=DIRECTION('',(0.,0.,1.));
#2645=DIRECTION('',(0.,1.,0.));
#2646=DIRECTION('',(0.,0.,1.));
#2647=DIRECTION('',(0.,0.,1.));
#2648=DIRECTION('',(1.,0.,0.));
#2649=DIRECTION('',(0.,0.,-1.));
#2650=DIRECTION('',(0.,0.,1.));
#2651=DIRECTION('',(-0.94377651991442,0.330584150343336,0.));
#2652=DIRECTION('',(-0.330584150343336,-0.943776519914421,0.));
#2653=DIRECTION('',(0.,0.,1.));
#2654=DIRECTION('',(0.,1.,0.));
#2655=DIRECTION('',(0.,0.,1.));
#2656=DIRECTION('',(0.,0.,1.));
#2657=DIRECTION('',(0.94704300010294,0.321106767222403,0.));
#2658=DIRECTION('',(-0.321106767222403,0.94704300010294,0.));
#2659=DIRECTION('',(0.,0.,1.));
#2660=DIRECTION('',(-1.,0.,0.));
#2661=DIRECTION('',(0.,0.,1.));
#2662=DIRECTION('',(0.,0.,1.));
#2663=DIRECTION('',(1.,0.,0.));
#2664=DIRECTION('',(0.,0.,1.));
#2665=DIRECTION('',(0.,0.,1.));
#2666=DIRECTION('',(0.,0.,1.));
#2667=DIRECTION('',(0.,0.,1.));
#2668=DIRECTION('',(0.130034036800187,0.99150953060142,0.));
#2669=DIRECTION('',(-0.99150953060142,0.130034036800187,0.));
#2670=DIRECTION('',(0.,0.,1.));
#2671=DIRECTION('',(0.,0.,1.));
#2672=DIRECTION('',(0.,0.,1.));
#2673=DIRECTION('',(0.,0.,1.));
#2674=DIRECTION('',(0.,1.,0.));
#2675=DIRECTION('',(0.,0.,1.));
#2676=DIRECTION('',(0.,0.,1.));
#2677=DIRECTION('',(1.,0.,0.));
#2678=DIRECTION('',(0.,0.,1.));
#2679=DIRECTION('',(1.,0.,0.));
#2680=DIRECTION('',(0.,1.,0.));
#2681=DIRECTION('',(0.,0.,1.));
#2682=DIRECTION('',(0.,0.,1.));
#2683=DIRECTION('',(0.,0.,1.));
#2684=DIRECTION('',(1.,0.,0.));
#2685=DIRECTION('',(0.,0.,-1.));
#2686=DIRECTION('',(0.,0.,1.));
#2687=DIRECTION('',(0.,-1.,0.));
#2688=DIRECTION('',(0.,0.,-1.));
#2689=DIRECTION('',(0.,0.,1.));
#2690=DIRECTION('',(-1.,0.,0.));
#2691=DIRECTION('',(0.,0.,1.));
#2692=DIRECTION('',(0.,0.,1.));
#2693=DIRECTION('',(0.,0.,1.));
#2694=DIRECTION('',(-0.935187216216635,0.35415373868559,0.));
#2695=DIRECTION('',(-0.35415373868559,-0.935187216216635,0.));
#2696=DIRECTION('',(0.,0.,1.));
#2697=DIRECTION('',(0.,0.,1.));
#2698=DIRECTION('',(1.,0.,0.));
#2699=DIRECTION('',(0.,1.,0.));
#2700=DIRECTION('',(0.,0.,1.));
#2701=DIRECTION('',(0.,0.,1.));
#2702=DIRECTION('',(0.,0.,1.));
#2703=DIRECTION('',(1.,0.,0.));
#2704=DIRECTION('',(0.,0.,-1.));
#2705=DIRECTION('',(0.,0.,1.));
#2706=DIRECTION('',(0.,-1.,0.));
#2707=DIRECTION('',(0.,0.,-1.));
#2708=DIRECTION('',(0.,0.,1.));
#2709=DIRECTION('',(-1.,0.,0.));
#2710=DIRECTION('',(0.,0.,1.));
#2711=DIRECTION('',(0.,0.,1.));
#2712=DIRECTION('',(0.709510522722876,-0.704694840441954,0.));
#2713=DIRECTION('',(0.704694840441954,0.709510522722876,0.));
#2714=DIRECTION('',(0.,0.,1.));
#2715=DIRECTION('',(0.,-1.,0.));
#2716=DIRECTION('',(0.,0.,-1.));
#2717=DIRECTION('',(0.,0.,1.));
#2718=DIRECTION('',(-0.696735230307811,0.717328389824299,0.));
#2719=DIRECTION('',(-0.717328389824299,-0.696735230307811,0.));
#2720=DIRECTION('',(0.,0.,1.));
#2721=DIRECTION('',(-0.829803825565359,-0.558055204327579,0.));
#2722=DIRECTION('',(0.558055204327579,-0.829803825565359,0.));
#2723=DIRECTION('',(0.,0.,1.));
#2724=DIRECTION('',(0.,1.,0.));
#2725=DIRECTION('',(0.,0.,1.));
#2726=DIRECTION('',(0.,0.,1.));
#2727=DIRECTION('',(0.83550802173943,0.549478248531336,0.));
#2728=DIRECTION('',(-0.549478248531336,0.83550802173943,0.));
#2729=DIRECTION('',(0.,0.,1.));
#2730=DIRECTION('',(-0.695795215827011,0.718240222789175,0.));
#2731=DIRECTION('',(-0.718240222789175,-0.695795215827011,0.));
#2732=DIRECTION('',(0.,0.,1.));
#2733=DIRECTION('',(-1.,0.,0.));
#2734=DIRECTION('',(0.,0.,1.));
#2735=DIRECTION('',(0.,0.,1.));
#2736=DIRECTION('',(1.,0.,0.));
#2737=DIRECTION('',(0.,1.,0.));
#2738=DIRECTION('',(0.,0.,1.));
#2739=DIRECTION('',(0.,0.,1.));
#2740=DIRECTION('',(0.,0.,1.));
#2741=DIRECTION('',(1.,0.,0.));
#2742=DIRECTION('',(0.,0.,-1.));
#2743=DIRECTION('',(0.,0.,1.));
#2744=DIRECTION('',(0.,-1.,0.));
#2745=DIRECTION('',(0.,0.,-1.));
#2746=DIRECTION('',(0.,0.,1.));
#2747=DIRECTION('',(-1.,0.,0.));
#2748=DIRECTION('',(0.,0.,1.));
#2749=DIRECTION('',(0.,0.,1.));
#2750=DIRECTION('',(1.,0.,0.));
#2751=DIRECTION('',(0.,1.,0.));
#2752=DIRECTION('',(0.,0.,1.));
#2753=DIRECTION('',(0.,0.,1.));
#2754=DIRECTION('',(0.,0.,1.));
#2755=DIRECTION('',(1.,0.,0.));
#2756=DIRECTION('',(0.,0.,-1.));
#2757=DIRECTION('',(0.,0.,1.));
#2758=DIRECTION('',(0.,-1.,0.));
#2759=DIRECTION('',(0.,0.,-1.));
#2760=DIRECTION('',(0.,0.,1.));
#2761=DIRECTION('',(-1.,0.,0.));
#2762=DIRECTION('',(0.,0.,1.));
#2763=DIRECTION('',(0.,0.,1.));
#2764=DIRECTION('',(1.,0.,0.));
#2765=DIRECTION('',(0.,1.,0.));
#2766=DIRECTION('',(0.,0.,1.));
#2767=DIRECTION('',(0.,0.,1.));
#2768=DIRECTION('',(0.,0.,1.));
#2769=DIRECTION('',(1.,0.,0.));
#2770=DIRECTION('',(0.,0.,-1.));
#2771=DIRECTION('',(0.,0.,1.));
#2772=DIRECTION('',(0.,-1.,0.));
#2773=DIRECTION('',(0.,0.,-1.));
#2774=DIRECTION('',(0.,0.,1.));
#2775=DIRECTION('',(-1.,0.,0.));
#2776=DIRECTION('',(0.,0.,1.));
#2777=DIRECTION('',(0.,0.,1.));
#2778=DIRECTION('',(0.,0.,1.));
#2779=DIRECTION('',(0.,1.,0.));
#2780=DIRECTION('',(0.,0.,1.));
#2781=DIRECTION('',(0.,0.,1.));
#2782=DIRECTION('',(0.,0.,1.));
#2783=DIRECTION('',(1.,0.,0.));
#2784=DIRECTION('',(0.,0.,1.));
#2785=DIRECTION('',(0.,0.,1.));
#2786=DIRECTION('',(-0.132163720091018,-0.991227900682635,0.));
#2787=DIRECTION('',(0.991227900682635,-0.132163720091018,0.));
#2788=DIRECTION('',(0.,0.,1.));
#2789=DIRECTION('',(0.,0.,1.));
#2790=DIRECTION('',(0.,0.,1.));
#2791=DIRECTION('',(1.,0.,0.));
#2792=DIRECTION('',(0.,0.,-1.));
#2793=DIRECTION('',(0.,0.,1.));
#2794=DIRECTION('',(0.,-1.,0.));
#2795=DIRECTION('',(0.,0.,-1.));
#2796=DIRECTION('',(0.,0.,1.));
#2797=DIRECTION('',(1.,0.,0.));
#2798=DIRECTION('',(0.,0.,1.));
#2799=DIRECTION('',(1.,0.,0.));
#2800=DIRECTION('',(0.,0.,1.));
#2801=DIRECTION('',(1.,0.,0.));
#2802=CARTESIAN_POINT('',(0.,0.,0.));
#2803=CARTESIAN_POINT('',(-1.6,0.77,0.5));
#2804=CARTESIAN_POINT('',(-1.6,0.77,0.03));
#2805=CARTESIAN_POINT('',(-1.6,0.77,0.03));
#2806=CARTESIAN_POINT('',(-1.6,-0.77,0.03));
#2807=CARTESIAN_POINT('',(-1.6,-0.77,0.5));
#2808=CARTESIAN_POINT('',(-1.6,-0.77,0.5));
#2809=CARTESIAN_POINT('',(-1.6,0.77,0.5));
#2810=CARTESIAN_POINT('',(-1.6,0.77,0.5));
#2811=CARTESIAN_POINT('',(-1.6,0.77,0.5));
#2812=CARTESIAN_POINT('',(-1.6,-0.77,0.5));
#2813=CARTESIAN_POINT('',(-1.6,-0.77,0.03));
#2814=CARTESIAN_POINT('',(1.6,-0.77,0.03));
#2815=CARTESIAN_POINT('',(1.6,-0.77,0.5));
#2816=CARTESIAN_POINT('',(1.6,-0.77,0.5));
#2817=CARTESIAN_POINT('',(-1.6,-0.77,0.5));
#2818=CARTESIAN_POINT('',(1.6,-0.77,0.5));
#2819=CARTESIAN_POINT('',(1.6,-0.77,0.03));
#2820=CARTESIAN_POINT('',(1.6,0.77,0.03));
#2821=CARTESIAN_POINT('',(1.6,0.77,0.5));
#2822=CARTESIAN_POINT('',(1.6,0.77,0.5));
#2823=CARTESIAN_POINT('',(1.6,-0.77,0.5));
#2824=CARTESIAN_POINT('',(1.6,0.77,0.5));
#2825=CARTESIAN_POINT('',(1.6,0.77,0.03));
#2826=CARTESIAN_POINT('',(1.6,0.77,0.5));
#2827=CARTESIAN_POINT('',(0.,0.,0.5));
#2828=CARTESIAN_POINT('',(0.,0.,0.03));
#2829=CARTESIAN_POINT('',(0.,0.,0.));
#2830=CARTESIAN_POINT('',(1.6,-0.3,0.0299999999999999));
#2831=CARTESIAN_POINT('',(-1.6,-0.3,0.0299999999999999));
#2832=CARTESIAN_POINT('',(-1.6,-0.3,0.0299999999999999));
#2833=CARTESIAN_POINT('',(-1.6,-0.3,0.));
#2834=CARTESIAN_POINT('',(1.6,-0.3,0.0299999999999999));
#2835=CARTESIAN_POINT('',(1.6,-0.3,0.0299999999999999));
#2836=CARTESIAN_POINT('',(1.6,-0.3,0.0299999999999999));
#2837=CARTESIAN_POINT('',(1.6,-0.3,0.));
#2838=CARTESIAN_POINT('',(1.6,-0.3,0.));
#2839=CARTESIAN_POINT('',(1.6,-0.3,0.));
#2840=CARTESIAN_POINT('',(-1.6,-0.3,0.));
#2841=CARTESIAN_POINT('',(-1.6,-0.8,6.12323399573677E-17));
#2842=CARTESIAN_POINT('',(1.6,-0.3,0.));
#2843=CARTESIAN_POINT('',(1.6,-0.8,6.12323399573677E-17));
#2844=CARTESIAN_POINT('',(1.6,-0.8,6.12323399573677E-17));
#2845=CARTESIAN_POINT('',(1.6,-0.8,6.12323399573677E-17));
#2846=CARTESIAN_POINT('',(-1.6,-0.8,6.12323399573677E-17));
#2847=CARTESIAN_POINT('',(-1.6,-0.8,0.529999999999999));
#2848=CARTESIAN_POINT('',(1.6,-0.8,6.12323399573677E-17));
#2849=CARTESIAN_POINT('',(1.6,-0.8,0.529999999999999));
#2850=CARTESIAN_POINT('',(1.6,-0.8,0.529999999999999));
#2851=CARTESIAN_POINT('',(1.6,-0.8,0.529999999999999));
#2852=CARTESIAN_POINT('',(-1.6,-0.8,0.529999999999999));
#2853=CARTESIAN_POINT('',(-1.6,-0.3,0.529999999999999));
#2854=CARTESIAN_POINT('',(1.6,-0.8,0.529999999999999));
#2855=CARTESIAN_POINT('',(1.6,-0.3,0.529999999999999));
#2856=CARTESIAN_POINT('',(1.6,-0.3,0.529999999999999));
#2857=CARTESIAN_POINT('',(1.6,-0.3,0.5));
#2858=CARTESIAN_POINT('',(-1.6,-0.3,0.5));
#2859=CARTESIAN_POINT('',(-1.6,-0.3,0.5));
#2860=CARTESIAN_POINT('',(1.6,-0.3,0.5));
#2861=CARTESIAN_POINT('',(1.6,-0.3,0.5));
#2862=CARTESIAN_POINT('',(1.6,-0.3,0.5));
#2863=CARTESIAN_POINT('',(1.6,-0.3,0.5));
#2864=CARTESIAN_POINT('',(-1.6,-0.3,0.5));
#2865=CARTESIAN_POINT('',(-1.6,-0.77,0.499999999999999));
#2866=CARTESIAN_POINT('',(1.6,-0.3,0.5));
#2867=CARTESIAN_POINT('',(1.6,-0.77,0.499999999999999));
#2868=CARTESIAN_POINT('',(1.6,-0.77,0.499999999999999));
#2869=CARTESIAN_POINT('',(1.6,-0.77,0.499999999999999));
#2870=CARTESIAN_POINT('',(-1.6,-0.77,0.499999999999999));
#2871=CARTESIAN_POINT('',(-1.6,-0.77,0.03));
#2872=CARTESIAN_POINT('',(1.6,-0.77,0.499999999999999));
#2873=CARTESIAN_POINT('',(1.6,-0.77,0.03));
#2874=CARTESIAN_POINT('',(1.6,-0.77,0.03));
#2875=CARTESIAN_POINT('',(1.6,-0.77,0.03));
#2876=CARTESIAN_POINT('',(-1.6,-0.77,0.03));
#2877=CARTESIAN_POINT('',(1.6,-0.77,0.03));
#2878=CARTESIAN_POINT('',(1.6,0.,0.));
#2879=CARTESIAN_POINT('',(-1.6,0.,0.));
#2880=CARTESIAN_POINT('',(1.6,0.3,0.0299999999999999));
#2881=CARTESIAN_POINT('',(-1.6,0.3,0.0299999999999999));
#2882=CARTESIAN_POINT('',(-1.6,0.3,0.0299999999999999));
#2883=CARTESIAN_POINT('',(-1.6,0.3,0.));
#2884=CARTESIAN_POINT('',(1.6,0.3,0.));
#2885=CARTESIAN_POINT('',(1.6,0.3,0.));
#2886=CARTESIAN_POINT('',(1.6,0.3,0.0299999999999999));
#2887=CARTESIAN_POINT('',(1.6,0.3,0.0299999999999999));
#2888=CARTESIAN_POINT('',(1.6,0.3,0.0299999999999999));
#2889=CARTESIAN_POINT('',(1.6,0.3,0.));
#2890=CARTESIAN_POINT('',(-1.6,0.3,0.));
#2891=CARTESIAN_POINT('',(-1.6,0.8,6.12323399573677E-17));
#2892=CARTESIAN_POINT('',(1.6,0.8,6.12323399573677E-17));
#2893=CARTESIAN_POINT('',(1.6,0.8,6.12323399573677E-17));
#2894=CARTESIAN_POINT('',(1.6,0.3,0.));
#2895=CARTESIAN_POINT('',(1.6,0.8,6.12323399573677E-17));
#2896=CARTESIAN_POINT('',(-1.6,0.8,6.12323399573677E-17));
#2897=CARTESIAN_POINT('',(-1.6,0.8,0.529999999999999));
#2898=CARTESIAN_POINT('',(1.6,0.8,0.529999999999999));
#2899=CARTESIAN_POINT('',(1.6,0.8,0.529999999999999));
#2900=CARTESIAN_POINT('',(1.6,0.8,6.12323399573677E-17));
#2901=CARTESIAN_POINT('',(1.6,0.8,0.529999999999999));
#2902=CARTESIAN_POINT('',(-1.6,0.8,0.529999999999999));
#2903=CARTESIAN_POINT('',(-1.6,0.3,0.529999999999999));
#2904=CARTESIAN_POINT('',(1.6,0.3,0.529999999999999));
#2905=CARTESIAN_POINT('',(1.6,0.3,0.529999999999999));
#2906=CARTESIAN_POINT('',(1.6,0.8,0.529999999999999));
#2907=CARTESIAN_POINT('',(1.6,0.3,0.5));
#2908=CARTESIAN_POINT('',(-1.6,0.3,0.5));
#2909=CARTESIAN_POINT('',(-1.6,0.3,0.5));
#2910=CARTESIAN_POINT('',(1.6,0.3,0.5));
#2911=CARTESIAN_POINT('',(1.6,0.3,0.5));
#2912=CARTESIAN_POINT('',(1.6,0.3,0.5));
#2913=CARTESIAN_POINT('',(1.6,0.3,0.5));
#2914=CARTESIAN_POINT('',(-1.6,0.3,0.5));
#2915=CARTESIAN_POINT('',(-1.6,0.77,0.499999999999999));
#2916=CARTESIAN_POINT('',(1.6,0.77,0.499999999999999));
#2917=CARTESIAN_POINT('',(1.6,0.77,0.499999999999999));
#2918=CARTESIAN_POINT('',(1.6,0.3,0.5));
#2919=CARTESIAN_POINT('',(1.6,0.77,0.499999999999999));
#2920=CARTESIAN_POINT('',(-1.6,0.77,0.499999999999999));
#2921=CARTESIAN_POINT('',(-1.6,0.77,0.03));
#2922=CARTESIAN_POINT('',(1.6,0.77,0.03));
#2923=CARTESIAN_POINT('',(1.6,0.77,0.03));
#2924=CARTESIAN_POINT('',(1.6,0.77,0.499999999999999));
#2925=CARTESIAN_POINT('',(1.6,0.77,0.03));
#2926=CARTESIAN_POINT('',(-1.6,0.77,0.03));
#2927=CARTESIAN_POINT('',(1.6,0.77,0.03));
#2928=CARTESIAN_POINT('',(1.6,0.,0.));
#2929=CARTESIAN_POINT('',(-1.6,0.,0.));
#2930=CARTESIAN_POINT('',(0.,-3.25260651745651E-15,-3.79470760369927E-16));
#2931=CARTESIAN_POINT('',(0.,0.,0.05));
#2932=CARTESIAN_POINT('',(-1.6,0.3,0.05));
#2933=CARTESIAN_POINT('',(-1.6,0.3,0.05));
#2934=CARTESIAN_POINT('',(-1.6,-0.3,0.05));
#2935=CARTESIAN_POINT('',(-1.6,-0.3,0.05));
#2936=CARTESIAN_POINT('',(1.6,-0.3,0.05));
#2937=CARTESIAN_POINT('',(1.6,-0.3,0.05));
#2938=CARTESIAN_POINT('',(1.6,0.3,0.05));
#2939=CARTESIAN_POINT('',(1.6,0.3,0.05));
#2940=CARTESIAN_POINT('',(-0.764147909967846,0.168697749196141,0.05));
#2941=CARTESIAN_POINT('',(-0.764147909967846,0.0726634512325831,0.05));
#2942=CARTESIAN_POINT('',(-0.764147909967846,-0.0233708467309754,0.05));
#2943=CARTESIAN_POINT('',(-0.764147909967846,-0.119405144694534,0.05));
#2944=CARTESIAN_POINT('',(-0.764147909967846,0.168697749196141,0.05));
#2945=CARTESIAN_POINT('',(-0.764147909967846,-0.119405144694534,0.05));
#2946=CARTESIAN_POINT('',(-0.764147909967846,-0.119405144694534,0.05));
#2947=CARTESIAN_POINT('',(-0.778403001071811,-0.119405144694534,0.05));
#2948=CARTESIAN_POINT('',(-0.792658092175777,-0.119405144694534,0.05));
#2949=CARTESIAN_POINT('',(-0.806913183279743,-0.119405144694534,0.05));
#2950=CARTESIAN_POINT('',(-0.806913183279743,-0.119405144694534,0.05));
#2951=CARTESIAN_POINT('',(-0.806913183279743,-0.119405144694534,0.05));
#2952=CARTESIAN_POINT('',(-0.806913183279743,-0.00671489817792074,0.05));
#2953=CARTESIAN_POINT('',(-0.806913183279743,0.105975348338692,0.05));
#2954=CARTESIAN_POINT('',(-0.806913183279743,0.218665594855305,0.05));
#2955=CARTESIAN_POINT('',(-0.806913183279743,0.218665594855305,0.05));
#2956=CARTESIAN_POINT('',(-0.806913183279743,0.218665594855305,0.05));
#2957=CARTESIAN_POINT('',(-0.78470525187567,0.218665594855305,0.05));
#2958=CARTESIAN_POINT('',(-0.762497320471597,0.218665594855305,0.05));
#2959=CARTESIAN_POINT('',(-0.740289389067524,0.218665594855305,0.05));
#2960=CARTESIAN_POINT('',(-0.740289389067524,0.218665594855305,0.05));
#2961=CARTESIAN_POINT('',(-0.740289389067524,0.218665594855305,0.05));
#2962=CARTESIAN_POINT('',(-0.713504823151125,0.138912111468382,0.05));
#2963=CARTESIAN_POINT('',(-0.686720257234727,0.0591586280814576,0.05));
#2964=CARTESIAN_POINT('',(-0.659935691318328,-0.0205948553054663,0.05));
#2965=CARTESIAN_POINT('',(-0.65238987522223,-0.0430632096756391,0.05));
#2966=CARTESIAN_POINT('',(-0.647106109324759,-0.0597588424437299,0.05));
#2967=CARTESIAN_POINT('',(-0.643729903536977,-0.0707877813504823,0.05));
#2968=CARTESIAN_POINT('',(-0.643729903536977,-0.0707877813504823,0.05));
#2969=CARTESIAN_POINT('',(-0.643729903536977,-0.0707877813504823,0.05));
#2970=CARTESIAN_POINT('',(-0.639903536977492,-0.0584083601286174,0.05));
#2971=CARTESIAN_POINT('',(-0.633826366559486,-0.0404019292604502,0.05));
#2972=CARTESIAN_POINT('',(-0.62572347266881,-0.0165434083601286,0.05));
#2973=CARTESIAN_POINT('',(-0.599033235046897,0.0620445135266151,0.05));
#2974=CARTESIAN_POINT('',(-0.571254019292605,0.140262593783494,0.05));
#2975=CARTESIAN_POINT('',(-0.544019292604502,0.218665594855305,0.05));
#2976=CARTESIAN_POINT('',(-0.544019292604502,0.218665594855305,0.05));
#2977=CARTESIAN_POINT('',(-0.544019292604502,0.218665594855305,0.05));
#2978=CARTESIAN_POINT('',(-0.524212218649518,0.218665594855305,0.05));
#2979=CARTESIAN_POINT('',(-0.504405144694534,0.218665594855305,0.05));
#2980=CARTESIAN_POINT('',(-0.48459807073955,0.218665594855305,0.05));
#2981=CARTESIAN_POINT('',(-0.48459807073955,0.218665594855305,0.05));
#2982=CARTESIAN_POINT('',(-0.48459807073955,0.218665594855305,0.05));
#2983=CARTESIAN_POINT('',(-0.48459807073955,0.105975348338692,0.05));
#2984=CARTESIAN_POINT('',(-0.48459807073955,-0.00671489817792074,0.05));
#2985=CARTESIAN_POINT('',(-0.48459807073955,-0.119405144694534,0.05));
#2986=CARTESIAN_POINT('',(-0.48459807073955,-0.119405144694534,0.05));
#2987=CARTESIAN_POINT('',(-0.48459807073955,-0.119405144694534,0.05));
#2988=CARTESIAN_POINT('',(-0.4989281886388,-0.119405144694534,0.05));
#2989=CARTESIAN_POINT('',(-0.513258306538049,-0.119405144694534,0.05));
#2990=CARTESIAN_POINT('',(-0.527588424437299,-0.119405144694534,0.05));
#2991=CARTESIAN_POINT('',(-0.527588424437299,-0.119405144694534,0.05));
#2992=CARTESIAN_POINT('',(-0.527588424437299,-0.119405144694534,0.05));
#2993=CARTESIAN_POINT('',(-0.527588424437299,-0.02494640943194,0.05));
#2994=CARTESIAN_POINT('',(-0.527588424437299,0.0695123258306538,0.05));
#2995=CARTESIAN_POINT('',(-0.527588424437299,0.163971061093248,0.05));
#2996=CARTESIAN_POINT('',(-0.527588424437299,0.163971061093248,0.05));
#2997=CARTESIAN_POINT('',(-0.527588424437299,0.163971061093248,0.05));
#2998=CARTESIAN_POINT('',(-0.560675241157556,0.0695123258306538,0.05));
#2999=CARTESIAN_POINT('',(-0.593762057877814,-0.02494640943194,0.05));
#3000=CARTESIAN_POINT('',(-0.626848874598071,-0.119405144694534,0.05));
#3001=CARTESIAN_POINT('',(-0.626848874598071,-0.119405144694534,0.05));
#3002=CARTESIAN_POINT('',(-0.626848874598071,-0.119405144694534,0.05));
#3003=CARTESIAN_POINT('',(-0.64005359056806,-0.119405144694534,0.05));
#3004=CARTESIAN_POINT('',(-0.653258306538049,-0.119405144694534,0.05));
#3005=CARTESIAN_POINT('',(-0.666463022508039,-0.119405144694534,0.05));
#3006=CARTESIAN_POINT('',(-0.666463022508039,-0.119405144694534,0.05));
#3007=CARTESIAN_POINT('',(-0.666463022508039,-0.119405144694534,0.05));
#3008=CARTESIAN_POINT('',(-0.699024651661308,-0.0233708467309754,0.05));
#3009=CARTESIAN_POINT('',(-0.731586280814577,0.072663451232583,0.05));
#3010=CARTESIAN_POINT('',(-0.764147909967846,0.168697749196141,0.05));
#3011=CARTESIAN_POINT('',(-0.205948553054662,-0.119405144694534,0.05));
#3012=CARTESIAN_POINT('',(-0.220203644158628,-0.119405144694534,0.05));
#3013=CARTESIAN_POINT('',(-0.234458735262594,-0.119405144694534,0.05));
#3014=CARTESIAN_POINT('',(-0.248713826366559,-0.119405144694534,0.05));
#3015=CARTESIAN_POINT('',(-0.205948553054662,-0.119405144694534,0.05));
#3016=CARTESIAN_POINT('',(-0.248713826366559,-0.119405144694534,0.05));
#3017=CARTESIAN_POINT('',(-0.248713826366559,-0.119405144694534,0.05));
#3018=CARTESIAN_POINT('',(-0.253215434083601,-0.110852090032154,0.05));
#3019=CARTESIAN_POINT('',(-0.256141479099678,-0.100498392282958,0.05));
#3020=CARTESIAN_POINT('',(-0.257491961414791,-0.0885691318327975,0.05));
#3021=CARTESIAN_POINT('',(-0.257491961414791,-0.0885691318327975,0.05));
#3022=CARTESIAN_POINT('',(-0.257491961414791,-0.0885691318327975,0.05));
#3023=CARTESIAN_POINT('',(-0.272347266881029,-0.101848874598071,0.05));
#3024=CARTESIAN_POINT('',(-0.286977491961415,-0.111302250803859,0.05));
#3025=CARTESIAN_POINT('',(-0.301382636655948,-0.116929260450161,0.05));
#3026=CARTESIAN_POINT('',(-0.315516216453678,-0.122450190058649,0.05));
#3027=CARTESIAN_POINT('',(-0.330868167202572,-0.125032154340836,0.05));
#3028=CARTESIAN_POINT('',(-0.374308681672026,-0.125032154340836,0.05));
#3029=CARTESIAN_POINT('',(-0.395016077170418,-0.118504823151125,0.05));
#3030=CARTESIAN_POINT('',(-0.409646302250804,-0.105225080385852,0.05));
#3031=CARTESIAN_POINT('',(-0.424041107150815,-0.0921590267073805,0.05));
#3032=CARTESIAN_POINT('',(-0.431479099678457,-0.0755144694533762,0.05));
#3033=CARTESIAN_POINT('',(-0.431479099678457,-0.0428778135048232,0.05));
#3034=CARTESIAN_POINT('',(-0.428553054662379,-0.0318488745980708,0.05));
#3035=CARTESIAN_POINT('',(-0.417749196141479,-0.0120418006430868,0.05));
#3036=CARTESIAN_POINT('',(-0.410546623794212,-0.00416398713826369,0.05));
#3037=CARTESIAN_POINT('',(-0.401543408360129,0.00191318327974273,0.05));
#3038=CARTESIAN_POINT('',(-0.392799194829902,0.00781552741264553,0.05));
#3039=CARTESIAN_POINT('',(-0.382636655948553,0.012491961414791,0.05));
#3040=CARTESIAN_POINT('',(-0.371607717041801,0.0156430868167203,0.05));
#3041=CARTESIAN_POINT('',(-0.36358126554632,0.0179363586725718,0.05));
#3042=CARTESIAN_POINT('',(-0.35112540192926,0.0196945337620579,0.05));
#3043=CARTESIAN_POINT('',(-0.334469453376206,0.0217202572347267,0.05));
#3044=CARTESIAN_POINT('',(-0.300935756703257,0.0257986798030583,0.05));
#3045=CARTESIAN_POINT('',(-0.275948553054662,0.0304983922829582,0.05));
#3046=CARTESIAN_POINT('',(-0.260192926045016,0.0361254019292605,0.05));
#3047=CARTESIAN_POINT('',(-0.260192926045016,0.0361254019292605,0.05));
#3048=CARTESIAN_POINT('',(-0.260192926045016,0.0361254019292605,0.05));
#3049=CARTESIAN_POINT('',(-0.259967845659164,0.0417524115755627,0.05));
#3050=CARTESIAN_POINT('',(-0.259967845659164,0.0455787781350482,0.05));
#3051=CARTESIAN_POINT('',(-0.259967845659164,0.0640353697749196,0.05));
#3052=CARTESIAN_POINT('',(-0.26379421221865,0.0759646302250804,0.05));
#3053=CARTESIAN_POINT('',(-0.271672025723473,0.0831672025723473,0.05));
#3054=CARTESIAN_POINT('',(-0.282141916593156,0.0927396742246285,0.05));
#3055=CARTESIAN_POINT('',(-0.298231511254019,0.0971221864951768,0.05));
#3056=CARTESIAN_POINT('',(-0.319163987138264,0.097347266881029,0.05));
#3057=CARTESIAN_POINT('',(-0.338516242588703,0.0975553556493133,0.05));
#3058=CARTESIAN_POINT('',(-0.352926045016077,0.0937459807073955,0.05));
#3059=CARTESIAN_POINT('',(-0.362379421221865,0.0869935691318328,0.05));
#3060=CARTESIAN_POINT('',(-0.371790214651951,0.0802715738246284,0.05));
#3061=CARTESIAN_POINT('',(-0.378585209003215,0.0678617363344051,0.05));
#3062=CARTESIAN_POINT('',(-0.383086816720257,0.0505305466237942,0.05));
#3063=CARTESIAN_POINT('',(-0.383086816720257,0.0505305466237942,0.05));
#3064=CARTESIAN_POINT('',(-0.383086816720257,0.0505305466237942,0.05));
#3065=CARTESIAN_POINT('',(-0.396816720257235,0.0523311897106109,0.05));
#3066=CARTESIAN_POINT('',(-0.410546623794212,0.0541318327974276,0.05));
#3067=CARTESIAN_POINT('',(-0.42427652733119,0.0559324758842444,0.05));
#3068=CARTESIAN_POINT('',(-0.42427652733119,0.0559324758842444,0.05));
#3069=CARTESIAN_POINT('',(-0.42427652733119,0.0559324758842444,0.05));
#3070=CARTESIAN_POINT('',(-0.420675241157556,0.0732636655948553,0.05));
#3071=CARTESIAN_POINT('',(-0.41459807073955,0.0872186495176849,0.05));
#3072=CARTESIAN_POINT('',(-0.406045016077171,0.0980225080385852,0.05));
#3073=CARTESIAN_POINT('',(-0.39760149893448,0.108688003376721,0.05));
#3074=CARTESIAN_POINT('',(-0.385337620578778,0.116929260450161,0.05));
#3075=CARTESIAN_POINT('',(-0.36935691318328,0.122781350482315,0.05));
#3076=CARTESIAN_POINT('',(-0.353250417466494,0.128679503843391,0.05));
#3077=CARTESIAN_POINT('',(-0.334694533762058,0.131334405144695,0.05));
#3078=CARTESIAN_POINT('',(-0.292604501607717,0.131334405144695,0.05));
#3079=CARTESIAN_POINT('',(-0.27572347266881,0.128858520900322,0.05));
#3080=CARTESIAN_POINT('',(-0.262443729903537,0.123906752411576,0.05));
#3081=CARTESIAN_POINT('',(-0.249361592390004,0.119028667237038,0.05));
#3082=CARTESIAN_POINT('',(-0.239710610932476,0.112877813504823,0.05));
#3083=CARTESIAN_POINT('',(-0.227556270096463,0.0980225080385852,0.05));
#3084=CARTESIAN_POINT('',(-0.223279742765273,0.0885691318327974,0.05));
#3085=CARTESIAN_POINT('',(-0.2208038585209,0.0773151125401929,0.05));
#3086=CARTESIAN_POINT('',(-0.219219708243215,0.0701144294598047,0.05));
#3087=CARTESIAN_POINT('',(-0.218553054662379,0.0572829581993569,0.05));
#3088=CARTESIAN_POINT('',(-0.218553054662379,0.0388263665594856,0.05));
#3089=CARTESIAN_POINT('',(-0.218553054662379,0.0202947481243301,0.05));
#3090=CARTESIAN_POINT('',(-0.218553054662379,0.00176312968917469,0.05));
#3091=CARTESIAN_POINT('',(-0.218553054662379,-0.0167684887459807,0.05));
#3092=CARTESIAN_POINT('',(-0.218553054662379,-0.0554823151125402,0.05));
#3093=CARTESIAN_POINT('',(-0.217652733118971,-0.0797909967845659,0.05));
#3094=CARTESIAN_POINT('',(-0.216077170418006,-0.0901446945337621,0.05));
#3095=CARTESIAN_POINT('',(-0.214529989677937,-0.10031188225422,0.05));
#3096=CARTESIAN_POINT('',(-0.210900321543408,-0.110176848874598,0.05));
#3097=CARTESIAN_POINT('',(-0.205948553054662,-0.119405144694534,0.05));
#3098=CARTESIAN_POINT('',(-0.0378135048231512,0.080016077170418,0.05));
#3099=CARTESIAN_POINT('',(-0.0477170418006431,0.0856430868167203,0.05));
#3100=CARTESIAN_POINT('',(-0.0578456591639871,0.0885691318327974,0.05));
#3101=CARTESIAN_POINT('',(-0.0765273311897107,0.0885691318327974,0.05));
#3102=CARTESIAN_POINT('',(-0.0846302250803858,0.0858681672025723,0.05));
#3103=CARTESIAN_POINT('',(-0.0916077170418008,0.0802411575562701,0.05));
#3104=CARTESIAN_POINT('',(-0.0986116055680129,0.0745928603577121,0.05));
#3105=CARTESIAN_POINT('',(-0.103762057877814,0.0671864951768489,0.05));
#3106=CARTESIAN_POINT('',(-0.106913183279743,0.057508038585209,0.05));
#3107=CARTESIAN_POINT('',(-0.1117176864598,0.0427513502464643,0.05));
#3108=CARTESIAN_POINT('',(-0.113890675241158,0.0264469453376206,0.05));
#3109=CARTESIAN_POINT('',(-0.113890675241158,0.00889067524115756,0.05));
#3110=CARTESIAN_POINT('',(-0.113890675241158,-0.0338745980707396,0.05));
#3111=CARTESIAN_POINT('',(-0.113890675241158,-0.0766398713826367,0.05));
#3112=CARTESIAN_POINT('',(-0.113890675241158,-0.119405144694534,0.05));
#3113=CARTESIAN_POINT('',(-0.0378135048231512,0.080016077170418,0.05));
#3114=CARTESIAN_POINT('',(-0.113890675241158,-0.119405144694534,0.05));
#3115=CARTESIAN_POINT('',(-0.113890675241158,-0.119405144694534,0.05));
#3116=CARTESIAN_POINT('',(-0.127620578778135,-0.119405144694534,0.05));
#3117=CARTESIAN_POINT('',(-0.141350482315113,-0.119405144694534,0.05));
#3118=CARTESIAN_POINT('',(-0.15508038585209,-0.119405144694534,0.05));
#3119=CARTESIAN_POINT('',(-0.15508038585209,-0.119405144694534,0.05));
#3120=CARTESIAN_POINT('',(-0.15508038585209,-0.119405144694534,0.05));
#3121=CARTESIAN_POINT('',(-0.15508038585209,-0.0376259378349411,0.05));
#3122=CARTESIAN_POINT('',(-0.15508038585209,0.0441532690246516,0.05));
#3123=CARTESIAN_POINT('',(-0.15508038585209,0.125932475884244,0.05));
#3124=CARTESIAN_POINT('',(-0.15508038585209,0.125932475884244,0.05));
#3125=CARTESIAN_POINT('',(-0.15508038585209,0.125932475884244,0.05));
#3126=CARTESIAN_POINT('',(-0.142625937834941,0.125932475884244,0.05));
#3127=CARTESIAN_POINT('',(-0.130171489817792,0.125932475884244,0.05));
#3128=CARTESIAN_POINT('',(-0.117717041800643,0.125932475884244,0.05));
#3129=CARTESIAN_POINT('',(-0.117717041800643,0.125932475884244,0.05));
#3130=CARTESIAN_POINT('',(-0.117717041800643,0.125932475884244,0.05));
#3131=CARTESIAN_POINT('',(-0.117717041800643,0.113553054662379,0.05));
#3132=CARTESIAN_POINT('',(-0.117717041800643,0.101173633440514,0.05));
#3133=CARTESIAN_POINT('',(-0.117717041800643,0.0887942122186495,0.05));
#3134=CARTESIAN_POINT('',(-0.117717041800643,0.0887942122186495,0.05));
#3135=CARTESIAN_POINT('',(-0.117717041800643,0.0887942122186495,0.05));
#3136=CARTESIAN_POINT('',(-0.108263665594855,0.10612540192926,0.05));
#3137=CARTESIAN_POINT('',(-0.0997106109324759,0.117604501607717,0.05));
#3138=CARTESIAN_POINT('',(-0.0918327974276528,0.123006430868167,0.05));
#3139=CARTESIAN_POINT('',(-0.0836969100767528,0.128585325051642,0.05));
#3140=CARTESIAN_POINT('',(-0.0749517684887462,0.131334405144695,0.05));
#3141=CARTESIAN_POINT('',(-0.0515434083601288,0.131334405144695,0.05));
#3142=CARTESIAN_POINT('',(-0.0375884244372992,0.126832797427653,0.05));
#3143=CARTESIAN_POINT('',(-0.0234083601286174,0.118054662379421,0.05));
#3144=CARTESIAN_POINT('',(-0.0234083601286174,0.118054662379421,0.05));
#3145=CARTESIAN_POINT('',(-0.0234083601286174,0.118054662379421,0.05));
#3146=CARTESIAN_POINT('',(-0.0282100750267953,0.10537513397642,0.05));
#3147=CARTESIAN_POINT('',(-0.0330117899249733,0.092695605573419,0.05));
#3148=CARTESIAN_POINT('',(-0.0378135048231512,0.080016077170418,0.05));
#3149=CARTESIAN_POINT('',(0.0438906752411574,-0.022395498392283,0.05));
#3150=CARTESIAN_POINT('',(0.0438906752411574,-0.119405144694534,0.05));
#3151=CARTESIAN_POINT('',(0.0438906752411574,-0.022395498392283,0.05));
#3152=CARTESIAN_POINT('',(0.0438906752411574,-0.119405144694534,0.05));
#3153=CARTESIAN_POINT('',(0.0438906752411574,-0.119405144694534,0.05));
#3154=CARTESIAN_POINT('',(0.00247588424437282,-0.119405144694534,0.05));
#3155=CARTESIAN_POINT('',(0.00247588424437282,-0.119405144694534,0.05));
#3156=CARTESIAN_POINT('',(0.00247588424437282,-0.119405144694534,0.05));
#3157=CARTESIAN_POINT('',(0.00247588424437282,0.218665594855305,0.05));
#3158=CARTESIAN_POINT('',(0.00247588424437282,0.218665594855305,0.05));
#3159=CARTESIAN_POINT('',(0.00247588424437282,0.218665594855305,0.05));
#3160=CARTESIAN_POINT('',(0.0438906752411574,0.218665594855305,0.05));
#3161=CARTESIAN_POINT('',(0.0438906752411574,0.218665594855305,0.05));
#3162=CARTESIAN_POINT('',(0.0438906752411574,0.218665594855305,0.05));
#3163=CARTESIAN_POINT('',(0.0438906752411574,0.0264469453376206,0.05));
#3164=CARTESIAN_POINT('',(0.0438906752411574,0.0264469453376206,0.05));
#3165=CARTESIAN_POINT('',(0.0438906752411574,0.0264469453376206,0.05));
#3166=CARTESIAN_POINT('',(0.142700964630225,0.125932475884244,0.05));
#3167=CARTESIAN_POINT('',(0.142700964630225,0.125932475884244,0.05));
#3168=CARTESIAN_POINT('',(0.142700964630225,0.125932475884244,0.05));
#3169=CARTESIAN_POINT('',(0.196720257234727,0.125932475884244,0.05));
#3170=CARTESIAN_POINT('',(0.196720257234727,0.125932475884244,0.05));
#3171=CARTESIAN_POINT('',(0.196720257234727,0.125932475884244,0.05));
#3172=CARTESIAN_POINT('',(0.102636655948553,0.0345498392282958,0.05));
#3173=CARTESIAN_POINT('',(0.102636655948553,0.0345498392282958,0.05));
#3174=CARTESIAN_POINT('',(0.102636655948553,0.0345498392282958,0.05));
#3175=CARTESIAN_POINT('',(0.206173633440514,-0.119405144694534,0.05));
#3176=CARTESIAN_POINT('',(0.206173633440514,-0.119405144694534,0.05));
#3177=CARTESIAN_POINT('',(0.206173633440514,-0.119405144694534,0.05));
#3178=CARTESIAN_POINT('',(0.154855305466238,-0.119405144694534,0.05));
#3179=CARTESIAN_POINT('',(0.154855305466238,-0.119405144694534,0.05));
#3180=CARTESIAN_POINT('',(0.154855305466238,-0.119405144694534,0.05));
#3181=CARTESIAN_POINT('',(0.072700964630225,0.00551446945337619,0.05));
#3182=CARTESIAN_POINT('',(0.072700964630225,0.00551446945337619,0.05));
#3183=CARTESIAN_POINT('',(0.072700964630225,0.00551446945337619,0.05));
#3184=CARTESIAN_POINT('',(0.0438906752411574,-0.022395498392283,0.05));
#3185=CARTESIAN_POINT('',(0.280900321543408,0.218665594855305,0.05));
#3186=CARTESIAN_POINT('',(0.280900321543408,0.171173633440514,0.05));
#3187=CARTESIAN_POINT('',(0.280900321543408,0.218665594855305,0.05));
#3188=CARTESIAN_POINT('',(0.280900321543408,0.171173633440514,0.05));
#3189=CARTESIAN_POINT('',(0.280900321543408,0.171173633440514,0.05));
#3190=CARTESIAN_POINT('',(0.239485530546624,0.171173633440514,0.05));
#3191=CARTESIAN_POINT('',(0.239485530546624,0.171173633440514,0.05));
#3192=CARTESIAN_POINT('',(0.239485530546624,0.171173633440514,0.05));
#3193=CARTESIAN_POINT('',(0.239485530546624,0.218665594855305,0.05));
#3194=CARTESIAN_POINT('',(0.239485530546624,0.218665594855305,0.05));
#3195=CARTESIAN_POINT('',(0.239485530546624,0.218665594855305,0.05));
#3196=CARTESIAN_POINT('',(0.280900321543408,0.218665594855305,0.05));
#3197=CARTESIAN_POINT('',(0.280900321543408,0.125932475884244,0.05));
#3198=CARTESIAN_POINT('',(0.280900321543408,-0.119405144694534,0.05));
#3199=CARTESIAN_POINT('',(0.280900321543408,0.125932475884244,0.05));
#3200=CARTESIAN_POINT('',(0.280900321543408,-0.119405144694534,0.05));
#3201=CARTESIAN_POINT('',(0.280900321543408,-0.119405144694534,0.05));
#3202=CARTESIAN_POINT('',(0.239485530546624,-0.119405144694534,0.05));
#3203=CARTESIAN_POINT('',(0.239485530546624,-0.119405144694534,0.05));
#3204=CARTESIAN_POINT('',(0.239485530546624,-0.119405144694534,0.05));
#3205=CARTESIAN_POINT('',(0.239485530546624,0.125932475884244,0.05));
#3206=CARTESIAN_POINT('',(0.239485530546624,0.125932475884244,0.05));
#3207=CARTESIAN_POINT('',(0.239485530546624,0.125932475884244,0.05));
#3208=CARTESIAN_POINT('',(0.280900321543408,0.125932475884244,0.05));
#3209=CARTESIAN_POINT('',(0.501479099678457,-0.119405144694534,0.05));
#3210=CARTESIAN_POINT('',(0.501479099678457,-0.0695873526259379,0.05));
#3211=CARTESIAN_POINT('',(0.501479099678457,-0.0197695605573419,0.05));
#3212=CARTESIAN_POINT('',(0.501479099678457,0.030048231511254,0.05));
#3213=CARTESIAN_POINT('',(0.501479099678457,0.0469292604501608,0.05));
#3214=CARTESIAN_POINT('',(0.499903536977492,0.0595337620578778,0.05));
#3215=CARTESIAN_POINT('',(0.496752411575563,0.0680868167202572,0.05));
#3216=CARTESIAN_POINT('',(0.493647400203905,0.0765147047290407,0.05));
#3217=CARTESIAN_POINT('',(0.487749196141479,0.0831672025723473,0.05));
#3218=CARTESIAN_POINT('',(0.471093247588424,0.0930707395498392,0.05));
#3219=CARTESIAN_POINT('',(0.461414790996785,0.0955466237942122,0.05));
#3220=CARTESIAN_POINT('',(0.45016077170418,0.0957717041800643,0.05));
#3221=CARTESIAN_POINT('',(0.432391030725973,0.0961270989996284,0.05));
#3222=CARTESIAN_POINT('',(0.417073954983923,0.0899196141479099,0.05));
#3223=CARTESIAN_POINT('',(0.391414790996784,0.0674115755627009,0.05));
#3224=CARTESIAN_POINT('',(0.384887459807074,0.0460289389067524,0.05));
#3225=CARTESIAN_POINT('',(0.384887459807074,0.0147427652733119,0.05));
#3226=CARTESIAN_POINT('',(0.384887459807074,-0.02997320471597,0.05));
#3227=CARTESIAN_POINT('',(0.384887459807074,-0.0746891747052519,0.05));
#3228=CARTESIAN_POINT('',(0.384887459807074,-0.119405144694534,0.05));
#3229=CARTESIAN_POINT('',(0.501479099678457,-0.119405144694534,0.05));
#3230=CARTESIAN_POINT('',(0.384887459807074,-0.119405144694534,0.05));
#3231=CARTESIAN_POINT('',(0.384887459807074,-0.119405144694534,0.05));
#3232=CARTESIAN_POINT('',(0.371082529474812,-0.119405144694534,0.05));
#3233=CARTESIAN_POINT('',(0.357277599142551,-0.119405144694534,0.05));
#3234=CARTESIAN_POINT('',(0.343472668810289,-0.119405144694534,0.05));
#3235=CARTESIAN_POINT('',(0.343472668810289,-0.119405144694534,0.05));
#3236=CARTESIAN_POINT('',(0.343472668810289,-0.119405144694534,0.05));
#3237=CARTESIAN_POINT('',(0.343472668810289,-0.0376259378349411,0.05));
#3238=CARTESIAN_POINT('',(0.343472668810289,0.0441532690246516,0.05));
#3239=CARTESIAN_POINT('',(0.343472668810289,0.125932475884244,0.05));
#3240=CARTESIAN_POINT('',(0.343472668810289,0.125932475884244,0.05));
#3241=CARTESIAN_POINT('',(0.343472668810289,0.125932475884244,0.05));
#3242=CARTESIAN_POINT('',(0.355927116827439,0.125932475884244,0.05));
#3243=CARTESIAN_POINT('',(0.368381564844587,0.125932475884244,0.05));
#3244=CARTESIAN_POINT('',(0.380836012861736,0.125932475884244,0.05));
#3245=CARTESIAN_POINT('',(0.380836012861736,0.125932475884244,0.05));
#3246=CARTESIAN_POINT('',(0.380836012861736,0.125932475884244,0.05));
#3247=CARTESIAN_POINT('',(0.380836012861736,0.11430332261522,0.05));
#3248=CARTESIAN_POINT('',(0.380836012861736,0.102674169346195,0.05));
#3249=CARTESIAN_POINT('',(0.380836012861736,0.0910450160771704,0.05));
#3250=CARTESIAN_POINT('',(0.380836012861736,0.0910450160771704,0.05));
#3251=CARTESIAN_POINT('',(0.380836012861736,0.0910450160771704,0.05));
#3252=CARTESIAN_POINT('',(0.398842443729904,0.117829581993569,0.05));
#3253=CARTESIAN_POINT('',(0.424951768488746,0.131334405144695,0.05));
#3254=CARTESIAN_POINT('',(0.47379421221865,0.131334405144695,0.05));
#3255=CARTESIAN_POINT('',(0.487299035369775,0.128633440514469,0.05));
#3256=CARTESIAN_POINT('',(0.49967845659164,0.123456591639871,0.05));
#3257=CARTESIAN_POINT('',(0.512137992244597,0.118246240366816,0.05));
#3258=CARTESIAN_POINT('',(0.521511254019292,0.111077170418006,0.05));
#3259=CARTESIAN_POINT('',(0.527588424437299,0.102524115755627,0.05));
#3260=CARTESIAN_POINT('',(0.533771868429114,0.0938214908782591,0.05));
#3261=CARTESIAN_POINT('',(0.538167202572347,0.0836173633440514,0.05));
#3262=CARTESIAN_POINT('',(0.540418006430868,0.0716881028938907,0.05));
#3263=CARTESIAN_POINT('',(0.5418664439775,0.0640113838967435,0.05));
#3264=CARTESIAN_POINT('',(0.542893890675241,0.0505305466237942,0.05));
#3265=CARTESIAN_POINT('',(0.542893890675241,0.0313987138263665,0.05));
#3266=CARTESIAN_POINT('',(0.542893890675241,-0.0188692390139336,0.05));
#3267=CARTESIAN_POINT('',(0.542893890675241,-0.0691371918542337,0.05));
#3268=CARTESIAN_POINT('',(0.542893890675241,-0.119405144694534,0.05));
#3269=CARTESIAN_POINT('',(0.542893890675241,-0.119405144694534,0.05));
#3270=CARTESIAN_POINT('',(0.542893890675241,-0.119405144694534,0.05));
#3271=CARTESIAN_POINT('',(0.52908896034298,-0.119405144694534,0.05));
#3272=CARTESIAN_POINT('',(0.515284030010718,-0.119405144694534,0.05));
#3273=CARTESIAN_POINT('',(0.501479099678457,-0.119405144694534,0.05));
#3274=CARTESIAN_POINT('',(0.769549839228296,0.125932475884244,0.05));
#3275=CARTESIAN_POINT('',(0.782004287245445,0.125932475884244,0.05));
#3276=CARTESIAN_POINT('',(0.794458735262593,0.125932475884244,0.05));
#3277=CARTESIAN_POINT('',(0.806913183279743,0.125932475884244,0.05));
#3278=CARTESIAN_POINT('',(0.769549839228296,0.125932475884244,0.05));
#3279=CARTESIAN_POINT('',(0.806913183279743,0.125932475884244,0.05));
#3280=CARTESIAN_POINT('',(0.806913183279743,0.125932475884244,0.05));
#3281=CARTESIAN_POINT('',(0.806913183279743,0.0552572347266881,0.05));
#3282=CARTESIAN_POINT('',(0.806913183279743,-0.0154180064308682,0.05));
#3283=CARTESIAN_POINT('',(0.806913183279743,-0.0860932475884244,0.05));
#3284=CARTESIAN_POINT('',(0.806913183279743,-0.124131832797428,0.05));
#3285=CARTESIAN_POINT('',(0.803086816720257,-0.151141479099678,0.05));
#3286=CARTESIAN_POINT('',(0.795209003215434,-0.167122186495177,0.05));
#3287=CARTESIAN_POINT('',(0.787375192818282,-0.183013630443685,0.05));
#3288=CARTESIAN_POINT('',(0.775176848874598,-0.195707395498392,0.05));
#3289=CARTESIAN_POINT('',(0.741414790996785,-0.214163987138264,0.05));
#3290=CARTESIAN_POINT('',(0.720707395498392,-0.218665594855305,0.05));
#3291=CARTESIAN_POINT('',(0.666688102893891,-0.218665594855305,0.05));
#3292=CARTESIAN_POINT('',(0.643054662379421,-0.212138263665595,0.05));
#3293=CARTESIAN_POINT('',(0.625048231511254,-0.199083601286174,0.05));
#3294=CARTESIAN_POINT('',(0.606934839050466,-0.185951391752102,0.05));
#3295=CARTESIAN_POINT('',(0.598263665594855,-0.165996784565916,0.05));
#3296=CARTESIAN_POINT('',(0.598938906752411,-0.13943729903537,0.05));
#3297=CARTESIAN_POINT('',(0.598938906752411,-0.13943729903537,0.05));
#3298=CARTESIAN_POINT('',(0.598938906752411,-0.13943729903537,0.05));
#3299=CARTESIAN_POINT('',(0.612443729903537,-0.141237942122187,0.05));
#3300=CARTESIAN_POINT('',(0.625948553054662,-0.143038585209003,0.05));
#3301=CARTESIAN_POINT('',(0.639453376205788,-0.14483922829582,0.05));
#3302=CARTESIAN_POINT('',(0.639453376205788,-0.14483922829582,0.05));
#3303=CARTESIAN_POINT('',(0.639453376205788,-0.14483922829582,0.05));
#3304=CARTESIAN_POINT('',(0.641028938906753,-0.157668810289389,0.05));
#3305=CARTESIAN_POINT('',(0.645755627009646,-0.166897106109325,0.05));
#3306=CARTESIAN_POINT('',(0.65363344051447,-0.172749196141479,0.05));
#3307=CARTESIAN_POINT('',(0.664076412651321,-0.180506832585997,0.05));
#3308=CARTESIAN_POINT('',(0.678167202572347,-0.18467845659164,0.05));
#3309=CARTESIAN_POINT('',(0.715755627009646,-0.18467845659164,0.05));
#3310=CARTESIAN_POINT('',(0.730610932475884,-0.180852090032154,0.05));
#3311=CARTESIAN_POINT('',(0.751768488745981,-0.165546623794212,0.05));
#3312=CARTESIAN_POINT('',(0.758971061093248,-0.154742765273312,0.05));
#3313=CARTESIAN_POINT('',(0.762572347266881,-0.140787781350482,0.05));
#3314=CARTESIAN_POINT('',(0.764727848796172,-0.132435212924476,0.05));
#3315=CARTESIAN_POINT('',(0.76572347266881,-0.11467845659164,0.05));
#3316=CARTESIAN_POINT('',(0.76572347266881,-0.0876688102893891,0.05));
#3317=CARTESIAN_POINT('',(0.76572347266881,-0.0876688102893891,0.05));
#3318=CARTESIAN_POINT('',(0.76572347266881,-0.0876688102893891,0.05));
#3319=CARTESIAN_POINT('',(0.747266881028939,-0.109051446945338,0.05));
#3320=CARTESIAN_POINT('',(0.724533762057878,-0.119405144694534,0.05));
#3321=CARTESIAN_POINT('',(0.663536977491961,-0.119405144694534,0.05));
#3322=CARTESIAN_POINT('',(0.637427652733119,-0.107475884244373,0.05));
#3323=CARTESIAN_POINT('',(0.618745980707395,-0.0829421221864952,0.05));
#3324=CARTESIAN_POINT('',(0.600255405166964,-0.0586593181635197,0.05));
#3325=CARTESIAN_POINT('',(0.591061093247588,-0.0295980707395499,0.05));
#3326=CARTESIAN_POINT('',(0.591061093247588,0.0277974276527331,0.05));
#3327=CARTESIAN_POINT('',(0.595112540192926,0.0494051446945337,0.05));
#3328=CARTESIAN_POINT('',(0.603665594855306,0.0694372990353698,0.05));
#3329=CARTESIAN_POINT('',(0.612056082114599,0.0890887034058192,0.05));
#3330=CARTESIAN_POINT('',(0.62459807073955,0.104324758842444,0.05));
#3331=CARTESIAN_POINT('',(0.657009646302251,0.125932475884244,0.05));
#3332=CARTESIAN_POINT('',(0.675916398713826,0.131334405144695,0.05));
#3333=CARTESIAN_POINT('',(0.726784565916399,0.131334405144695,0.05));
#3334=CARTESIAN_POINT('',(0.75064308681672,0.119405144694534,0.05));
#3335=CARTESIAN_POINT('',(0.769549839228296,0.0957717041800643,0.05));
#3336=CARTESIAN_POINT('',(0.769549839228296,0.0957717041800643,0.05));
#3337=CARTESIAN_POINT('',(0.769549839228296,0.0957717041800643,0.05));
#3338=CARTESIAN_POINT('',(0.769549839228296,0.105825294748124,0.05));
#3339=CARTESIAN_POINT('',(0.769549839228296,0.115878885316184,0.05));
#3340=CARTESIAN_POINT('',(0.769549839228296,0.125932475884244,0.05));
#3341=CARTESIAN_POINT('',(-1.6,0.3,0.05));
#3342=CARTESIAN_POINT('',(-1.6,0.3,0.));
#3343=CARTESIAN_POINT('',(-1.6,0.3,0.));
#3344=CARTESIAN_POINT('',(-1.6,-0.3,0.));
#3345=CARTESIAN_POINT('',(-1.6,-0.3,0.05));
#3346=CARTESIAN_POINT('',(-1.6,0.3,0.05));
#3347=CARTESIAN_POINT('',(-1.6,-0.3,0.05));
#3348=CARTESIAN_POINT('',(-1.6,-0.3,0.));
#3349=CARTESIAN_POINT('',(1.6,-0.3,0.));
#3350=CARTESIAN_POINT('',(1.6,-0.3,0.05));
#3351=CARTESIAN_POINT('',(1.6,-0.3,0.05));
#3352=CARTESIAN_POINT('',(1.6,-0.3,0.));
#3353=CARTESIAN_POINT('',(1.6,0.3,0.));
#3354=CARTESIAN_POINT('',(1.6,0.3,0.05));
#3355=CARTESIAN_POINT('',(1.6,0.3,0.05));
#3356=CARTESIAN_POINT('',(1.6,0.3,0.));
#3357=CARTESIAN_POINT('',(0.,0.,0.));
#3358=CARTESIAN_POINT('',(-0.764147909967846,-0.119405144694534,0.04));
#3359=CARTESIAN_POINT('',(-0.764147909967846,-0.119405144694534,0.04));
#3360=CARTESIAN_POINT('',(-0.764147909967846,-0.119405144694534,0.04));
#3361=CARTESIAN_POINT('',(-0.764147909967846,-0.119405144694534,0.04));
#3362=CARTESIAN_POINT('',(-0.778403001071811,-0.119405144694534,0.04));
#3363=CARTESIAN_POINT('',(-0.792658092175777,-0.119405144694534,0.04));
#3364=CARTESIAN_POINT('',(-0.806913183279743,-0.119405144694534,0.04));
#3365=CARTESIAN_POINT('',(-0.806913183279743,-0.119405144694534,0.04));
#3366=CARTESIAN_POINT('',(-0.806913183279743,-0.119405144694534,0.04));
#3367=CARTESIAN_POINT('',(-0.806913183279743,-0.119405144694534,0.04));
#3368=CARTESIAN_POINT('',(-0.806913183279743,-0.119405144694534,0.04));
#3369=CARTESIAN_POINT('',(-0.806913183279743,-0.00671489817792074,0.04));
#3370=CARTESIAN_POINT('',(-0.806913183279743,0.105975348338692,0.04));
#3371=CARTESIAN_POINT('',(-0.806913183279743,0.218665594855305,0.04));
#3372=CARTESIAN_POINT('',(-0.806913183279743,0.218665594855305,0.04));
#3373=CARTESIAN_POINT('',(-0.806913183279743,0.218665594855305,0.04));
#3374=CARTESIAN_POINT('',(-0.806913183279743,0.218665594855305,0.04));
#3375=CARTESIAN_POINT('',(-0.806913183279743,0.218665594855305,0.04));
#3376=CARTESIAN_POINT('',(-0.78470525187567,0.218665594855305,0.04));
#3377=CARTESIAN_POINT('',(-0.762497320471597,0.218665594855305,0.04));
#3378=CARTESIAN_POINT('',(-0.740289389067524,0.218665594855305,0.04));
#3379=CARTESIAN_POINT('',(-0.740289389067524,0.218665594855305,0.04));
#3380=CARTESIAN_POINT('',(-0.740289389067524,0.218665594855305,0.04));
#3381=CARTESIAN_POINT('',(-0.740289389067524,0.218665594855305,0.04));
#3382=CARTESIAN_POINT('',(-0.740289389067524,0.218665594855305,0.05));
#3383=CARTESIAN_POINT('',(-0.724098351147311,0.170455305473832,0.04));
#3384=CARTESIAN_POINT('',(-0.724098351147311,0.170455305473832,0.05));
#3385=CARTESIAN_POINT('',(-0.694635513131374,0.0822848515685988,0.04));
#3386=CARTESIAN_POINT('',(-0.694635513131374,0.0822848515685988,0.05));
#3387=CARTESIAN_POINT('',(-0.653495723817487,-0.0388861017674847,0.04));
#3388=CARTESIAN_POINT('',(-0.653495723817487,-0.0388861017674847,0.05));
#3389=CARTESIAN_POINT('',(-0.643729903536977,-0.0707877813504823,0.04));
#3390=CARTESIAN_POINT('',(-0.643729903536977,-0.0707877813504823,0.05));
#3391=CARTESIAN_POINT('',(-0.740289389067524,0.218665594855305,0.04));
#3392=CARTESIAN_POINT('',(-0.713504823151125,0.138912111468382,0.04));
#3393=CARTESIAN_POINT('',(-0.686720257234727,0.0591586280814576,0.04));
#3394=CARTESIAN_POINT('',(-0.659935691318328,-0.0205948553054663,0.04));
#3395=CARTESIAN_POINT('',(-0.65238987522223,-0.0430632096756391,0.04));
#3396=CARTESIAN_POINT('',(-0.647106109324759,-0.0597588424437299,0.04));
#3397=CARTESIAN_POINT('',(-0.643729903536977,-0.0707877813504823,0.04));
#3398=CARTESIAN_POINT('',(-0.643729903536977,-0.0707877813504823,0.04));
#3399=CARTESIAN_POINT('',(-0.643729903536977,-0.0707877813504823,0.04));
#3400=CARTESIAN_POINT('',(-0.643729903536977,-0.0707877813504823,0.04));
#3401=CARTESIAN_POINT('',(-0.643729903536977,-0.0707877813504823,0.05));
#3402=CARTESIAN_POINT('',(-0.633482116217697,-0.037633175317514,0.04));
#3403=CARTESIAN_POINT('',(-0.633482116217697,-0.037633175317514,0.05));
#3404=CARTESIAN_POINT('',(-0.591851064778467,0.0818760425273384,0.04));
#3405=CARTESIAN_POINT('',(-0.591851064778467,0.0818760425273384,0.05));
#3406=CARTESIAN_POINT('',(-0.560762480731642,0.170465507822629,0.04));
#3407=CARTESIAN_POINT('',(-0.560762480731642,0.170465507822629,0.05));
#3408=CARTESIAN_POINT('',(-0.544019292604502,0.218665594855305,0.04));
#3409=CARTESIAN_POINT('',(-0.544019292604502,0.218665594855305,0.05));
#3410=CARTESIAN_POINT('',(-0.643729903536977,-0.0707877813504823,0.04));
#3411=CARTESIAN_POINT('',(-0.639903536977492,-0.0584083601286174,0.04));
#3412=CARTESIAN_POINT('',(-0.633826366559486,-0.0404019292604502,0.04));
#3413=CARTESIAN_POINT('',(-0.62572347266881,-0.0165434083601286,0.04));
#3414=CARTESIAN_POINT('',(-0.599033235046897,0.0620445135266151,0.04));
#3415=CARTESIAN_POINT('',(-0.571254019292605,0.140262593783494,0.04));
#3416=CARTESIAN_POINT('',(-0.544019292604502,0.218665594855305,0.04));
#3417=CARTESIAN_POINT('',(-0.544019292604502,0.218665594855305,0.04));
#3418=CARTESIAN_POINT('',(-0.544019292604502,0.218665594855305,0.04));
#3419=CARTESIAN_POINT('',(-0.544019292604502,0.218665594855305,0.04));
#3420=CARTESIAN_POINT('',(-0.544019292604502,0.218665594855305,0.04));
#3421=CARTESIAN_POINT('',(-0.524212218649518,0.218665594855305,0.04));
#3422=CARTESIAN_POINT('',(-0.504405144694534,0.218665594855305,0.04));
#3423=CARTESIAN_POINT('',(-0.48459807073955,0.218665594855305,0.04));
#3424=CARTESIAN_POINT('',(-0.48459807073955,0.218665594855305,0.04));
#3425=CARTESIAN_POINT('',(-0.48459807073955,0.218665594855305,0.04));
#3426=CARTESIAN_POINT('',(-0.48459807073955,0.218665594855305,0.04));
#3427=CARTESIAN_POINT('',(-0.48459807073955,0.218665594855305,0.04));
#3428=CARTESIAN_POINT('',(-0.48459807073955,0.105975348338692,0.04));
#3429=CARTESIAN_POINT('',(-0.48459807073955,-0.00671489817792074,0.04));
#3430=CARTESIAN_POINT('',(-0.48459807073955,-0.119405144694534,0.04));
#3431=CARTESIAN_POINT('',(-0.48459807073955,-0.119405144694534,0.04));
#3432=CARTESIAN_POINT('',(-0.48459807073955,-0.119405144694534,0.04));
#3433=CARTESIAN_POINT('',(-0.48459807073955,-0.119405144694534,0.04));
#3434=CARTESIAN_POINT('',(-0.48459807073955,-0.119405144694534,0.04));
#3435=CARTESIAN_POINT('',(-0.4989281886388,-0.119405144694534,0.04));
#3436=CARTESIAN_POINT('',(-0.513258306538049,-0.119405144694534,0.04));
#3437=CARTESIAN_POINT('',(-0.527588424437299,-0.119405144694534,0.04));
#3438=CARTESIAN_POINT('',(-0.527588424437299,-0.119405144694534,0.04));
#3439=CARTESIAN_POINT('',(-0.527588424437299,-0.119405144694534,0.04));
#3440=CARTESIAN_POINT('',(-0.527588424437299,-0.119405144694534,0.04));
#3441=CARTESIAN_POINT('',(-0.527588424437299,-0.119405144694534,0.04));
#3442=CARTESIAN_POINT('',(-0.527588424437299,-0.02494640943194,0.04));
#3443=CARTESIAN_POINT('',(-0.527588424437299,0.0695123258306538,0.04));
#3444=CARTESIAN_POINT('',(-0.527588424437299,0.163971061093248,0.04));
#3445=CARTESIAN_POINT('',(-0.527588424437299,0.163971061093248,0.04));
#3446=CARTESIAN_POINT('',(-0.527588424437299,0.163971061093248,0.04));
#3447=CARTESIAN_POINT('',(-0.527588424437299,0.163971061093248,0.04));
#3448=CARTESIAN_POINT('',(-0.527588424437299,0.163971061093248,0.04));
#3449=CARTESIAN_POINT('',(-0.560675241157556,0.0695123258306538,0.04));
#3450=CARTESIAN_POINT('',(-0.593762057877814,-0.02494640943194,0.04));
#3451=CARTESIAN_POINT('',(-0.626848874598071,-0.119405144694534,0.04));
#3452=CARTESIAN_POINT('',(-0.626848874598071,-0.119405144694534,0.04));
#3453=CARTESIAN_POINT('',(-0.626848874598071,-0.119405144694534,0.04));
#3454=CARTESIAN_POINT('',(-0.626848874598071,-0.119405144694534,0.04));
#3455=CARTESIAN_POINT('',(-0.626848874598071,-0.119405144694534,0.04));
#3456=CARTESIAN_POINT('',(-0.64005359056806,-0.119405144694534,0.04));
#3457=CARTESIAN_POINT('',(-0.653258306538049,-0.119405144694534,0.04));
#3458=CARTESIAN_POINT('',(-0.666463022508039,-0.119405144694534,0.04));
#3459=CARTESIAN_POINT('',(-0.666463022508039,-0.119405144694534,0.04));
#3460=CARTESIAN_POINT('',(-0.666463022508039,-0.119405144694534,0.04));
#3461=CARTESIAN_POINT('',(-0.666463022508039,-0.119405144694534,0.04));
#3462=CARTESIAN_POINT('',(-0.666463022508039,-0.119405144694534,0.04));
#3463=CARTESIAN_POINT('',(-0.699024651661308,-0.0233708467309754,0.04));
#3464=CARTESIAN_POINT('',(-0.731586280814577,0.072663451232583,0.04));
#3465=CARTESIAN_POINT('',(-0.764147909967846,0.168697749196141,0.04));
#3466=CARTESIAN_POINT('',(-0.764147909967846,0.168697749196141,0.04));
#3467=CARTESIAN_POINT('',(-0.764147909967846,0.168697749196141,0.04));
#3468=CARTESIAN_POINT('',(-0.764147909967846,0.168697749196141,0.04));
#3469=CARTESIAN_POINT('',(-0.764147909967846,0.168697749196141,0.04));
#3470=CARTESIAN_POINT('',(-0.764147909967846,0.0726634512325831,0.04));
#3471=CARTESIAN_POINT('',(-0.764147909967846,-0.0233708467309754,0.04));
#3472=CARTESIAN_POINT('',(-0.764147909967846,-0.119405144694534,0.04));
#3473=CARTESIAN_POINT('',(-0.691716275306887,0.0740347267108865,0.04));
#3474=CARTESIAN_POINT('',(-0.248713826366559,-0.119405144694534,0.04));
#3475=CARTESIAN_POINT('',(-0.248713826366559,-0.119405144694534,0.05));
#3476=CARTESIAN_POINT('',(-0.253215434083601,-0.110852090032154,0.04));
#3477=CARTESIAN_POINT('',(-0.253215434083601,-0.110852090032154,0.05));
#3478=CARTESIAN_POINT('',(-0.256141479099678,-0.100498392282958,0.04));
#3479=CARTESIAN_POINT('',(-0.256141479099678,-0.100498392282958,0.05));
#3480=CARTESIAN_POINT('',(-0.257491961414791,-0.0885691318327975,0.04));
#3481=CARTESIAN_POINT('',(-0.257491961414791,-0.0885691318327975,0.05));
#3482=CARTESIAN_POINT('',(-0.248713826366559,-0.119405144694534,0.04));
#3483=CARTESIAN_POINT('',(-0.248713826366559,-0.119405144694534,0.04));
#3484=CARTESIAN_POINT('',(-0.248713826366559,-0.119405144694534,0.04));
#3485=CARTESIAN_POINT('',(-0.253215434083601,-0.110852090032154,0.04));
#3486=CARTESIAN_POINT('',(-0.256141479099678,-0.100498392282958,0.04));
#3487=CARTESIAN_POINT('',(-0.257491961414791,-0.0885691318327975,0.04));
#3488=CARTESIAN_POINT('',(-0.257491961414791,-0.0885691318327975,0.04));
#3489=CARTESIAN_POINT('',(-0.257491961414791,-0.0885691318327975,0.04));
#3490=CARTESIAN_POINT('',(-0.257491961414791,-0.0885691318327975,0.04));
#3491=CARTESIAN_POINT('',(-0.257491961414791,-0.0885691318327975,0.05));
#3492=CARTESIAN_POINT('',(-0.288341816187987,-0.116147032311867,0.04));
#3493=CARTESIAN_POINT('',(-0.288341816187987,-0.116147032311867,0.05));
#3494=CARTESIAN_POINT('',(-0.36545393430439,-0.14524731882206,0.04));
#3495=CARTESIAN_POINT('',(-0.36545393430439,-0.14524731882206,0.05));
#3496=CARTESIAN_POINT('',(-0.460771283107191,-0.0633265209606104,0.04));
#3497=CARTESIAN_POINT('',(-0.460771283107191,-0.0633265209606104,0.05));
#3498=CARTESIAN_POINT('',(-0.37907762396244,0.0342298034892708,0.04));
#3499=CARTESIAN_POINT('',(-0.37907762396244,0.0342298034892708,0.05));
#3500=CARTESIAN_POINT('',(-0.282871637405553,0.0280258621576401,0.04));
#3501=CARTESIAN_POINT('',(-0.282871637405553,0.0280258621576401,0.05));
#3502=CARTESIAN_POINT('',(-0.260192926045016,0.0361254019292605,0.04));
#3503=CARTESIAN_POINT('',(-0.260192926045016,0.0361254019292605,0.05));
#3504=CARTESIAN_POINT('',(-0.257491961414791,-0.0885691318327975,0.04));
#3505=CARTESIAN_POINT('',(-0.272347266881029,-0.101848874598071,0.04));
#3506=CARTESIAN_POINT('',(-0.286977491961415,-0.111302250803859,0.04));
#3507=CARTESIAN_POINT('',(-0.301382636655948,-0.116929260450161,0.04));
#3508=CARTESIAN_POINT('',(-0.315516216453678,-0.122450190058649,0.04));
#3509=CARTESIAN_POINT('',(-0.330868167202572,-0.125032154340836,0.04));
#3510=CARTESIAN_POINT('',(-0.374308681672026,-0.125032154340836,0.04));
#3511=CARTESIAN_POINT('',(-0.395016077170418,-0.118504823151125,0.04));
#3512=CARTESIAN_POINT('',(-0.409646302250804,-0.105225080385852,0.04));
#3513=CARTESIAN_POINT('',(-0.424041107150815,-0.0921590267073805,0.04));
#3514=CARTESIAN_POINT('',(-0.431479099678457,-0.0755144694533762,0.04));
#3515=CARTESIAN_POINT('',(-0.431479099678457,-0.0428778135048232,0.04));
#3516=CARTESIAN_POINT('',(-0.428553054662379,-0.0318488745980708,0.04));
#3517=CARTESIAN_POINT('',(-0.417749196141479,-0.0120418006430868,0.04));
#3518=CARTESIAN_POINT('',(-0.410546623794212,-0.00416398713826369,0.04));
#3519=CARTESIAN_POINT('',(-0.401543408360129,0.00191318327974273,0.04));
#3520=CARTESIAN_POINT('',(-0.392799194829902,0.00781552741264553,0.04));
#3521=CARTESIAN_POINT('',(-0.382636655948553,0.012491961414791,0.04));
#3522=CARTESIAN_POINT('',(-0.371607717041801,0.0156430868167203,0.04));
#3523=CARTESIAN_POINT('',(-0.36358126554632,0.0179363586725718,0.04));
#3524=CARTESIAN_POINT('',(-0.35112540192926,0.0196945337620579,0.04));
#3525=CARTESIAN_POINT('',(-0.334469453376206,0.0217202572347267,0.04));
#3526=CARTESIAN_POINT('',(-0.300935756703257,0.0257986798030583,0.04));
#3527=CARTESIAN_POINT('',(-0.275948553054662,0.0304983922829582,0.04));
#3528=CARTESIAN_POINT('',(-0.260192926045016,0.0361254019292605,0.04));
#3529=CARTESIAN_POINT('',(-0.260192926045016,0.0361254019292605,0.04));
#3530=CARTESIAN_POINT('',(-0.260192926045016,0.0361254019292605,0.04));
#3531=CARTESIAN_POINT('',(-0.260192926045016,0.0361254019292605,0.04));
#3532=CARTESIAN_POINT('',(-0.260192926045016,0.0361254019292605,0.05));
#3533=CARTESIAN_POINT('',(-0.258949963752074,0.0671994592527817,0.04));
#3534=CARTESIAN_POINT('',(-0.258949963752074,0.0671994592527817,0.05));
#3535=CARTESIAN_POINT('',(-0.26153914087352,0.0602083222013182,0.04));
#3536=CARTESIAN_POINT('',(-0.26153914087352,0.0602083222013182,0.05));
#3537=CARTESIAN_POINT('',(-0.270642817571173,0.0917616240642753,0.04));
#3538=CARTESIAN_POINT('',(-0.270642817571173,0.0917616240642753,0.05));
#3539=CARTESIAN_POINT('',(-0.310153231603682,0.0995217413260681,0.04));
#3540=CARTESIAN_POINT('',(-0.310153231603682,0.0995217413260681,0.05));
#3541=CARTESIAN_POINT('',(-0.365593579035785,0.0940790368757099,0.04));
#3542=CARTESIAN_POINT('',(-0.365593579035785,0.0940790368757099,0.05));
#3543=CARTESIAN_POINT('',(-0.378123769220676,0.0696382794971831,0.04));
#3544=CARTESIAN_POINT('',(-0.378123769220676,0.0696382794971831,0.05));
#3545=CARTESIAN_POINT('',(-0.383086816720257,0.0505305466237942,0.04));
#3546=CARTESIAN_POINT('',(-0.383086816720257,0.0505305466237942,0.05));
#3547=CARTESIAN_POINT('',(-0.260192926045016,0.0361254019292605,0.04));
#3548=CARTESIAN_POINT('',(-0.259967845659164,0.0417524115755627,0.04));
#3549=CARTESIAN_POINT('',(-0.259967845659164,0.0455787781350482,0.04));
#3550=CARTESIAN_POINT('',(-0.259967845659164,0.0640353697749196,0.04));
#3551=CARTESIAN_POINT('',(-0.26379421221865,0.0759646302250804,0.04));
#3552=CARTESIAN_POINT('',(-0.271672025723473,0.0831672025723473,0.04));
#3553=CARTESIAN_POINT('',(-0.282141916593156,0.0927396742246285,0.04));
#3554=CARTESIAN_POINT('',(-0.298231511254019,0.0971221864951768,0.04));
#3555=CARTESIAN_POINT('',(-0.319163987138264,0.097347266881029,0.04));
#3556=CARTESIAN_POINT('',(-0.338516242588703,0.0975553556493133,0.04));
#3557=CARTESIAN_POINT('',(-0.352926045016077,0.0937459807073955,0.04));
#3558=CARTESIAN_POINT('',(-0.362379421221865,0.0869935691318328,0.04));
#3559=CARTESIAN_POINT('',(-0.371790214651951,0.0802715738246284,0.04));
#3560=CARTESIAN_POINT('',(-0.378585209003215,0.0678617363344051,0.04));
#3561=CARTESIAN_POINT('',(-0.383086816720257,0.0505305466237942,0.04));
#3562=CARTESIAN_POINT('',(-0.383086816720257,0.0505305466237942,0.04));
#3563=CARTESIAN_POINT('',(-0.383086816720257,0.0505305466237942,0.04));
#3564=CARTESIAN_POINT('',(-0.383086816720257,0.0505305466237942,0.04));
#3565=CARTESIAN_POINT('',(-0.383086816720257,0.0505305466237942,0.04));
#3566=CARTESIAN_POINT('',(-0.396816720257235,0.0523311897106109,0.04));
#3567=CARTESIAN_POINT('',(-0.410546623794212,0.0541318327974276,0.04));
#3568=CARTESIAN_POINT('',(-0.42427652733119,0.0559324758842444,0.04));
#3569=CARTESIAN_POINT('',(-0.42427652733119,0.0559324758842444,0.04));
#3570=CARTESIAN_POINT('',(-0.42427652733119,0.0559324758842444,0.04));
#3571=CARTESIAN_POINT('',(-0.42427652733119,0.0559324758842444,0.04));
#3572=CARTESIAN_POINT('',(-0.42427652733119,0.0559324758842444,0.05));
#3573=CARTESIAN_POINT('',(-0.406211415199644,0.142870828017308,0.04));
#3574=CARTESIAN_POINT('',(-0.406211415199644,0.142870828017308,0.05));
#3575=CARTESIAN_POINT('',(-0.2089197116542,0.166463398175577,0.04));
#3576=CARTESIAN_POINT('',(-0.2089197116542,0.166463398175577,0.05));
#3577=CARTESIAN_POINT('',(-0.218131319810545,-0.00770400835677741,0.04));
#3578=CARTESIAN_POINT('',(-0.218131319810545,-0.00770400835677741,0.05));
#3579=CARTESIAN_POINT('',(-0.224424063296054,-0.0849735119719421,0.04));
#3580=CARTESIAN_POINT('',(-0.224424063296054,-0.0849735119719421,0.05));
#3581=CARTESIAN_POINT('',(-0.205948553054662,-0.119405144694534,0.04));
#3582=CARTESIAN_POINT('',(-0.205948553054662,-0.119405144694534,0.05));
#3583=CARTESIAN_POINT('',(-0.42427652733119,0.0559324758842444,0.04));
#3584=CARTESIAN_POINT('',(-0.420675241157556,0.0732636655948553,0.04));
#3585=CARTESIAN_POINT('',(-0.41459807073955,0.0872186495176849,0.04));
#3586=CARTESIAN_POINT('',(-0.406045016077171,0.0980225080385852,0.04));
#3587=CARTESIAN_POINT('',(-0.39760149893448,0.108688003376721,0.04));
#3588=CARTESIAN_POINT('',(-0.385337620578778,0.116929260450161,0.04));
#3589=CARTESIAN_POINT('',(-0.36935691318328,0.122781350482315,0.04));
#3590=CARTESIAN_POINT('',(-0.353250417466494,0.128679503843391,0.04));
#3591=CARTESIAN_POINT('',(-0.334694533762058,0.131334405144695,0.04));
#3592=CARTESIAN_POINT('',(-0.292604501607717,0.131334405144695,0.04));
#3593=CARTESIAN_POINT('',(-0.27572347266881,0.128858520900322,0.04));
#3594=CARTESIAN_POINT('',(-0.262443729903537,0.123906752411576,0.04));
#3595=CARTESIAN_POINT('',(-0.249361592390004,0.119028667237038,0.04));
#3596=CARTESIAN_POINT('',(-0.239710610932476,0.112877813504823,0.04));
#3597=CARTESIAN_POINT('',(-0.227556270096463,0.0980225080385852,0.04));
#3598=CARTESIAN_POINT('',(-0.223279742765273,0.0885691318327974,0.04));
#3599=CARTESIAN_POINT('',(-0.2208038585209,0.0773151125401929,0.04));
#3600=CARTESIAN_POINT('',(-0.219219708243215,0.0701144294598047,0.04));
#3601=CARTESIAN_POINT('',(-0.218553054662379,0.0572829581993569,0.04));
#3602=CARTESIAN_POINT('',(-0.218553054662379,0.0388263665594856,0.04));
#3603=CARTESIAN_POINT('',(-0.218553054662379,0.0202947481243301,0.04));
#3604=CARTESIAN_POINT('',(-0.218553054662379,0.00176312968917469,0.04));
#3605=CARTESIAN_POINT('',(-0.218553054662379,-0.0167684887459807,0.04));
#3606=CARTESIAN_POINT('',(-0.218553054662379,-0.0554823151125402,0.04));
#3607=CARTESIAN_POINT('',(-0.217652733118971,-0.0797909967845659,0.04));
#3608=CARTESIAN_POINT('',(-0.216077170418006,-0.0901446945337621,0.04));
#3609=CARTESIAN_POINT('',(-0.214529989677937,-0.10031188225422,0.04));
#3610=CARTESIAN_POINT('',(-0.210900321543408,-0.110176848874598,0.04));
#3611=CARTESIAN_POINT('',(-0.205948553054662,-0.119405144694534,0.04));
#3612=CARTESIAN_POINT('',(-0.205948553054662,-0.119405144694534,0.04));
#3613=CARTESIAN_POINT('',(-0.205948553054662,-0.119405144694534,0.04));
#3614=CARTESIAN_POINT('',(-0.374308681672026,-0.0813665594855306,0.04));
#3615=CARTESIAN_POINT('',(-0.374308681672026,-0.0813665594855306,0.05));
#3616=CARTESIAN_POINT('',(-0.354506595093677,-0.0984926884181566,0.04));
#3617=CARTESIAN_POINT('',(-0.354506595093677,-0.0984926884181566,0.05));
#3618=CARTESIAN_POINT('',(-0.269058994281477,-0.0937705868144925,0.04));
#3619=CARTESIAN_POINT('',(-0.269058994281477,-0.0937705868144925,0.05));
#3620=CARTESIAN_POINT('',(-0.260420841924443,-0.0268620037929741,0.04));
#3621=CARTESIAN_POINT('',(-0.260420841924443,-0.0268620037929741,0.05));
#3622=CARTESIAN_POINT('',(-0.259967845659164,0.00348874598070736,0.04));
#3623=CARTESIAN_POINT('',(-0.259967845659164,0.00348874598070736,0.05));
#3624=CARTESIAN_POINT('',(-0.374308681672026,-0.0813665594855306,0.05));
#3625=CARTESIAN_POINT('',(-0.365740577756936,-0.0887768115202029,0.05));
#3626=CARTESIAN_POINT('',(-0.353601286173634,-0.0926205787781351,0.05));
#3627=CARTESIAN_POINT('',(-0.337395498392283,-0.092395498392283,0.05));
#3628=CARTESIAN_POINT('',(-0.321195961638042,-0.0921705048262519,0.05));
#3629=CARTESIAN_POINT('',(-0.307009646302251,-0.0890192926045016,0.05));
#3630=CARTESIAN_POINT('',(-0.294405144694534,-0.0820418006430868,0.05));
#3631=CARTESIAN_POINT('',(-0.281972928195441,-0.0751596807953746,0.05));
#3632=CARTESIAN_POINT('',(-0.272797427652733,-0.0653858520900322,0.05));
#3633=CARTESIAN_POINT('',(-0.266945337620579,-0.0532315112540193,0.05));
#3634=CARTESIAN_POINT('',(-0.262491102056016,-0.0439804066199272,0.05));
#3635=CARTESIAN_POINT('',(-0.260192926045016,-0.030048231511254,0.05));
#3636=CARTESIAN_POINT('',(-0.260192926045016,-0.0115916398713827,0.05));
#3637=CARTESIAN_POINT('',(-0.260192926045016,-0.00656484458735267,0.05));
#3638=CARTESIAN_POINT('',(-0.260042872454448,-0.00153804930332264,0.05));
#3639=CARTESIAN_POINT('',(-0.259967845659164,0.00348874598070736,0.05));
#3640=CARTESIAN_POINT('',(-0.374308681672026,-0.0813665594855306,0.05));
#3641=CARTESIAN_POINT('',(-0.259967845659164,0.00348874598070736,0.05));
#3642=CARTESIAN_POINT('',(-0.374308681672026,-0.0813665594855306,0.04));
#3643=CARTESIAN_POINT('',(-0.374308681672026,-0.0813665594855306,0.04));
#3644=CARTESIAN_POINT('',(-0.374308681672026,-0.0813665594855306,0.04));
#3645=CARTESIAN_POINT('',(-0.365740577756936,-0.0887768115202029,0.04));
#3646=CARTESIAN_POINT('',(-0.353601286173634,-0.0926205787781351,0.04));
#3647=CARTESIAN_POINT('',(-0.337395498392283,-0.092395498392283,0.04));
#3648=CARTESIAN_POINT('',(-0.321195961638042,-0.0921705048262519,0.04));
#3649=CARTESIAN_POINT('',(-0.307009646302251,-0.0890192926045016,0.04));
#3650=CARTESIAN_POINT('',(-0.294405144694534,-0.0820418006430868,0.04));
#3651=CARTESIAN_POINT('',(-0.281972928195441,-0.0751596807953746,0.04));
#3652=CARTESIAN_POINT('',(-0.272797427652733,-0.0653858520900322,0.04));
#3653=CARTESIAN_POINT('',(-0.266945337620579,-0.0532315112540193,0.04));
#3654=CARTESIAN_POINT('',(-0.262491102056016,-0.0439804066199272,0.04));
#3655=CARTESIAN_POINT('',(-0.260192926045016,-0.030048231511254,0.04));
#3656=CARTESIAN_POINT('',(-0.260192926045016,-0.0115916398713827,0.04));
#3657=CARTESIAN_POINT('',(-0.260192926045016,-0.00656484458735267,0.04));
#3658=CARTESIAN_POINT('',(-0.260042872454448,-0.00153804930332264,0.04));
#3659=CARTESIAN_POINT('',(-0.259967845659164,0.00348874598070736,0.04));
#3660=CARTESIAN_POINT('',(-0.259967845659164,0.00348874598070736,0.04));
#3661=CARTESIAN_POINT('',(-0.259967845659164,0.00348874598070736,0.04));
#3662=CARTESIAN_POINT('',(-0.259967845659164,0.00348874598070736,0.04));
#3663=CARTESIAN_POINT('',(-0.259967845659164,0.00348874598070736,0.05));
#3664=CARTESIAN_POINT('',(-0.279501626835918,-0.00438307628455172,0.04));
#3665=CARTESIAN_POINT('',(-0.279501626835918,-0.00438307628455172,0.05));
#3666=CARTESIAN_POINT('',(-0.365226132354402,-0.000273564262335504,0.04));
#3667=CARTESIAN_POINT('',(-0.365226132354402,-0.000273564262335504,0.05));
#3668=CARTESIAN_POINT('',(-0.397972009889571,-0.0609009783244101,0.04));
#3669=CARTESIAN_POINT('',(-0.397972009889571,-0.0609009783244101,0.05));
#3670=CARTESIAN_POINT('',(-0.374308681672026,-0.0813665594855306,0.04));
#3671=CARTESIAN_POINT('',(-0.374308681672026,-0.0813665594855306,0.05));
#3672=CARTESIAN_POINT('',(-0.259967845659164,0.00348874598070736,0.05));
#3673=CARTESIAN_POINT('',(-0.275048231511254,-0.00258842443729906,0.05));
#3674=CARTESIAN_POINT('',(-0.297781350482315,-0.00776527331189714,0.05));
#3675=CARTESIAN_POINT('',(-0.328167202572347,-0.0120418006430868,0.05));
#3676=CARTESIAN_POINT('',(-0.345282745751651,-0.0144506548683222,0.05));
#3677=CARTESIAN_POINT('',(-0.357427652733119,-0.017443729903537,0.05));
#3678=CARTESIAN_POINT('',(-0.364630225080386,-0.0203697749196141,0.05));
#3679=CARTESIAN_POINT('',(-0.371911283128,-0.0233277047514574,0.05));
#3680=CARTESIAN_POINT('',(-0.377234726688103,-0.0280225080385852,0.05));
#3681=CARTESIAN_POINT('',(-0.381061093247589,-0.0338745980707395,0.05));
#3682=CARTESIAN_POINT('',(-0.385057961114906,-0.0399874548089898,0.05));
#3683=CARTESIAN_POINT('',(-0.386913183279743,-0.0464790996784566,0.05));
#3684=CARTESIAN_POINT('',(-0.386913183279743,-0.064935691318328,0.05));
#3685=CARTESIAN_POINT('',(-0.382636655948553,-0.0741639871382637,0.05));
#3686=CARTESIAN_POINT('',(-0.374308681672026,-0.0813665594855306,0.05));
#3687=CARTESIAN_POINT('',(-0.259967845659164,0.00348874598070736,0.04));
#3688=CARTESIAN_POINT('',(-0.275048231511254,-0.00258842443729906,0.04));
#3689=CARTESIAN_POINT('',(-0.297781350482315,-0.00776527331189714,0.04));
#3690=CARTESIAN_POINT('',(-0.328167202572347,-0.0120418006430868,0.04));
#3691=CARTESIAN_POINT('',(-0.345282745751651,-0.0144506548683222,0.04));
#3692=CARTESIAN_POINT('',(-0.357427652733119,-0.017443729903537,0.04));
#3693=CARTESIAN_POINT('',(-0.364630225080386,-0.0203697749196141,0.04));
#3694=CARTESIAN_POINT('',(-0.371911283128,-0.0233277047514574,0.04));
#3695=CARTESIAN_POINT('',(-0.377234726688103,-0.0280225080385852,0.04));
#3696=CARTESIAN_POINT('',(-0.381061093247589,-0.0338745980707395,0.04));
#3697=CARTESIAN_POINT('',(-0.385057961114906,-0.0399874548089898,0.04));
#3698=CARTESIAN_POINT('',(-0.386913183279743,-0.0464790996784566,0.04));
#3699=CARTESIAN_POINT('',(-0.386913183279743,-0.064935691318328,0.04));
#3700=CARTESIAN_POINT('',(-0.382636655948553,-0.0741639871382637,0.04));
#3701=CARTESIAN_POINT('',(-0.374308681672026,-0.0813665594855306,0.04));
#3702=CARTESIAN_POINT('',(-0.205948553054662,-0.119405144694534,0.04));
#3703=CARTESIAN_POINT('',(-0.205948553054662,-0.119405144694534,0.04));
#3704=CARTESIAN_POINT('',(-0.220203644158628,-0.119405144694534,0.04));
#3705=CARTESIAN_POINT('',(-0.234458735262594,-0.119405144694534,0.04));
#3706=CARTESIAN_POINT('',(-0.248713826366559,-0.119405144694534,0.04));
#3707=CARTESIAN_POINT('',(-0.254284565916399,-0.105253215434084,0.04));
#3708=CARTESIAN_POINT('',(0.,0.,0.05));
#3709=CARTESIAN_POINT('',(-0.113890675241158,-0.119405144694534,0.04));
#3710=CARTESIAN_POINT('',(-0.113890675241158,-0.119405144694534,0.04));
#3711=CARTESIAN_POINT('',(-0.113890675241158,-0.119405144694534,0.04));
#3712=CARTESIAN_POINT('',(-0.113890675241158,-0.119405144694534,0.04));
#3713=CARTESIAN_POINT('',(-0.127620578778135,-0.119405144694534,0.04));
#3714=CARTESIAN_POINT('',(-0.141350482315113,-0.119405144694534,0.04));
#3715=CARTESIAN_POINT('',(-0.15508038585209,-0.119405144694534,0.04));
#3716=CARTESIAN_POINT('',(-0.15508038585209,-0.119405144694534,0.04));
#3717=CARTESIAN_POINT('',(-0.15508038585209,-0.119405144694534,0.04));
#3718=CARTESIAN_POINT('',(-0.15508038585209,-0.119405144694534,0.04));
#3719=CARTESIAN_POINT('',(-0.15508038585209,-0.119405144694534,0.04));
#3720=CARTESIAN_POINT('',(-0.15508038585209,-0.0376259378349411,0.04));
#3721=CARTESIAN_POINT('',(-0.15508038585209,0.0441532690246516,0.04));
#3722=CARTESIAN_POINT('',(-0.15508038585209,0.125932475884244,0.04));
#3723=CARTESIAN_POINT('',(-0.15508038585209,0.125932475884244,0.04));
#3724=CARTESIAN_POINT('',(-0.15508038585209,0.125932475884244,0.04));
#3725=CARTESIAN_POINT('',(-0.15508038585209,0.125932475884244,0.04));
#3726=CARTESIAN_POINT('',(-0.15508038585209,0.125932475884244,0.04));
#3727=CARTESIAN_POINT('',(-0.142625937834941,0.125932475884244,0.04));
#3728=CARTESIAN_POINT('',(-0.130171489817792,0.125932475884244,0.04));
#3729=CARTESIAN_POINT('',(-0.117717041800643,0.125932475884244,0.04));
#3730=CARTESIAN_POINT('',(-0.117717041800643,0.125932475884244,0.04));
#3731=CARTESIAN_POINT('',(-0.117717041800643,0.125932475884244,0.04));
#3732=CARTESIAN_POINT('',(-0.117717041800643,0.125932475884244,0.04));
#3733=CARTESIAN_POINT('',(-0.117717041800643,0.125932475884244,0.04));
#3734=CARTESIAN_POINT('',(-0.117717041800643,0.113553054662379,0.04));
#3735=CARTESIAN_POINT('',(-0.117717041800643,0.101173633440514,0.04));
#3736=CARTESIAN_POINT('',(-0.117717041800643,0.0887942122186495,0.04));
#3737=CARTESIAN_POINT('',(-0.117717041800643,0.0887942122186495,0.04));
#3738=CARTESIAN_POINT('',(-0.117717041800643,0.0887942122186495,0.04));
#3739=CARTESIAN_POINT('',(-0.117717041800643,0.0887942122186495,0.04));
#3740=CARTESIAN_POINT('',(-0.117717041800643,0.0887942122186495,0.05));
#3741=CARTESIAN_POINT('',(-0.0923514567757771,0.135297784764238,0.04));
#3742=CARTESIAN_POINT('',(-0.0923514567757771,0.135297784764238,0.05));
#3743=CARTESIAN_POINT('',(-0.0613253859196759,0.141527106916743,0.04));
#3744=CARTESIAN_POINT('',(-0.0613253859196759,0.141527106916743,0.05));
#3745=CARTESIAN_POINT('',(-0.0234083601286174,0.118054662379421,0.04));
#3746=CARTESIAN_POINT('',(-0.0234083601286174,0.118054662379421,0.05));
#3747=CARTESIAN_POINT('',(-0.117717041800643,0.0887942122186495,0.04));
#3748=CARTESIAN_POINT('',(-0.108263665594855,0.10612540192926,0.04));
#3749=CARTESIAN_POINT('',(-0.0997106109324759,0.117604501607717,0.04));
#3750=CARTESIAN_POINT('',(-0.0918327974276528,0.123006430868167,0.04));
#3751=CARTESIAN_POINT('',(-0.0836969100767528,0.128585325051642,0.04));
#3752=CARTESIAN_POINT('',(-0.0749517684887462,0.131334405144695,0.04));
#3753=CARTESIAN_POINT('',(-0.0515434083601288,0.131334405144695,0.04));
#3754=CARTESIAN_POINT('',(-0.0375884244372992,0.126832797427653,0.04));
#3755=CARTESIAN_POINT('',(-0.0234083601286174,0.118054662379421,0.04));
#3756=CARTESIAN_POINT('',(-0.0234083601286174,0.118054662379421,0.04));
#3757=CARTESIAN_POINT('',(-0.0234083601286174,0.118054662379421,0.04));
#3758=CARTESIAN_POINT('',(-0.0234083601286174,0.118054662379421,0.04));
#3759=CARTESIAN_POINT('',(-0.0234083601286174,0.118054662379421,0.04));
#3760=CARTESIAN_POINT('',(-0.0282100750267953,0.10537513397642,0.04));
#3761=CARTESIAN_POINT('',(-0.0330117899249733,0.092695605573419,0.04));
#3762=CARTESIAN_POINT('',(-0.0378135048231512,0.080016077170418,0.04));
#3763=CARTESIAN_POINT('',(-0.0378135048231512,0.080016077170418,0.04));
#3764=CARTESIAN_POINT('',(-0.0378135048231512,0.080016077170418,0.04));
#3765=CARTESIAN_POINT('',(-0.0378135048231512,0.080016077170418,0.04));
#3766=CARTESIAN_POINT('',(-0.0378135048231512,0.080016077170418,0.05));
#3767=CARTESIAN_POINT('',(-0.0806615854672532,0.104361577536385,0.04));
#3768=CARTESIAN_POINT('',(-0.0806615854672532,0.104361577536385,0.05));
#3769=CARTESIAN_POINT('',(-0.130455791525368,0.00985914086554151,0.04));
#3770=CARTESIAN_POINT('',(-0.130455791525368,0.00985914086554151,0.05));
#3771=CARTESIAN_POINT('',(-0.113890675241158,-0.0756303358081626,0.04));
#3772=CARTESIAN_POINT('',(-0.113890675241158,-0.0756303358081626,0.05));
#3773=CARTESIAN_POINT('',(-0.113890675241158,-0.119405144694534,0.04));
#3774=CARTESIAN_POINT('',(-0.113890675241158,-0.119405144694534,0.05));
#3775=CARTESIAN_POINT('',(-0.0378135048231512,0.080016077170418,0.04));
#3776=CARTESIAN_POINT('',(-0.0477170418006431,0.0856430868167203,0.04));
#3777=CARTESIAN_POINT('',(-0.0578456591639871,0.0885691318327974,0.04));
#3778=CARTESIAN_POINT('',(-0.0765273311897107,0.0885691318327974,0.04));
#3779=CARTESIAN_POINT('',(-0.0846302250803858,0.0858681672025723,0.04));
#3780=CARTESIAN_POINT('',(-0.0916077170418008,0.0802411575562701,0.04));
#3781=CARTESIAN_POINT('',(-0.0986116055680129,0.0745928603577121,0.04));
#3782=CARTESIAN_POINT('',(-0.103762057877814,0.0671864951768489,0.04));
#3783=CARTESIAN_POINT('',(-0.106913183279743,0.057508038585209,0.04));
#3784=CARTESIAN_POINT('',(-0.1117176864598,0.0427513502464643,0.04));
#3785=CARTESIAN_POINT('',(-0.113890675241158,0.0264469453376206,0.04));
#3786=CARTESIAN_POINT('',(-0.113890675241158,0.00889067524115756,0.04));
#3787=CARTESIAN_POINT('',(-0.113890675241158,-0.0338745980707396,0.04));
#3788=CARTESIAN_POINT('',(-0.113890675241158,-0.0766398713826367,0.04));
#3789=CARTESIAN_POINT('',(-0.113890675241158,-0.119405144694534,0.04));
#3790=CARTESIAN_POINT('',(-0.0790926013708068,0.12928361786294,0.04));
#3791=CARTESIAN_POINT('',(0.0438906752411574,-0.119405144694534,0.04));
#3792=CARTESIAN_POINT('',(0.0438906752411574,-0.119405144694534,0.04));
#3793=CARTESIAN_POINT('',(0.0438906752411574,-0.119405144694534,0.04));
#3794=CARTESIAN_POINT('',(0.0438906752411574,-0.119405144694534,0.04));
#3795=CARTESIAN_POINT('',(0.00247588424437282,-0.119405144694534,0.04));
#3796=CARTESIAN_POINT('',(0.00247588424437282,-0.119405144694534,0.04));
#3797=CARTESIAN_POINT('',(0.00247588424437282,-0.119405144694534,0.04));
#3798=CARTESIAN_POINT('',(0.00247588424437282,-0.119405144694534,0.04));
#3799=CARTESIAN_POINT('',(0.00247588424437282,-0.119405144694534,0.04));
#3800=CARTESIAN_POINT('',(0.00247588424437282,0.218665594855305,0.04));
#3801=CARTESIAN_POINT('',(0.00247588424437282,0.218665594855305,0.04));
#3802=CARTESIAN_POINT('',(0.00247588424437282,0.218665594855305,0.04));
#3803=CARTESIAN_POINT('',(0.00247588424437282,0.218665594855305,0.04));
#3804=CARTESIAN_POINT('',(0.00247588424437282,0.218665594855305,0.04));
#3805=CARTESIAN_POINT('',(0.0438906752411574,0.218665594855305,0.04));
#3806=CARTESIAN_POINT('',(0.0438906752411574,0.218665594855305,0.04));
#3807=CARTESIAN_POINT('',(0.0438906752411574,0.218665594855305,0.04));
#3808=CARTESIAN_POINT('',(0.0438906752411574,0.218665594855305,0.04));
#3809=CARTESIAN_POINT('',(0.0438906752411574,0.218665594855305,0.04));
#3810=CARTESIAN_POINT('',(0.0438906752411574,0.0264469453376206,0.04));
#3811=CARTESIAN_POINT('',(0.0438906752411574,0.0264469453376206,0.04));
#3812=CARTESIAN_POINT('',(0.0438906752411574,0.0264469453376206,0.04));
#3813=CARTESIAN_POINT('',(0.0438906752411574,0.0264469453376206,0.04));
#3814=CARTESIAN_POINT('',(0.0438906752411574,0.0264469453376206,0.04));
#3815=CARTESIAN_POINT('',(0.142700964630225,0.125932475884244,0.04));
#3816=CARTESIAN_POINT('',(0.142700964630225,0.125932475884244,0.04));
#3817=CARTESIAN_POINT('',(0.142700964630225,0.125932475884244,0.04));
#3818=CARTESIAN_POINT('',(0.142700964630225,0.125932475884244,0.04));
#3819=CARTESIAN_POINT('',(0.142700964630225,0.125932475884244,0.04));
#3820=CARTESIAN_POINT('',(0.196720257234727,0.125932475884244,0.04));
#3821=CARTESIAN_POINT('',(0.196720257234727,0.125932475884244,0.04));
#3822=CARTESIAN_POINT('',(0.196720257234727,0.125932475884244,0.04));
#3823=CARTESIAN_POINT('',(0.196720257234727,0.125932475884244,0.04));
#3824=CARTESIAN_POINT('',(0.196720257234727,0.125932475884244,0.04));
#3825=CARTESIAN_POINT('',(0.102636655948553,0.0345498392282958,0.04));
#3826=CARTESIAN_POINT('',(0.102636655948553,0.0345498392282958,0.04));
#3827=CARTESIAN_POINT('',(0.102636655948553,0.0345498392282958,0.04));
#3828=CARTESIAN_POINT('',(0.102636655948553,0.0345498392282958,0.04));
#3829=CARTESIAN_POINT('',(0.102636655948553,0.0345498392282958,0.04));
#3830=CARTESIAN_POINT('',(0.206173633440514,-0.119405144694534,0.04));
#3831=CARTESIAN_POINT('',(0.206173633440514,-0.119405144694534,0.04));
#3832=CARTESIAN_POINT('',(0.206173633440514,-0.119405144694534,0.04));
#3833=CARTESIAN_POINT('',(0.206173633440514,-0.119405144694534,0.04));
#3834=CARTESIAN_POINT('',(0.206173633440514,-0.119405144694534,0.04));
#3835=CARTESIAN_POINT('',(0.154855305466238,-0.119405144694534,0.04));
#3836=CARTESIAN_POINT('',(0.154855305466238,-0.119405144694534,0.04));
#3837=CARTESIAN_POINT('',(0.154855305466238,-0.119405144694534,0.04));
#3838=CARTESIAN_POINT('',(0.154855305466238,-0.119405144694534,0.04));
#3839=CARTESIAN_POINT('',(0.154855305466238,-0.119405144694534,0.04));
#3840=CARTESIAN_POINT('',(0.072700964630225,0.00551446945337619,0.04));
#3841=CARTESIAN_POINT('',(0.072700964630225,0.00551446945337619,0.04));
#3842=CARTESIAN_POINT('',(0.072700964630225,0.00551446945337619,0.04));
#3843=CARTESIAN_POINT('',(0.072700964630225,0.00551446945337619,0.04));
#3844=CARTESIAN_POINT('',(0.072700964630225,0.00551446945337619,0.04));
#3845=CARTESIAN_POINT('',(0.0438906752411574,-0.022395498392283,0.04));
#3846=CARTESIAN_POINT('',(0.0438906752411574,-0.022395498392283,0.04));
#3847=CARTESIAN_POINT('',(0.0438906752411574,-0.022395498392283,0.04));
#3848=CARTESIAN_POINT('',(0.0438906752411574,-0.022395498392283,0.04));
#3849=CARTESIAN_POINT('',(0.0438906752411574,-0.022395498392283,0.04));
#3850=CARTESIAN_POINT('',(0.0438906752411574,-0.119405144694534,0.04));
#3851=CARTESIAN_POINT('',(0.0231832797427652,-0.119405144694534,0.04));
#3852=CARTESIAN_POINT('',(0.280900321543408,0.171173633440514,0.04));
#3853=CARTESIAN_POINT('',(0.280900321543408,0.171173633440514,0.04));
#3854=CARTESIAN_POINT('',(0.280900321543408,0.171173633440514,0.04));
#3855=CARTESIAN_POINT('',(0.280900321543408,0.171173633440514,0.04));
#3856=CARTESIAN_POINT('',(0.239485530546624,0.171173633440514,0.04));
#3857=CARTESIAN_POINT('',(0.239485530546624,0.171173633440514,0.04));
#3858=CARTESIAN_POINT('',(0.239485530546624,0.171173633440514,0.04));
#3859=CARTESIAN_POINT('',(0.239485530546624,0.171173633440514,0.04));
#3860=CARTESIAN_POINT('',(0.239485530546624,0.171173633440514,0.04));
#3861=CARTESIAN_POINT('',(0.239485530546624,0.218665594855305,0.04));
#3862=CARTESIAN_POINT('',(0.239485530546624,0.218665594855305,0.04));
#3863=CARTESIAN_POINT('',(0.239485530546624,0.218665594855305,0.04));
#3864=CARTESIAN_POINT('',(0.239485530546624,0.218665594855305,0.04));
#3865=CARTESIAN_POINT('',(0.239485530546624,0.218665594855305,0.04));
#3866=CARTESIAN_POINT('',(0.280900321543408,0.218665594855305,0.04));
#3867=CARTESIAN_POINT('',(0.280900321543408,0.218665594855305,0.04));
#3868=CARTESIAN_POINT('',(0.280900321543408,0.218665594855305,0.04));
#3869=CARTESIAN_POINT('',(0.280900321543408,0.218665594855305,0.04));
#3870=CARTESIAN_POINT('',(0.280900321543408,0.218665594855305,0.04));
#3871=CARTESIAN_POINT('',(0.280900321543408,0.171173633440514,0.04));
#3872=CARTESIAN_POINT('',(0.260192926045016,0.171173633440514,0.04));
#3873=CARTESIAN_POINT('',(0.280900321543408,-0.119405144694534,0.04));
#3874=CARTESIAN_POINT('',(0.280900321543408,-0.119405144694534,0.04));
#3875=CARTESIAN_POINT('',(0.280900321543408,-0.119405144694534,0.04));
#3876=CARTESIAN_POINT('',(0.280900321543408,-0.119405144694534,0.04));
#3877=CARTESIAN_POINT('',(0.239485530546624,-0.119405144694534,0.04));
#3878=CARTESIAN_POINT('',(0.239485530546624,-0.119405144694534,0.04));
#3879=CARTESIAN_POINT('',(0.239485530546624,-0.119405144694534,0.04));
#3880=CARTESIAN_POINT('',(0.239485530546624,-0.119405144694534,0.04));
#3881=CARTESIAN_POINT('',(0.239485530546624,-0.119405144694534,0.04));
#3882=CARTESIAN_POINT('',(0.239485530546624,0.125932475884244,0.04));
#3883=CARTESIAN_POINT('',(0.239485530546624,0.125932475884244,0.04));
#3884=CARTESIAN_POINT('',(0.239485530546624,0.125932475884244,0.04));
#3885=CARTESIAN_POINT('',(0.239485530546624,0.125932475884244,0.04));
#3886=CARTESIAN_POINT('',(0.239485530546624,0.125932475884244,0.04));
#3887=CARTESIAN_POINT('',(0.280900321543408,0.125932475884244,0.04));
#3888=CARTESIAN_POINT('',(0.280900321543408,0.125932475884244,0.04));
#3889=CARTESIAN_POINT('',(0.280900321543408,0.125932475884244,0.04));
#3890=CARTESIAN_POINT('',(0.280900321543408,0.125932475884244,0.04));
#3891=CARTESIAN_POINT('',(0.280900321543408,0.125932475884244,0.04));
#3892=CARTESIAN_POINT('',(0.280900321543408,-0.119405144694534,0.04));
#3893=CARTESIAN_POINT('',(0.260192926045016,-0.119405144694534,0.04));
#3894=CARTESIAN_POINT('',(0.384887459807074,-0.119405144694534,0.04));
#3895=CARTESIAN_POINT('',(0.384887459807074,-0.119405144694534,0.04));
#3896=CARTESIAN_POINT('',(0.384887459807074,-0.119405144694534,0.04));
#3897=CARTESIAN_POINT('',(0.384887459807074,-0.119405144694534,0.04));
#3898=CARTESIAN_POINT('',(0.371082529474812,-0.119405144694534,0.04));
#3899=CARTESIAN_POINT('',(0.357277599142551,-0.119405144694534,0.04));
#3900=CARTESIAN_POINT('',(0.343472668810289,-0.119405144694534,0.04));
#3901=CARTESIAN_POINT('',(0.343472668810289,-0.119405144694534,0.04));
#3902=CARTESIAN_POINT('',(0.343472668810289,-0.119405144694534,0.04));
#3903=CARTESIAN_POINT('',(0.343472668810289,-0.119405144694534,0.04));
#3904=CARTESIAN_POINT('',(0.343472668810289,-0.119405144694534,0.04));
#3905=CARTESIAN_POINT('',(0.343472668810289,-0.0376259378349411,0.04));
#3906=CARTESIAN_POINT('',(0.343472668810289,0.0441532690246516,0.04));
#3907=CARTESIAN_POINT('',(0.343472668810289,0.125932475884244,0.04));
#3908=CARTESIAN_POINT('',(0.343472668810289,0.125932475884244,0.04));
#3909=CARTESIAN_POINT('',(0.343472668810289,0.125932475884244,0.04));
#3910=CARTESIAN_POINT('',(0.343472668810289,0.125932475884244,0.04));
#3911=CARTESIAN_POINT('',(0.343472668810289,0.125932475884244,0.04));
#3912=CARTESIAN_POINT('',(0.355927116827439,0.125932475884244,0.04));
#3913=CARTESIAN_POINT('',(0.368381564844587,0.125932475884244,0.04));
#3914=CARTESIAN_POINT('',(0.380836012861736,0.125932475884244,0.04));
#3915=CARTESIAN_POINT('',(0.380836012861736,0.125932475884244,0.04));
#3916=CARTESIAN_POINT('',(0.380836012861736,0.125932475884244,0.04));
#3917=CARTESIAN_POINT('',(0.380836012861736,0.125932475884244,0.04));
#3918=CARTESIAN_POINT('',(0.380836012861736,0.125932475884244,0.04));
#3919=CARTESIAN_POINT('',(0.380836012861736,0.11430332261522,0.04));
#3920=CARTESIAN_POINT('',(0.380836012861736,0.102674169346195,0.04));
#3921=CARTESIAN_POINT('',(0.380836012861736,0.0910450160771704,0.04));
#3922=CARTESIAN_POINT('',(0.380836012861736,0.0910450160771704,0.04));
#3923=CARTESIAN_POINT('',(0.380836012861736,0.0910450160771704,0.04));
#3924=CARTESIAN_POINT('',(0.380836012861736,0.0910450160771704,0.04));
#3925=CARTESIAN_POINT('',(0.380836012861736,0.0910450160771704,0.05));
#3926=CARTESIAN_POINT('',(0.418969015031255,0.14776785680433,0.04));
#3927=CARTESIAN_POINT('',(0.418969015031255,0.14776785680433,0.05));
#3928=CARTESIAN_POINT('',(0.56327571481286,0.124396390652157,0.04));
#3929=CARTESIAN_POINT('',(0.56327571481286,0.124396390652157,0.05));
#3930=CARTESIAN_POINT('',(0.538817525847717,-0.0237469017008013,0.04));
#3931=CARTESIAN_POINT('',(0.538817525847717,-0.0237469017008013,0.05));
#3932=CARTESIAN_POINT('',(0.542893890675241,-0.0865827469529268,0.04));
#3933=CARTESIAN_POINT('',(0.542893890675241,-0.0865827469529268,0.05));
#3934=CARTESIAN_POINT('',(0.542893890675241,-0.119405144694534,0.04));
#3935=CARTESIAN_POINT('',(0.542893890675241,-0.119405144694534,0.05));
#3936=CARTESIAN_POINT('',(0.380836012861736,0.0910450160771704,0.04));
#3937=CARTESIAN_POINT('',(0.398842443729904,0.117829581993569,0.04));
#3938=CARTESIAN_POINT('',(0.424951768488746,0.131334405144695,0.04));
#3939=CARTESIAN_POINT('',(0.47379421221865,0.131334405144695,0.04));
#3940=CARTESIAN_POINT('',(0.487299035369775,0.128633440514469,0.04));
#3941=CARTESIAN_POINT('',(0.49967845659164,0.123456591639871,0.04));
#3942=CARTESIAN_POINT('',(0.512137992244597,0.118246240366816,0.04));
#3943=CARTESIAN_POINT('',(0.521511254019292,0.111077170418006,0.04));
#3944=CARTESIAN_POINT('',(0.527588424437299,0.102524115755627,0.04));
#3945=CARTESIAN_POINT('',(0.533771868429114,0.0938214908782591,0.04));
#3946=CARTESIAN_POINT('',(0.538167202572347,0.0836173633440514,0.04));
#3947=CARTESIAN_POINT('',(0.540418006430868,0.0716881028938907,0.04));
#3948=CARTESIAN_POINT('',(0.5418664439775,0.0640113838967435,0.04));
#3949=CARTESIAN_POINT('',(0.542893890675241,0.0505305466237942,0.04));
#3950=CARTESIAN_POINT('',(0.542893890675241,0.0313987138263665,0.04));
#3951=CARTESIAN_POINT('',(0.542893890675241,-0.0188692390139336,0.04));
#3952=CARTESIAN_POINT('',(0.542893890675241,-0.0691371918542337,0.04));
#3953=CARTESIAN_POINT('',(0.542893890675241,-0.119405144694534,0.04));
#3954=CARTESIAN_POINT('',(0.542893890675241,-0.119405144694534,0.04));
#3955=CARTESIAN_POINT('',(0.542893890675241,-0.119405144694534,0.04));
#3956=CARTESIAN_POINT('',(0.542893890675241,-0.119405144694534,0.04));
#3957=CARTESIAN_POINT('',(0.542893890675241,-0.119405144694534,0.04));
#3958=CARTESIAN_POINT('',(0.52908896034298,-0.119405144694534,0.04));
#3959=CARTESIAN_POINT('',(0.515284030010718,-0.119405144694534,0.04));
#3960=CARTESIAN_POINT('',(0.501479099678457,-0.119405144694534,0.04));
#3961=CARTESIAN_POINT('',(0.501479099678457,-0.119405144694534,0.04));
#3962=CARTESIAN_POINT('',(0.501479099678457,-0.119405144694534,0.04));
#3963=CARTESIAN_POINT('',(0.501479099678457,-0.119405144694534,0.04));
#3964=CARTESIAN_POINT('',(0.501479099678457,-0.119405144694534,0.05));
#3965=CARTESIAN_POINT('',(0.501479099678457,-0.077852870043285,0.04));
#3966=CARTESIAN_POINT('',(0.501479099678457,-0.077852870043285,0.05));
#3967=CARTESIAN_POINT('',(0.496750831426328,-0.0195145457012969,0.04));
#3968=CARTESIAN_POINT('',(0.496750831426328,-0.0195145457012969,0.05));
#3969=CARTESIAN_POINT('',(0.509359546765338,0.0742302372942275,0.04));
#3970=CARTESIAN_POINT('',(0.509359546765338,0.0742302372942275,0.05));
#3971=CARTESIAN_POINT('',(0.444594179834871,0.103725022935182,0.04));
#3972=CARTESIAN_POINT('',(0.444594179834871,0.103725022935182,0.05));
#3973=CARTESIAN_POINT('',(0.393323456621917,0.0854382025078919,0.04));
#3974=CARTESIAN_POINT('',(0.393323456621917,0.0854382025078919,0.05));
#3975=CARTESIAN_POINT('',(0.379825861718169,-0.0263254459702239,0.04));
#3976=CARTESIAN_POINT('',(0.379825861718169,-0.0263254459702239,0.05));
#3977=CARTESIAN_POINT('',(0.384887459807074,-0.0778694318011172,0.04));
#3978=CARTESIAN_POINT('',(0.384887459807074,-0.0778694318011172,0.05));
#3979=CARTESIAN_POINT('',(0.384887459807074,-0.119405144694534,0.04));
#3980=CARTESIAN_POINT('',(0.384887459807074,-0.119405144694534,0.05));
#3981=CARTESIAN_POINT('',(0.501479099678457,-0.119405144694534,0.04));
#3982=CARTESIAN_POINT('',(0.501479099678457,-0.0695873526259379,0.04));
#3983=CARTESIAN_POINT('',(0.501479099678457,-0.0197695605573419,0.04));
#3984=CARTESIAN_POINT('',(0.501479099678457,0.030048231511254,0.04));
#3985=CARTESIAN_POINT('',(0.501479099678457,0.0469292604501608,0.04));
#3986=CARTESIAN_POINT('',(0.499903536977492,0.0595337620578778,0.04));
#3987=CARTESIAN_POINT('',(0.496752411575563,0.0680868167202572,0.04));
#3988=CARTESIAN_POINT('',(0.493647400203905,0.0765147047290407,0.04));
#3989=CARTESIAN_POINT('',(0.487749196141479,0.0831672025723473,0.04));
#3990=CARTESIAN_POINT('',(0.471093247588424,0.0930707395498392,0.04));
#3991=CARTESIAN_POINT('',(0.461414790996785,0.0955466237942122,0.04));
#3992=CARTESIAN_POINT('',(0.45016077170418,0.0957717041800643,0.04));
#3993=CARTESIAN_POINT('',(0.432391030725973,0.0961270989996284,0.04));
#3994=CARTESIAN_POINT('',(0.417073954983923,0.0899196141479099,0.04));
#3995=CARTESIAN_POINT('',(0.391414790996784,0.0674115755627009,0.04));
#3996=CARTESIAN_POINT('',(0.384887459807074,0.0460289389067524,0.04));
#3997=CARTESIAN_POINT('',(0.384887459807074,0.0147427652733119,0.04));
#3998=CARTESIAN_POINT('',(0.384887459807074,-0.02997320471597,0.04));
#3999=CARTESIAN_POINT('',(0.384887459807074,-0.0746891747052519,0.04));
#4000=CARTESIAN_POINT('',(0.384887459807074,-0.119405144694534,0.04));
#4001=CARTESIAN_POINT('',(0.539088907404301,0.0776121227736347,0.04));
#4002=CARTESIAN_POINT('',(0.806913183279743,0.125932475884244,0.04));
#4003=CARTESIAN_POINT('',(0.806913183279743,0.125932475884244,0.05));
#4004=CARTESIAN_POINT('',(0.806913183279743,0.079643485044478,0.04));
#4005=CARTESIAN_POINT('',(0.806913183279743,0.079643485044478,0.05));
#4006=CARTESIAN_POINT('',(0.802101831146277,-0.00731155561304455,0.04));
#4007=CARTESIAN_POINT('',(0.802101831146277,-0.00731155561304455,0.05));
#4008=CARTESIAN_POINT('',(0.823752915746871,-0.171481762731389,0.04));
#4009=CARTESIAN_POINT('',(0.823752915746871,-0.171481762731389,0.05));
#4010=CARTESIAN_POINT('',(0.69995694614995,-0.242838849954887,0.04));
#4011=CARTESIAN_POINT('',(0.69995694614995,-0.242838849954887,0.05));
#4012=CARTESIAN_POINT('',(0.597559147115602,-0.193707844749882,0.04));
#4013=CARTESIAN_POINT('',(0.597559147115602,-0.193707844749882,0.05));
#4014=CARTESIAN_POINT('',(0.598938906752411,-0.13943729903537,0.04));
#4015=CARTESIAN_POINT('',(0.598938906752411,-0.13943729903537,0.05));
#4016=CARTESIAN_POINT('',(0.806913183279743,0.125932475884244,0.04));
#4017=CARTESIAN_POINT('',(0.806913183279743,0.125932475884244,0.04));
#4018=CARTESIAN_POINT('',(0.806913183279743,0.125932475884244,0.04));
#4019=CARTESIAN_POINT('',(0.806913183279743,0.0552572347266881,0.04));
#4020=CARTESIAN_POINT('',(0.806913183279743,-0.0154180064308682,0.04));
#4021=CARTESIAN_POINT('',(0.806913183279743,-0.0860932475884244,0.04));
#4022=CARTESIAN_POINT('',(0.806913183279743,-0.124131832797428,0.04));
#4023=CARTESIAN_POINT('',(0.803086816720257,-0.151141479099678,0.04));
#4024=CARTESIAN_POINT('',(0.795209003215434,-0.167122186495177,0.04));
#4025=CARTESIAN_POINT('',(0.787375192818282,-0.183013630443685,0.04));
#4026=CARTESIAN_POINT('',(0.775176848874598,-0.195707395498392,0.04));
#4027=CARTESIAN_POINT('',(0.741414790996785,-0.214163987138264,0.04));
#4028=CARTESIAN_POINT('',(0.720707395498392,-0.218665594855305,0.04));
#4029=CARTESIAN_POINT('',(0.666688102893891,-0.218665594855305,0.04));
#4030=CARTESIAN_POINT('',(0.643054662379421,-0.212138263665595,0.04));
#4031=CARTESIAN_POINT('',(0.625048231511254,-0.199083601286174,0.04));
#4032=CARTESIAN_POINT('',(0.606934839050466,-0.185951391752102,0.04));
#4033=CARTESIAN_POINT('',(0.598263665594855,-0.165996784565916,0.04));
#4034=CARTESIAN_POINT('',(0.598938906752411,-0.13943729903537,0.04));
#4035=CARTESIAN_POINT('',(0.598938906752411,-0.13943729903537,0.04));
#4036=CARTESIAN_POINT('',(0.598938906752411,-0.13943729903537,0.04));
#4037=CARTESIAN_POINT('',(0.598938906752411,-0.13943729903537,0.04));
#4038=CARTESIAN_POINT('',(0.598938906752411,-0.13943729903537,0.04));
#4039=CARTESIAN_POINT('',(0.612443729903537,-0.141237942122187,0.04));
#4040=CARTESIAN_POINT('',(0.625948553054662,-0.143038585209003,0.04));
#4041=CARTESIAN_POINT('',(0.639453376205788,-0.14483922829582,0.04));
#4042=CARTESIAN_POINT('',(0.639453376205788,-0.14483922829582,0.04));
#4043=CARTESIAN_POINT('',(0.639453376205788,-0.14483922829582,0.04));
#4044=CARTESIAN_POINT('',(0.639453376205788,-0.14483922829582,0.04));
#4045=CARTESIAN_POINT('',(0.639453376205788,-0.14483922829582,0.05));
#4046=CARTESIAN_POINT('',(0.644767740667722,-0.188113338914421,0.04));
#4047=CARTESIAN_POINT('',(0.644767740667722,-0.188113338914421,0.05));
#4048=CARTESIAN_POINT('',(0.761449304478539,-0.190189270096575,0.04));
#4049=CARTESIAN_POINT('',(0.761449304478539,-0.190189270096575,0.05));
#4050=CARTESIAN_POINT('',(0.76572347266881,-0.142732228928861,0.04));
#4051=CARTESIAN_POINT('',(0.76572347266881,-0.142732228928861,0.05));
#4052=CARTESIAN_POINT('',(0.76572347266881,-0.0876688102893891,0.04));
#4053=CARTESIAN_POINT('',(0.76572347266881,-0.0876688102893891,0.05));
#4054=CARTESIAN_POINT('',(0.639453376205788,-0.14483922829582,0.04));
#4055=CARTESIAN_POINT('',(0.641028938906753,-0.157668810289389,0.04));
#4056=CARTESIAN_POINT('',(0.645755627009646,-0.166897106109325,0.04));
#4057=CARTESIAN_POINT('',(0.65363344051447,-0.172749196141479,0.04));
#4058=CARTESIAN_POINT('',(0.664076412651321,-0.180506832585997,0.04));
#4059=CARTESIAN_POINT('',(0.678167202572347,-0.18467845659164,0.04));
#4060=CARTESIAN_POINT('',(0.715755627009646,-0.18467845659164,0.04));
#4061=CARTESIAN_POINT('',(0.730610932475884,-0.180852090032154,0.04));
#4062=CARTESIAN_POINT('',(0.751768488745981,-0.165546623794212,0.04));
#4063=CARTESIAN_POINT('',(0.758971061093248,-0.154742765273312,0.04));
#4064=CARTESIAN_POINT('',(0.762572347266881,-0.140787781350482,0.04));
#4065=CARTESIAN_POINT('',(0.764727848796172,-0.132435212924476,0.04));
#4066=CARTESIAN_POINT('',(0.76572347266881,-0.11467845659164,0.04));
#4067=CARTESIAN_POINT('',(0.76572347266881,-0.0876688102893891,0.04));
#4068=CARTESIAN_POINT('',(0.76572347266881,-0.0876688102893891,0.04));
#4069=CARTESIAN_POINT('',(0.76572347266881,-0.0876688102893891,0.04));
#4070=CARTESIAN_POINT('',(0.76572347266881,-0.0876688102893891,0.04));
#4071=CARTESIAN_POINT('',(0.76572347266881,-0.0876688102893891,0.05));
#4072=CARTESIAN_POINT('',(0.732792604785922,-0.125820425519564,0.04));
#4073=CARTESIAN_POINT('',(0.732792604785922,-0.125820425519564,0.05));
#4074=CARTESIAN_POINT('',(0.62471819829371,-0.12834906530411,0.04));
#4075=CARTESIAN_POINT('',(0.62471819829371,-0.12834906530411,0.05));
#4076=CARTESIAN_POINT('',(0.572592557407915,0.00590595293898203,0.04));
#4077=CARTESIAN_POINT('',(0.572592557407915,0.00590595293898203,0.05));
#4078=CARTESIAN_POINT('',(0.631354002689997,0.145832620146638,0.04));
#4079=CARTESIAN_POINT('',(0.631354002689997,0.145832620146638,0.05));
#4080=CARTESIAN_POINT('',(0.73858345119628,0.134479689220085,0.04));
#4081=CARTESIAN_POINT('',(0.73858345119628,0.134479689220085,0.05));
#4082=CARTESIAN_POINT('',(0.769549839228296,0.0957717041800643,0.04));
#4083=CARTESIAN_POINT('',(0.769549839228296,0.0957717041800643,0.05));
#4084=CARTESIAN_POINT('',(0.76572347266881,-0.0876688102893891,0.04));
#4085=CARTESIAN_POINT('',(0.747266881028939,-0.109051446945338,0.04));
#4086=CARTESIAN_POINT('',(0.724533762057878,-0.119405144694534,0.04));
#4087=CARTESIAN_POINT('',(0.663536977491961,-0.119405144694534,0.04));
#4088=CARTESIAN_POINT('',(0.637427652733119,-0.107475884244373,0.04));
#4089=CARTESIAN_POINT('',(0.618745980707395,-0.0829421221864952,0.04));
#4090=CARTESIAN_POINT('',(0.600255405166964,-0.0586593181635197,0.04));
#4091=CARTESIAN_POINT('',(0.591061093247588,-0.0295980707395499,0.04));
#4092=CARTESIAN_POINT('',(0.591061093247588,0.0277974276527331,0.04));
#4093=CARTESIAN_POINT('',(0.595112540192926,0.0494051446945337,0.04));
#4094=CARTESIAN_POINT('',(0.603665594855306,0.0694372990353698,0.04));
#4095=CARTESIAN_POINT('',(0.612056082114599,0.0890887034058192,0.04));
#4096=CARTESIAN_POINT('',(0.62459807073955,0.104324758842444,0.04));
#4097=CARTESIAN_POINT('',(0.657009646302251,0.125932475884244,0.04));
#4098=CARTESIAN_POINT('',(0.675916398713826,0.131334405144695,0.04));
#4099=CARTESIAN_POINT('',(0.726784565916399,0.131334405144695,0.04));
#4100=CARTESIAN_POINT('',(0.75064308681672,0.119405144694534,0.04));
#4101=CARTESIAN_POINT('',(0.769549839228296,0.0957717041800643,0.04));
#4102=CARTESIAN_POINT('',(0.769549839228296,0.0957717041800643,0.04));
#4103=CARTESIAN_POINT('',(0.769549839228296,0.0957717041800643,0.04));
#4104=CARTESIAN_POINT('',(0.769549839228296,0.0957717041800643,0.04));
#4105=CARTESIAN_POINT('',(0.769549839228296,0.0957717041800643,0.04));
#4106=CARTESIAN_POINT('',(0.769549839228296,0.105825294748124,0.04));
#4107=CARTESIAN_POINT('',(0.769549839228296,0.115878885316184,0.04));
#4108=CARTESIAN_POINT('',(0.769549839228296,0.125932475884244,0.04));
#4109=CARTESIAN_POINT('',(0.769549839228296,0.125932475884244,0.04));
#4110=CARTESIAN_POINT('',(0.769549839228296,0.125932475884244,0.04));
#4111=CARTESIAN_POINT('',(0.642809801394527,0.0780578902516233,0.04));
#4112=CARTESIAN_POINT('',(0.642809801394527,0.0780578902516233,0.05));
#4113=CARTESIAN_POINT('',(0.624570667831673,0.00627282892554853,0.04));
#4114=CARTESIAN_POINT('',(0.624570667831673,0.00627282892554853,0.05));
#4115=CARTESIAN_POINT('',(0.663105933340753,-0.0997552433799525,0.04));
#4116=CARTESIAN_POINT('',(0.663105933340753,-0.0997552433799525,0.05));
#4117=CARTESIAN_POINT('',(0.774008135864673,-0.0780575793691423,0.04));
#4118=CARTESIAN_POINT('',(0.774008135864673,-0.0780575793691423,0.05));
#4119=CARTESIAN_POINT('',(0.78512485838924,0.056884308544924,0.04));
#4120=CARTESIAN_POINT('',(0.78512485838924,0.056884308544924,0.05));
#4121=CARTESIAN_POINT('',(0.706462283123233,0.107026828782887,0.04));
#4122=CARTESIAN_POINT('',(0.706462283123233,0.107026828782887,0.05));
#4123=CARTESIAN_POINT('',(0.642809801394527,0.0780578902516233,0.04));
#4124=CARTESIAN_POINT('',(0.642809801394527,0.0780578902516233,0.05));
#4125=CARTESIAN_POINT('',(0.624570667831673,0.00627282892554853,0.04));
#4126=CARTESIAN_POINT('',(0.624570667831673,0.00627282892554853,0.05));
#4127=CARTESIAN_POINT('',(0.663105933340753,-0.0997552433799525,0.04));
#4128=CARTESIAN_POINT('',(0.663105933340753,-0.0997552433799525,0.05));
#4129=CARTESIAN_POINT('',(0.633826366559485,0.00754019292604501,0.04));
#4130=CARTESIAN_POINT('',(0.633826366559485,-0.0248713826366559,0.04));
#4131=CARTESIAN_POINT('',(0.640128617363344,-0.0482797427652733,0.04));
#4132=CARTESIAN_POINT('',(0.665787781350482,-0.0779903536977492,0.04));
#4133=CARTESIAN_POINT('',(0.681993569131833,-0.0854180064308682,0.04));
#4134=CARTESIAN_POINT('',(0.72048231511254,-0.0854180064308682,0.04));
#4135=CARTESIAN_POINT('',(0.736463022508039,-0.0779903536977492,0.04));
#4136=CARTESIAN_POINT('',(0.749292604501608,-0.0633601286173634,0.04));
#4137=CARTESIAN_POINT('',(0.762331607020092,-0.0484910906576884,0.04));
#4138=CARTESIAN_POINT('',(0.76887459807074,-0.0253215434083601,0.04));
#4139=CARTESIAN_POINT('',(0.76887459807074,0.0363504823151125,0.04));
#4140=CARTESIAN_POINT('',(0.762122186495177,0.0588585209003215,0.04));
#4141=CARTESIAN_POINT('',(0.748842443729903,0.0743890675241157,0.04));
#4142=CARTESIAN_POINT('',(0.735673875709935,0.0897895962254344,0.04));
#4143=CARTESIAN_POINT('',(0.71935691318328,0.0971221864951768,0.04));
#4144=CARTESIAN_POINT('',(0.700450160771704,0.097347266881029,0.04));
#4145=CARTESIAN_POINT('',(0.681998863639988,0.0975669251802161,0.04));
#4146=CARTESIAN_POINT('',(0.666237942122187,0.0896945337620579,0.04));
#4147=CARTESIAN_POINT('',(0.653183279742765,0.0746141479099678,0.04));
#4148=CARTESIAN_POINT('',(0.640225035346026,0.0596451414516665,0.04));
#4149=CARTESIAN_POINT('',(0.633826366559485,0.0372508038585209,0.04));
#4150=CARTESIAN_POINT('',(0.633826366559485,0.00754019292604501,0.04));
#4151=CARTESIAN_POINT('',(0.633826366559485,0.00754019292604501,0.04));
#4152=CARTESIAN_POINT('',(0.633826366559485,0.00754019292604501,0.05));
#4153=CARTESIAN_POINT('',(0.633826366559485,-0.0248713826366559,0.05));
#4154=CARTESIAN_POINT('',(0.640128617363344,-0.0482797427652733,0.05));
#4155=CARTESIAN_POINT('',(0.665787781350482,-0.0779903536977492,0.05));
#4156=CARTESIAN_POINT('',(0.681993569131833,-0.0854180064308682,0.05));
#4157=CARTESIAN_POINT('',(0.72048231511254,-0.0854180064308682,0.05));
#4158=CARTESIAN_POINT('',(0.736463022508039,-0.0779903536977492,0.05));
#4159=CARTESIAN_POINT('',(0.749292604501608,-0.0633601286173634,0.05));
#4160=CARTESIAN_POINT('',(0.762331607020092,-0.0484910906576884,0.05));
#4161=CARTESIAN_POINT('',(0.76887459807074,-0.0253215434083601,0.05));
#4162=CARTESIAN_POINT('',(0.76887459807074,0.0363504823151125,0.05));
#4163=CARTESIAN_POINT('',(0.762122186495177,0.0588585209003215,0.05));
#4164=CARTESIAN_POINT('',(0.748842443729903,0.0743890675241157,0.05));
#4165=CARTESIAN_POINT('',(0.735673875709935,0.0897895962254344,0.05));
#4166=CARTESIAN_POINT('',(0.71935691318328,0.0971221864951768,0.05));
#4167=CARTESIAN_POINT('',(0.700450160771704,0.097347266881029,0.05));
#4168=CARTESIAN_POINT('',(0.681998863639988,0.0975669251802161,0.05));
#4169=CARTESIAN_POINT('',(0.666237942122187,0.0896945337620579,0.05));
#4170=CARTESIAN_POINT('',(0.653183279742765,0.0746141479099678,0.05));
#4171=CARTESIAN_POINT('',(0.640225035346026,0.0596451414516665,0.05));
#4172=CARTESIAN_POINT('',(0.633826366559485,0.0372508038585209,0.05));
#4173=CARTESIAN_POINT('',(0.633826366559485,0.00754019292604501,0.05));
#4174=CARTESIAN_POINT('',(0.633826366559485,0.00754019292604501,0.05));
#4175=CARTESIAN_POINT('',(0.769549839228296,0.125932475884244,0.04));
#4176=CARTESIAN_POINT('',(0.769549839228296,0.125932475884244,0.04));
#4177=CARTESIAN_POINT('',(0.782004287245445,0.125932475884244,0.04));
#4178=CARTESIAN_POINT('',(0.794458735262593,0.125932475884244,0.04));
#4179=CARTESIAN_POINT('',(0.806913183279743,0.125932475884244,0.04));
#4180=CARTESIAN_POINT('',(0.799511740047286,-0.156012909415581,0.04));
#4181=CARTESIAN_POINT('',(0.,0.,0.05));
#4182=CARTESIAN_POINT('',(-7.04731412115578E-16,-3.14418630020796E-15,0.5));
#4183=MECHANICAL_DESIGN_GEOMETRIC_PRESENTATION_REPRESENTATION('',(#1811,
#1812,#1813,#1814,#1815,#1816,#1817,#1818,#1819,#1820,#1821,#1822,#1823,
#1824,#1825,#1826,#1827,#1828,#1829,#1830,#1831,#1832,#1833,#1834,#1835,
#1836,#1837,#1838,#1839,#1840,#1841,#1842,#1843,#1844,#1845,#1846,#1847,
#1848,#1849,#1850,#1851,#1852,#1853,#1854,#1855,#1856,#1857,#1858,#1859,
#1860,#1861,#1862,#1863,#1864,#1865,#1866,#1867,#1868,#1869,#1870,#1871,
#1872,#1873,#1874,#1875,#1876,#1877,#1878,#1879,#1880,#1881,#1882,#1883,
#1884,#1885,#1886,#1887,#1888,#1889,#1890,#1891),#4184);
#4184=(
GEOMETRIC_REPRESENTATION_CONTEXT(3)
GLOBAL_UNCERTAINTY_ASSIGNED_CONTEXT((#4188))
GLOBAL_UNIT_ASSIGNED_CONTEXT((#4194,#4193,#4192))
REPRESENTATION_CONTEXT('0612','TOP_LEVEL_ASSEMBLY_PART')
);
#4185=(
GEOMETRIC_REPRESENTATION_CONTEXT(3)
GLOBAL_UNCERTAINTY_ASSIGNED_CONTEXT((#4189))
GLOBAL_UNIT_ASSIGNED_CONTEXT((#4194,#4193,#4192))
REPRESENTATION_CONTEXT('Body','COMPONENT_PART')
);
#4186=(
GEOMETRIC_REPRESENTATION_CONTEXT(3)
GLOBAL_UNCERTAINTY_ASSIGNED_CONTEXT((#4190))
GLOBAL_UNIT_ASSIGNED_CONTEXT((#4194,#4193,#4192))
REPRESENTATION_CONTEXT('Pins','COMPONENT_PART')
);
#4187=(
GEOMETRIC_REPRESENTATION_CONTEXT(3)
GLOBAL_UNCERTAINTY_ASSIGNED_CONTEXT((#4191))
GLOBAL_UNIT_ASSIGNED_CONTEXT((#4194,#4193,#4192))
REPRESENTATION_CONTEXT('Cover','COMPONENT_PART')
);
#4188=UNCERTAINTY_MEASURE_WITH_UNIT(LENGTH_MEASURE(0.005),#4194,
'DISTANCE_ACCURACY_VALUE','Maximum Tolerance applied to model');
#4189=UNCERTAINTY_MEASURE_WITH_UNIT(LENGTH_MEASURE(0.005),#4194,
'DISTANCE_ACCURACY_VALUE','Maximum Tolerance applied to model');
#4190=UNCERTAINTY_MEASURE_WITH_UNIT(LENGTH_MEASURE(0.005),#4194,
'DISTANCE_ACCURACY_VALUE','Maximum Tolerance applied to model');
#4191=UNCERTAINTY_MEASURE_WITH_UNIT(LENGTH_MEASURE(0.005),#4194,
'DISTANCE_ACCURACY_VALUE','Maximum Tolerance applied to model');
#4192=(
NAMED_UNIT(*)
SI_UNIT($,.STERADIAN.)
SOLID_ANGLE_UNIT()
);
#4193=(
NAMED_UNIT(*)
PLANE_ANGLE_UNIT()
SI_UNIT($,.RADIAN.)
);
#4194=(
LENGTH_UNIT()
NAMED_UNIT(*)
SI_UNIT(.MILLI.,.METRE.)
);
#4195=PRODUCT_DEFINITION_SHAPE('','',#4202);
#4196=PRODUCT_DEFINITION_SHAPE('','',#4203);
#4197=PRODUCT_DEFINITION_SHAPE(' ','NAUO PRDDFN',#161);
#4198=PRODUCT_DEFINITION_SHAPE('','',#4204);
#4199=PRODUCT_DEFINITION_SHAPE(' ','NAUO PRDDFN',#162);
#4200=PRODUCT_DEFINITION_SHAPE('','',#4205);
#4201=PRODUCT_DEFINITION_SHAPE(' ','NAUO PRDDFN',#163);
#4202=PRODUCT_DEFINITION('','',#4210,#4206);
#4203=PRODUCT_DEFINITION('','',#4211,#4207);
#4204=PRODUCT_DEFINITION('','',#4212,#4208);
#4205=PRODUCT_DEFINITION('','',#4213,#4209);
#4206=PRODUCT_DEFINITION_CONTEXT('',#4231,'design');
#4207=PRODUCT_DEFINITION_CONTEXT('',#4231,'design');
#4208=PRODUCT_DEFINITION_CONTEXT('',#4231,'design');
#4209=PRODUCT_DEFINITION_CONTEXT('',#4231,'design');
#4210=PRODUCT_DEFINITION_FORMATION_WITH_SPECIFIED_SOURCE('','',#4218,
 .NOT_KNOWN.);
#4211=PRODUCT_DEFINITION_FORMATION_WITH_SPECIFIED_SOURCE('','',#4219,
 .NOT_KNOWN.);
#4212=PRODUCT_DEFINITION_FORMATION_WITH_SPECIFIED_SOURCE('','',#4220,
 .NOT_KNOWN.);
#4213=PRODUCT_DEFINITION_FORMATION_WITH_SPECIFIED_SOURCE('','',#4221,
 .NOT_KNOWN.);
#4214=PRODUCT_RELATED_PRODUCT_CATEGORY('','',(#4218));
#4215=PRODUCT_RELATED_PRODUCT_CATEGORY('','',(#4219));
#4216=PRODUCT_RELATED_PRODUCT_CATEGORY('','',(#4220));
#4217=PRODUCT_RELATED_PRODUCT_CATEGORY('','',(#4221));
#4218=PRODUCT('0612','0612','0612',(#4226));
#4219=PRODUCT('Body','Body','Body',(#4227));
#4220=PRODUCT('Pins','Pins','Pins',(#4228));
#4221=PRODUCT('Cover','Cover','Cover',(#4229));
#4222=PRODUCT_CATEGORY('','');
#4223=PRODUCT_CATEGORY('','');
#4224=PRODUCT_CATEGORY('','');
#4225=PRODUCT_CATEGORY('','');
#4226=PRODUCT_CONTEXT('',#4231,'mechanical');
#4227=PRODUCT_CONTEXT('',#4231,'mechanical');
#4228=PRODUCT_CONTEXT('',#4231,'mechanical');
#4229=PRODUCT_CONTEXT('',#4231,'mechanical');
#4230=APPLICATION_PROTOCOL_DEFINITION('international standard',
'automotive_design',2010,#4231);
#4231=APPLICATION_CONTEXT(
'core data for automotive mechanical design processes');
ENDSEC;
END-ISO-10303-21;
